State,Year,Month,Crime Description,Crime Count,Month_sin,Month_cos,Lag_1,Lag_3,Rolling_Mean_3
Andhra Pradesh,2024,1,ARSON,1,0.49999999999999994,0.8660254037844387,2.0,1.0,1.6666666666666667
Andhra Pradesh,2024,1,ASSAULT,1,0.49999999999999994,0.8660254037844387,2.0,2.0,2.0
Andhra Pradesh,2024,1,BURGLARY,1,0.49999999999999994,0.8660254037844387,1.0,2.0,1.3333333333333333
Andhra Pradesh,2024,1,COUNTERFEITING,1,0.49999999999999994,0.8660254037844387,1.0,1.0,1.3333333333333333
Andhra Pradesh,2024,1,CYBERCRIME,1,0.49999999999999994,0.8660254037844387,1.0,1.0,1.0
Andhra Pradesh,2024,1,DOMESTIC VIOLENCE,1,0.49999999999999994,0.8660254037844387,2.0,1.0,1.3333333333333333
Andhra Pradesh,2024,1,DRUG OFFENSE,1,0.49999999999999994,0.8660254037844387,2.0,2.0,2.0
Andhra Pradesh,2024,1,EXTORTION,1,0.49999999999999994,0.8660254037844387,1.0,1.0,1.0
Andhra Pradesh,2024,1,FIREARM OFFENSE,1,0.49999999999999994,0.8660254037844387,1.0,1.0,1.0
Andhra Pradesh,2024,1,FRAUD,1,0.49999999999999994,0.8660254037844387,1.0,1.0,1.0
Andhra Pradesh,2024,1,HOMICIDE,1,0.49999999999999994,0.8660254037844387,1.0,2.0,1.3333333333333333
Andhra Pradesh,2024,1,IDENTITY THEFT,1,0.49999999999999994,0.8660254037844387,1.0,1.0,1.3333333333333333
Andhra Pradesh,2024,1,ILLEGAL POSSESSION,1,0.49999999999999994,0.8660254037844387,1.0,2.0,1.3333333333333333
Andhra Pradesh,2024,1,KIDNAPPING,1,0.49999999999999994,0.8660254037844387,1.0,1.0,1.0
Andhra Pradesh,2024,1,PUBLIC INTOXICATION,1,0.49999999999999994,0.8660254037844387,1.0,1.0,1.0
Andhra Pradesh,2024,1,ROBBERY,1,0.49999999999999994,0.8660254037844387,1.0,1.0,1.0
Andhra Pradesh,2024,1,SEXUAL ASSAULT,1,0.49999999999999994,0.8660254037844387,1.0,1.0,1.0
Andhra Pradesh,2024,1,SHOPLIFTING,1,0.49999999999999994,0.8660254037844387,1.0,1.0,1.0
Andhra Pradesh,2024,1,TRAFFIC VIOLATION,1,0.49999999999999994,0.8660254037844387,1.0,1.0,1.0
Andhra Pradesh,2024,1,VANDALISM,1,0.49999999999999994,0.8660254037844387,1.0,3.0,1.6666666666666667
Andhra Pradesh,2024,1,VEHICLE - STOLEN,1,0.49999999999999994,0.8660254037844387,2.0,1.0,1.3333333333333333
Bihar,2024,1,ARSON,1,0.49999999999999994,0.8660254037844387,1.0,2.0,1.6666666666666667
Bihar,2024,1,ASSAULT,1,0.49999999999999994,0.8660254037844387,1.0,2.0,1.3333333333333333
Bihar,2024,1,BURGLARY,1,0.49999999999999994,0.8660254037844387,1.0,1.0,1.0
Bihar,2024,1,COUNTERFEITING,1,0.49999999999999994,0.8660254037844387,1.0,1.0,1.0
Bihar,2024,1,CYBERCRIME,1,0.49999999999999994,0.8660254037844387,2.0,1.0,1.3333333333333333
Bihar,2024,1,DOMESTIC VIOLENCE,1,0.49999999999999994,0.8660254037844387,1.0,1.0,1.0
Bihar,2024,1,DRUG OFFENSE,1,0.49999999999999994,0.8660254037844387,1.0,1.0,1.6666666666666667
Bihar,2024,1,EXTORTION,1,0.49999999999999994,0.8660254037844387,1.0,1.0,1.3333333333333333
Bihar,2024,1,FIREARM OFFENSE,1,0.49999999999999994,0.8660254037844387,2.0,1.0,1.3333333333333333
Bihar,2024,1,FRAUD,1,0.49999999999999994,0.8660254037844387,1.0,1.0,1.3333333333333333
Bihar,2024,1,HOMICIDE,1,0.49999999999999994,0.8660254037844387,1.0,1.0,1.0
Bihar,2024,1,IDENTITY THEFT,1,0.49999999999999994,0.8660254037844387,1.0,1.0,1.0
Bihar,2024,1,ILLEGAL POSSESSION,1,0.49999999999999994,0.8660254037844387,1.0,2.0,1.3333333333333333
Bihar,2024,1,KIDNAPPING,1,0.49999999999999994,0.8660254037844387,1.0,1.0,1.0
Bihar,2024,1,PUBLIC INTOXICATION,1,0.49999999999999994,0.8660254037844387,1.0,1.0,1.0
Bihar,2024,1,ROBBERY,1,0.49999999999999994,0.8660254037844387,1.0,1.0,1.0
Bihar,2024,1,SEXUAL ASSAULT,1,0.49999999999999994,0.8660254037844387,3.0,2.0,2.0
Bihar,2024,1,SHOPLIFTING,1,0.49999999999999994,0.8660254037844387,1.0,1.0,1.3333333333333333
Bihar,2024,1,TRAFFIC VIOLATION,1,0.49999999999999994,0.8660254037844387,1.0,1.0,1.0
Bihar,2024,1,VANDALISM,1,0.49999999999999994,0.8660254037844387,2.0,2.0,1.6666666666666667
Bihar,2024,1,VEHICLE - STOLEN,1,0.49999999999999994,0.8660254037844387,1.0,1.0,1.0
Delhi,2024,1,ARSON,4,0.49999999999999994,0.8660254037844387,3.0,5.0,6.0
Delhi,2024,1,ASSAULT,4,0.49999999999999994,0.8660254037844387,2.0,5.0,2.6666666666666665
Delhi,2024,1,BURGLARY,4,0.49999999999999994,0.8660254037844387,5.0,1.0,3.3333333333333335
Delhi,2024,1,COUNTERFEITING,4,0.49999999999999994,0.8660254037844387,3.0,5.0,4.333333333333333
Delhi,2024,1,CYBERCRIME,4,0.49999999999999994,0.8660254037844387,6.0,1.0,4.333333333333333
Delhi,2024,1,DOMESTIC VIOLENCE,4,0.49999999999999994,0.8660254037844387,1.0,6.0,2.6666666666666665
Delhi,2024,1,DRUG OFFENSE,4,0.49999999999999994,0.8660254037844387,4.0,8.0,4.666666666666667
Delhi,2024,1,EXTORTION,4,0.49999999999999994,0.8660254037844387,3.0,4.0,4.333333333333333
Delhi,2024,1,FIREARM OFFENSE,4,0.49999999999999994,0.8660254037844387,1.0,6.0,4.666666666666667
Delhi,2024,1,FRAUD,5,0.49999999999999994,0.8660254037844387,3.0,9.0,6.0
Delhi,2024,1,HOMICIDE,4,0.49999999999999994,0.8660254037844387,5.0,1.0,3.6666666666666665
Delhi,2024,1,IDENTITY THEFT,4,0.49999999999999994,0.8660254037844387,8.0,5.0,6.666666666666667
Delhi,2024,1,ILLEGAL POSSESSION,4,0.49999999999999994,0.8660254037844387,7.0,4.0,5.333333333333333
Delhi,2024,1,KIDNAPPING,4,0.49999999999999994,0.8660254037844387,6.0,7.0,5.666666666666667
Delhi,2024,1,PUBLIC INTOXICATION,4,0.49999999999999994,0.8660254037844387,3.0,3.0,3.3333333333333335
Delhi,2024,1,ROBBERY,4,0.49999999999999994,0.8660254037844387,1.0,5.0,3.6666666666666665
Delhi,2024,1,SEXUAL ASSAULT,4,0.49999999999999994,0.8660254037844387,6.0,4.0,4.0
Delhi,2024,1,SHOPLIFTING,4,0.49999999999999994,0.8660254037844387,4.0,3.0,4.666666666666667
Delhi,2024,1,TRAFFIC VIOLATION,4,0.49999999999999994,0.8660254037844387,6.0,3.0,4.333333333333333
Delhi,2024,1,VANDALISM,4,0.49999999999999994,0.8660254037844387,4.0,6.0,4.666666666666667
Delhi,2024,1,VEHICLE - STOLEN,4,0.49999999999999994,0.8660254037844387,1.0,6.0,4.666666666666667
Gujarat,2024,1,ARSON,3,0.49999999999999994,0.8660254037844387,2.0,4.0,3.0
Gujarat,2024,1,ASSAULT,3,0.49999999999999994,0.8660254037844387,3.0,3.0,3.6666666666666665
Gujarat,2024,1,BURGLARY,3,0.49999999999999994,0.8660254037844387,3.0,1.0,3.3333333333333335
Gujarat,2024,1,COUNTERFEITING,3,0.49999999999999994,0.8660254037844387,1.0,3.0,1.6666666666666667
Gujarat,2024,1,CYBERCRIME,3,0.49999999999999994,0.8660254037844387,1.0,3.0,3.0
Gujarat,2024,1,DOMESTIC VIOLENCE,3,0.49999999999999994,0.8660254037844387,3.0,4.0,3.0
Gujarat,2024,1,DRUG OFFENSE,3,0.49999999999999994,0.8660254037844387,2.0,5.0,3.0
Gujarat,2024,1,EXTORTION,3,0.49999999999999994,0.8660254037844387,1.0,3.0,2.6666666666666665
Gujarat,2024,1,FIREARM OFFENSE,3,0.49999999999999994,0.8660254037844387,2.0,2.0,2.0
Gujarat,2024,1,FRAUD,3,0.49999999999999994,0.8660254037844387,4.0,4.0,3.3333333333333335
Gujarat,2024,1,HOMICIDE,3,0.49999999999999994,0.8660254037844387,3.0,1.0,1.6666666666666667
Gujarat,2024,1,IDENTITY THEFT,3,0.49999999999999994,0.8660254037844387,4.0,3.0,3.0
Gujarat,2024,1,ILLEGAL POSSESSION,3,0.49999999999999994,0.8660254037844387,5.0,2.0,3.6666666666666665
Gujarat,2024,1,KIDNAPPING,3,0.49999999999999994,0.8660254037844387,6.0,1.0,3.6666666666666665
Gujarat,2024,1,PUBLIC INTOXICATION,3,0.49999999999999994,0.8660254037844387,2.0,3.0,2.6666666666666665
Gujarat,2024,1,ROBBERY,3,0.49999999999999994,0.8660254037844387,3.0,4.0,2.6666666666666665
Gujarat,2024,1,SEXUAL ASSAULT,3,0.49999999999999994,0.8660254037844387,4.0,2.0,2.6666666666666665
Gujarat,2024,1,SHOPLIFTING,3,0.49999999999999994,0.8660254037844387,2.0,3.0,2.0
Gujarat,2024,1,TRAFFIC VIOLATION,3,0.49999999999999994,0.8660254037844387,4.0,1.0,2.3333333333333335
Gujarat,2024,1,VANDALISM,3,0.49999999999999994,0.8660254037844387,2.0,7.0,4.333333333333333
Gujarat,2024,1,VEHICLE - STOLEN,3,0.49999999999999994,0.8660254037844387,2.0,2.0,2.3333333333333335
Haryana,2024,1,ARSON,1,0.49999999999999994,0.8660254037844387,1.0,1.0,1.0
Haryana,2024,1,ASSAULT,1,0.49999999999999994,0.8660254037844387,1.0,2.0,1.3333333333333333
Haryana,2024,1,BURGLARY,1,0.49999999999999994,0.8660254037844387,1.0,1.0,1.0
Haryana,2024,1,COUNTERFEITING,1,0.49999999999999994,0.8660254037844387,1.0,1.0,1.0
Haryana,2024,1,CYBERCRIME,1,0.49999999999999994,0.8660254037844387,2.0,2.0,1.6666666666666667
Haryana,2024,1,DOMESTIC VIOLENCE,1,0.49999999999999994,0.8660254037844387,1.0,2.0,1.3333333333333333
Haryana,2024,1,DRUG OFFENSE,1,0.49999999999999994,0.8660254037844387,1.0,2.0,1.3333333333333333
Haryana,2024,1,EXTORTION,1,0.49999999999999994,0.8660254037844387,2.0,1.0,1.6666666666666667
Haryana,2024,1,FIREARM OFFENSE,1,0.49999999999999994,0.8660254037844387,1.0,1.0,1.0
Haryana,2024,1,FRAUD,1,0.49999999999999994,0.8660254037844387,1.0,1.0,1.0
Haryana,2024,1,HOMICIDE,1,0.49999999999999994,0.8660254037844387,1.0,1.0,1.3333333333333333
Haryana,2024,1,IDENTITY THEFT,1,0.49999999999999994,0.8660254037844387,1.0,1.0,1.6666666666666667
Haryana,2024,1,ILLEGAL POSSESSION,1,0.49999999999999994,0.8660254037844387,1.0,1.0,1.0
Haryana,2024,1,KIDNAPPING,1,0.49999999999999994,0.8660254037844387,1.0,2.0,2.3333333333333335
Haryana,2024,1,PUBLIC INTOXICATION,1,0.49999999999999994,0.8660254037844387,2.0,1.0,1.3333333333333333
Haryana,2024,1,ROBBERY,1,0.49999999999999994,0.8660254037844387,1.0,1.0,1.3333333333333333
Haryana,2024,1,SEXUAL ASSAULT,1,0.49999999999999994,0.8660254037844387,1.0,1.0,1.0
Haryana,2024,1,SHOPLIFTING,1,0.49999999999999994,0.8660254037844387,1.0,1.0,1.0
Haryana,2024,1,TRAFFIC VIOLATION,1,0.49999999999999994,0.8660254037844387,1.0,1.0,1.3333333333333333
Haryana,2024,1,VANDALISM,1,0.49999999999999994,0.8660254037844387,1.0,1.0,1.0
Haryana,2024,1,VEHICLE - STOLEN,1,0.49999999999999994,0.8660254037844387,1.0,1.0,1.0
Jammu and Kashmir,2024,1,ARSON,1,0.49999999999999994,0.8660254037844387,1.0,1.0,1.0
Jammu and Kashmir,2024,1,ASSAULT,1,0.49999999999999994,0.8660254037844387,1.0,3.0,1.6666666666666667
Jammu and Kashmir,2024,1,BURGLARY,1,0.49999999999999994,0.8660254037844387,1.0,1.0,1.0
Jammu and Kashmir,2024,1,COUNTERFEITING,1,0.49999999999999994,0.8660254037844387,1.0,1.0,1.0
Jammu and Kashmir,2024,1,CYBERCRIME,1,0.49999999999999994,0.8660254037844387,1.0,1.0,1.0
Jammu and Kashmir,2024,1,DOMESTIC VIOLENCE,1,0.49999999999999994,0.8660254037844387,1.0,1.0,1.0
Jammu and Kashmir,2024,1,DRUG OFFENSE,1,0.49999999999999994,0.8660254037844387,1.0,1.0,1.0
Jammu and Kashmir,2024,1,EXTORTION,1,0.49999999999999994,0.8660254037844387,1.0,2.0,1.3333333333333333
Jammu and Kashmir,2024,1,FIREARM OFFENSE,1,0.49999999999999994,0.8660254037844387,1.0,1.0,1.0
Jammu and Kashmir,2024,1,FRAUD,1,0.49999999999999994,0.8660254037844387,1.0,1.0,1.0
Jammu and Kashmir,2024,1,HOMICIDE,1,0.49999999999999994,0.8660254037844387,2.0,2.0,1.6666666666666667
Jammu and Kashmir,2024,1,IDENTITY THEFT,1,0.49999999999999994,0.8660254037844387,2.0,1.0,1.6666666666666667
Jammu and Kashmir,2024,1,ILLEGAL POSSESSION,1,0.49999999999999994,0.8660254037844387,1.0,1.0,1.0
Jammu and Kashmir,2024,1,KIDNAPPING,1,0.49999999999999994,0.8660254037844387,1.0,1.0,1.0
Jammu and Kashmir,2024,1,PUBLIC INTOXICATION,1,0.49999999999999994,0.8660254037844387,2.0,1.0,1.3333333333333333
Jammu and Kashmir,2024,1,ROBBERY,1,0.49999999999999994,0.8660254037844387,1.0,2.0,1.3333333333333333
Jammu and Kashmir,2024,1,SEXUAL ASSAULT,1,0.49999999999999994,0.8660254037844387,1.0,1.0,1.0
Jammu and Kashmir,2024,1,SHOPLIFTING,1,0.49999999999999994,0.8660254037844387,1.0,1.0,1.0
Jammu and Kashmir,2024,1,TRAFFIC VIOLATION,1,0.49999999999999994,0.8660254037844387,1.0,1.0,1.0
Jammu and Kashmir,2024,1,VANDALISM,1,0.49999999999999994,0.8660254037844387,1.0,1.0,1.0
Jammu and Kashmir,2024,1,VEHICLE - STOLEN,1,0.49999999999999994,0.8660254037844387,1.0,2.0,1.3333333333333333
Karnataka,2024,1,ARSON,3,0.49999999999999994,0.8660254037844387,5.0,4.0,3.3333333333333335
Karnataka,2024,1,ASSAULT,3,0.49999999999999994,0.8660254037844387,5.0,1.0,2.3333333333333335
Karnataka,2024,1,BURGLARY,3,0.49999999999999994,0.8660254037844387,2.0,6.0,5.666666666666667
Karnataka,2024,1,COUNTERFEITING,3,0.49999999999999994,0.8660254037844387,1.0,4.0,3.0
Karnataka,2024,1,CYBERCRIME,3,0.49999999999999994,0.8660254037844387,1.0,1.0,2.3333333333333335
Karnataka,2024,1,DOMESTIC VIOLENCE,3,0.49999999999999994,0.8660254037844387,4.0,6.0,4.333333333333333
Karnataka,2024,1,DRUG OFFENSE,3,0.49999999999999994,0.8660254037844387,2.0,4.0,3.0
Karnataka,2024,1,EXTORTION,3,0.49999999999999994,0.8660254037844387,2.0,3.0,2.6666666666666665
Karnataka,2024,1,FIREARM OFFENSE,3,0.49999999999999994,0.8660254037844387,5.0,3.0,3.0
Karnataka,2024,1,FRAUD,3,0.49999999999999994,0.8660254037844387,3.0,4.0,3.6666666666666665
Karnataka,2024,1,HOMICIDE,3,0.49999999999999994,0.8660254037844387,3.0,4.0,2.6666666666666665
Karnataka,2024,1,IDENTITY THEFT,3,0.49999999999999994,0.8660254037844387,4.0,1.0,4.0
Karnataka,2024,1,ILLEGAL POSSESSION,3,0.49999999999999994,0.8660254037844387,4.0,1.0,3.3333333333333335
Karnataka,2024,1,KIDNAPPING,3,0.49999999999999994,0.8660254037844387,6.0,3.0,3.3333333333333335
Karnataka,2024,1,PUBLIC INTOXICATION,3,0.49999999999999994,0.8660254037844387,4.0,6.0,4.666666666666667
Karnataka,2024,1,ROBBERY,3,0.49999999999999994,0.8660254037844387,1.0,4.0,2.0
Karnataka,2024,1,SEXUAL ASSAULT,3,0.49999999999999994,0.8660254037844387,6.0,1.0,3.3333333333333335
Karnataka,2024,1,SHOPLIFTING,3,0.49999999999999994,0.8660254037844387,2.0,2.0,2.0
Karnataka,2024,1,TRAFFIC VIOLATION,3,0.49999999999999994,0.8660254037844387,4.0,5.0,4.666666666666667
Karnataka,2024,1,VANDALISM,3,0.49999999999999994,0.8660254037844387,2.0,3.0,2.6666666666666665
Karnataka,2024,1,VEHICLE - STOLEN,3,0.49999999999999994,0.8660254037844387,2.0,4.0,2.6666666666666665
Madhya Pradesh,2024,1,ARSON,1,0.49999999999999994,0.8660254037844387,3.0,1.0,1.6666666666666667
Madhya Pradesh,2024,1,ASSAULT,2,0.49999999999999994,0.8660254037844387,3.0,3.0,2.6666666666666665
Madhya Pradesh,2024,1,BURGLARY,1,0.49999999999999994,0.8660254037844387,1.0,2.0,1.3333333333333333
Madhya Pradesh,2024,1,COUNTERFEITING,1,0.49999999999999994,0.8660254037844387,2.0,1.0,1.3333333333333333
Madhya Pradesh,2024,1,CYBERCRIME,1,0.49999999999999994,0.8660254037844387,2.0,1.0,1.6666666666666667
Madhya Pradesh,2024,1,DOMESTIC VIOLENCE,1,0.49999999999999994,0.8660254037844387,1.0,1.0,1.0
Madhya Pradesh,2024,1,DRUG OFFENSE,1,0.49999999999999994,0.8660254037844387,1.0,1.0,1.0
Madhya Pradesh,2024,1,EXTORTION,1,0.49999999999999994,0.8660254037844387,4.0,5.0,3.3333333333333335
Madhya Pradesh,2024,1,FIREARM OFFENSE,1,0.49999999999999994,0.8660254037844387,3.0,2.0,2.0
Madhya Pradesh,2024,1,FRAUD,1,0.49999999999999994,0.8660254037844387,1.0,2.0,1.3333333333333333
Madhya Pradesh,2024,1,HOMICIDE,1,0.49999999999999994,0.8660254037844387,1.0,2.0,1.3333333333333333
Madhya Pradesh,2024,1,IDENTITY THEFT,1,0.49999999999999994,0.8660254037844387,2.0,2.0,1.6666666666666667
Madhya Pradesh,2024,1,ILLEGAL POSSESSION,1,0.49999999999999994,0.8660254037844387,1.0,2.0,1.3333333333333333
Madhya Pradesh,2024,1,KIDNAPPING,1,0.49999999999999994,0.8660254037844387,2.0,2.0,1.6666666666666667
Madhya Pradesh,2024,1,PUBLIC INTOXICATION,1,0.49999999999999994,0.8660254037844387,1.0,2.0,1.3333333333333333
Madhya Pradesh,2024,1,ROBBERY,1,0.49999999999999994,0.8660254037844387,1.0,2.0,2.0
Madhya Pradesh,2024,1,SEXUAL ASSAULT,1,0.49999999999999994,0.8660254037844387,1.0,1.0,1.0
Madhya Pradesh,2024,1,SHOPLIFTING,1,0.49999999999999994,0.8660254037844387,1.0,1.0,1.0
Madhya Pradesh,2024,1,TRAFFIC VIOLATION,1,0.49999999999999994,0.8660254037844387,1.0,2.0,1.6666666666666667
Madhya Pradesh,2024,1,VANDALISM,1,0.49999999999999994,0.8660254037844387,1.0,3.0,2.0
Madhya Pradesh,2024,1,VEHICLE - STOLEN,1,0.49999999999999994,0.8660254037844387,1.0,3.0,2.0
Maharashtra,2024,1,ARSON,8,0.49999999999999994,0.8660254037844387,7.0,11.0,7.666666666666667
Maharashtra,2024,1,ASSAULT,8,0.49999999999999994,0.8660254037844387,9.0,12.0,9.0
Maharashtra,2024,1,BURGLARY,8,0.49999999999999994,0.8660254037844387,11.0,10.0,8.666666666666666
Maharashtra,2024,1,COUNTERFEITING,8,0.49999999999999994,0.8660254037844387,10.0,8.0,9.333333333333334
Maharashtra,2024,1,CYBERCRIME,9,0.49999999999999994,0.8660254037844387,7.0,8.0,9.0
Maharashtra,2024,1,DOMESTIC VIOLENCE,7,0.49999999999999994,0.8660254037844387,8.0,6.0,9.0
Maharashtra,2024,1,DRUG OFFENSE,9,0.49999999999999994,0.8660254037844387,10.0,11.0,10.666666666666666
Maharashtra,2024,1,EXTORTION,7,0.49999999999999994,0.8660254037844387,10.0,5.0,7.666666666666667
Maharashtra,2024,1,FIREARM OFFENSE,8,0.49999999999999994,0.8660254037844387,7.0,12.0,10.333333333333334
Maharashtra,2024,1,FRAUD,8,0.49999999999999994,0.8660254037844387,11.0,7.0,8.333333333333334
Maharashtra,2024,1,HOMICIDE,7,0.49999999999999994,0.8660254037844387,10.0,9.0,9.666666666666666
Maharashtra,2024,1,IDENTITY THEFT,8,0.49999999999999994,0.8660254037844387,6.0,7.0,6.0
Maharashtra,2024,1,ILLEGAL POSSESSION,7,0.49999999999999994,0.8660254037844387,12.0,7.0,9.0
Maharashtra,2024,1,KIDNAPPING,8,0.49999999999999994,0.8660254037844387,9.0,9.0,8.0
Maharashtra,2024,1,PUBLIC INTOXICATION,8,0.49999999999999994,0.8660254037844387,10.0,8.0,8.333333333333334
Maharashtra,2024,1,ROBBERY,7,0.49999999999999994,0.8660254037844387,9.0,6.0,7.666666666666667
Maharashtra,2024,1,SEXUAL ASSAULT,8,0.49999999999999994,0.8660254037844387,6.0,8.0,5.666666666666667
Maharashtra,2024,1,SHOPLIFTING,9,0.49999999999999994,0.8660254037844387,10.0,9.0,9.0
Maharashtra,2024,1,TRAFFIC VIOLATION,8,0.49999999999999994,0.8660254037844387,14.0,10.0,9.333333333333334
Maharashtra,2024,1,VANDALISM,8,0.49999999999999994,0.8660254037844387,13.0,12.0,11.0
Maharashtra,2024,1,VEHICLE - STOLEN,11,0.49999999999999994,0.8660254037844387,5.0,17.0,10.0
Punjab,2024,1,ARSON,1,0.49999999999999994,0.8660254037844387,1.0,4.0,2.0
Punjab,2024,1,ASSAULT,1,0.49999999999999994,0.8660254037844387,2.0,2.0,2.0
Punjab,2024,1,BURGLARY,1,0.49999999999999994,0.8660254037844387,5.0,1.0,2.6666666666666665
Punjab,2024,1,COUNTERFEITING,1,0.49999999999999994,0.8660254037844387,1.0,1.0,1.0
Punjab,2024,1,CYBERCRIME,1,0.49999999999999994,0.8660254037844387,1.0,2.0,1.3333333333333333
Punjab,2024,1,DOMESTIC VIOLENCE,1,0.49999999999999994,0.8660254037844387,1.0,1.0,1.3333333333333333
Punjab,2024,1,DRUG OFFENSE,1,0.49999999999999994,0.8660254037844387,1.0,2.0,1.6666666666666667
Punjab,2024,1,EXTORTION,1,0.49999999999999994,0.8660254037844387,1.0,1.0,1.0
Punjab,2024,1,FIREARM OFFENSE,1,0.49999999999999994,0.8660254037844387,1.0,1.0,1.0
Punjab,2024,1,FRAUD,1,0.49999999999999994,0.8660254037844387,2.0,1.0,1.6666666666666667
Punjab,2024,1,HOMICIDE,1,0.49999999999999994,0.8660254037844387,4.0,1.0,2.3333333333333335
Punjab,2024,1,IDENTITY THEFT,1,0.49999999999999994,0.8660254037844387,1.0,1.0,1.0
Punjab,2024,1,ILLEGAL POSSESSION,1,0.49999999999999994,0.8660254037844387,1.0,2.0,1.6666666666666667
Punjab,2024,1,KIDNAPPING,1,0.49999999999999994,0.8660254037844387,1.0,1.0,1.0
Punjab,2024,1,PUBLIC INTOXICATION,1,0.49999999999999994,0.8660254037844387,1.0,1.0,1.0
Punjab,2024,1,ROBBERY,1,0.49999999999999994,0.8660254037844387,1.0,3.0,1.6666666666666667
Punjab,2024,1,SEXUAL ASSAULT,1,0.49999999999999994,0.8660254037844387,1.0,1.0,1.0
Punjab,2024,1,SHOPLIFTING,1,0.49999999999999994,0.8660254037844387,1.0,1.0,1.0
Punjab,2024,1,TRAFFIC VIOLATION,1,0.49999999999999994,0.8660254037844387,3.0,2.0,2.3333333333333335
Punjab,2024,1,VANDALISM,1,0.49999999999999994,0.8660254037844387,2.0,1.0,1.3333333333333333
Punjab,2024,1,VEHICLE - STOLEN,1,0.49999999999999994,0.8660254037844387,1.0,2.0,1.3333333333333333
Rajasthan,2024,1,ARSON,1,0.49999999999999994,0.8660254037844387,1.0,2.0,1.3333333333333333
Rajasthan,2024,1,ASSAULT,1,0.49999999999999994,0.8660254037844387,2.0,1.0,1.6666666666666667
Rajasthan,2024,1,BURGLARY,1,0.49999999999999994,0.8660254037844387,1.0,1.0,1.0
Rajasthan,2024,1,COUNTERFEITING,1,0.49999999999999994,0.8660254037844387,2.0,1.0,1.6666666666666667
Rajasthan,2024,1,CYBERCRIME,1,0.49999999999999994,0.8660254037844387,1.0,1.0,2.0
Rajasthan,2024,1,DOMESTIC VIOLENCE,1,0.49999999999999994,0.8660254037844387,1.0,3.0,2.0
Rajasthan,2024,1,DRUG OFFENSE,1,0.49999999999999994,0.8660254037844387,1.0,3.0,2.0
Rajasthan,2024,1,EXTORTION,1,0.49999999999999994,0.8660254037844387,2.0,1.0,2.0
Rajasthan,2024,1,FIREARM OFFENSE,1,0.49999999999999994,0.8660254037844387,2.0,2.0,1.6666666666666667
Rajasthan,2024,1,FRAUD,1,0.49999999999999994,0.8660254037844387,2.0,2.0,1.6666666666666667
Rajasthan,2024,1,HOMICIDE,1,0.49999999999999994,0.8660254037844387,1.0,1.0,1.0
Rajasthan,2024,1,IDENTITY THEFT,1,0.49999999999999994,0.8660254037844387,1.0,2.0,1.3333333333333333
Rajasthan,2024,1,ILLEGAL POSSESSION,1,0.49999999999999994,0.8660254037844387,2.0,1.0,1.6666666666666667
Rajasthan,2024,1,KIDNAPPING,1,0.49999999999999994,0.8660254037844387,2.0,2.0,1.6666666666666667
Rajasthan,2024,1,PUBLIC INTOXICATION,1,0.49999999999999994,0.8660254037844387,1.0,1.0,1.0
Rajasthan,2024,1,ROBBERY,1,0.49999999999999994,0.8660254037844387,1.0,3.0,1.6666666666666667
Rajasthan,2024,1,SEXUAL ASSAULT,1,0.49999999999999994,0.8660254037844387,1.0,1.0,1.0
Rajasthan,2024,1,SHOPLIFTING,1,0.49999999999999994,0.8660254037844387,1.0,1.0,1.0
Rajasthan,2024,1,TRAFFIC VIOLATION,2,0.49999999999999994,0.8660254037844387,3.0,2.0,2.0
Rajasthan,2024,1,VANDALISM,1,0.49999999999999994,0.8660254037844387,1.0,2.0,1.3333333333333333
Rajasthan,2024,1,VEHICLE - STOLEN,1,0.49999999999999994,0.8660254037844387,1.0,1.0,1.0
Tamil Nadu,2024,1,ARSON,2,0.49999999999999994,0.8660254037844387,2.0,3.0,2.3333333333333335
Tamil Nadu,2024,1,ASSAULT,2,0.49999999999999994,0.8660254037844387,1.0,5.0,2.3333333333333335
Tamil Nadu,2024,1,BURGLARY,2,0.49999999999999994,0.8660254037844387,4.0,3.0,3.0
Tamil Nadu,2024,1,COUNTERFEITING,2,0.49999999999999994,0.8660254037844387,2.0,2.0,1.6666666666666667
Tamil Nadu,2024,1,CYBERCRIME,2,0.49999999999999994,0.8660254037844387,1.0,1.0,2.3333333333333335
Tamil Nadu,2024,1,DOMESTIC VIOLENCE,2,0.49999999999999994,0.8660254037844387,2.0,4.0,2.3333333333333335
Tamil Nadu,2024,1,DRUG OFFENSE,2,0.49999999999999994,0.8660254037844387,3.0,1.0,2.0
Tamil Nadu,2024,1,EXTORTION,2,0.49999999999999994,0.8660254037844387,4.0,3.0,3.0
Tamil Nadu,2024,1,FIREARM OFFENSE,2,0.49999999999999994,0.8660254037844387,2.0,2.0,2.0
Tamil Nadu,2024,1,FRAUD,2,0.49999999999999994,0.8660254037844387,1.0,3.0,2.0
Tamil Nadu,2024,1,HOMICIDE,2,0.49999999999999994,0.8660254037844387,1.0,2.0,1.3333333333333333
Tamil Nadu,2024,1,IDENTITY THEFT,2,0.49999999999999994,0.8660254037844387,1.0,3.0,3.0
Tamil Nadu,2024,1,ILLEGAL POSSESSION,2,0.49999999999999994,0.8660254037844387,1.0,3.0,2.0
Tamil Nadu,2024,1,KIDNAPPING,2,0.49999999999999994,0.8660254037844387,5.0,1.0,3.0
Tamil Nadu,2024,1,PUBLIC INTOXICATION,2,0.49999999999999994,0.8660254037844387,2.0,3.0,2.3333333333333335
Tamil Nadu,2024,1,ROBBERY,2,0.49999999999999994,0.8660254037844387,4.0,2.0,3.3333333333333335
Tamil Nadu,2024,1,SEXUAL ASSAULT,2,0.49999999999999994,0.8660254037844387,1.0,4.0,2.0
Tamil Nadu,2024,1,SHOPLIFTING,2,0.49999999999999994,0.8660254037844387,3.0,2.0,3.3333333333333335
Tamil Nadu,2024,1,TRAFFIC VIOLATION,2,0.49999999999999994,0.8660254037844387,3.0,2.0,2.3333333333333335
Tamil Nadu,2024,1,VANDALISM,2,0.49999999999999994,0.8660254037844387,1.0,1.0,1.3333333333333333
Tamil Nadu,2024,1,VEHICLE - STOLEN,2,0.49999999999999994,0.8660254037844387,1.0,2.0,2.0
Telangana,2024,1,ARSON,3,0.49999999999999994,0.8660254037844387,4.0,2.0,2.3333333333333335
Telangana,2024,1,ASSAULT,2,0.49999999999999994,0.8660254037844387,3.0,1.0,2.6666666666666665
Telangana,2024,1,BURGLARY,3,0.49999999999999994,0.8660254037844387,1.0,3.0,2.0
Telangana,2024,1,COUNTERFEITING,3,0.49999999999999994,0.8660254037844387,2.0,3.0,2.6666666666666665
Telangana,2024,1,CYBERCRIME,2,0.49999999999999994,0.8660254037844387,4.0,3.0,3.0
Telangana,2024,1,DOMESTIC VIOLENCE,3,0.49999999999999994,0.8660254037844387,2.0,5.0,3.0
Telangana,2024,1,DRUG OFFENSE,2,0.49999999999999994,0.8660254037844387,4.0,3.0,3.3333333333333335
Telangana,2024,1,EXTORTION,2,0.49999999999999994,0.8660254037844387,5.0,3.0,3.0
Telangana,2024,1,FIREARM OFFENSE,3,0.49999999999999994,0.8660254037844387,1.0,5.0,2.6666666666666665
Telangana,2024,1,FRAUD,2,0.49999999999999994,0.8660254037844387,3.0,1.0,2.3333333333333335
Telangana,2024,1,HOMICIDE,2,0.49999999999999994,0.8660254037844387,4.0,4.0,4.0
Telangana,2024,1,IDENTITY THEFT,3,0.49999999999999994,0.8660254037844387,1.0,2.0,2.0
Telangana,2024,1,ILLEGAL POSSESSION,3,0.49999999999999994,0.8660254037844387,2.0,3.0,2.6666666666666665
Telangana,2024,1,KIDNAPPING,2,0.49999999999999994,0.8660254037844387,5.0,3.0,3.3333333333333335
Telangana,2024,1,PUBLIC INTOXICATION,2,0.49999999999999994,0.8660254037844387,3.0,3.0,3.3333333333333335
Telangana,2024,1,ROBBERY,2,0.49999999999999994,0.8660254037844387,1.0,2.0,1.3333333333333333
Telangana,2024,1,SEXUAL ASSAULT,2,0.49999999999999994,0.8660254037844387,3.0,3.0,2.6666666666666665
Telangana,2024,1,SHOPLIFTING,2,0.49999999999999994,0.8660254037844387,6.0,1.0,2.6666666666666665
Telangana,2024,1,TRAFFIC VIOLATION,2,0.49999999999999994,0.8660254037844387,4.0,2.0,3.3333333333333335
Telangana,2024,1,VANDALISM,2,0.49999999999999994,0.8660254037844387,2.0,4.0,4.0
Telangana,2024,1,VEHICLE - STOLEN,2,0.49999999999999994,0.8660254037844387,2.0,1.0,2.0
Uttar Pradesh,2024,1,ARSON,4,0.49999999999999994,0.8660254037844387,7.0,2.0,4.666666666666667
Uttar Pradesh,2024,1,ASSAULT,4,0.49999999999999994,0.8660254037844387,2.0,6.0,5.0
Uttar Pradesh,2024,1,BURGLARY,4,0.49999999999999994,0.8660254037844387,5.0,5.0,4.666666666666667
Uttar Pradesh,2024,1,COUNTERFEITING,4,0.49999999999999994,0.8660254037844387,3.0,2.0,3.0
Uttar Pradesh,2024,1,CYBERCRIME,4,0.49999999999999994,0.8660254037844387,4.0,5.0,4.666666666666667
Uttar Pradesh,2024,1,DOMESTIC VIOLENCE,4,0.49999999999999994,0.8660254037844387,1.0,8.0,4.333333333333333
Uttar Pradesh,2024,1,DRUG OFFENSE,4,0.49999999999999994,0.8660254037844387,2.0,6.0,4.666666666666667
Uttar Pradesh,2024,1,EXTORTION,4,0.49999999999999994,0.8660254037844387,4.0,1.0,2.0
Uttar Pradesh,2024,1,FIREARM OFFENSE,4,0.49999999999999994,0.8660254037844387,4.0,3.0,4.0
Uttar Pradesh,2024,1,FRAUD,4,0.49999999999999994,0.8660254037844387,6.0,5.0,5.666666666666667
Uttar Pradesh,2024,1,HOMICIDE,4,0.49999999999999994,0.8660254037844387,5.0,4.0,3.3333333333333335
Uttar Pradesh,2024,1,IDENTITY THEFT,4,0.49999999999999994,0.8660254037844387,5.0,1.0,4.0
Uttar Pradesh,2024,1,ILLEGAL POSSESSION,4,0.49999999999999994,0.8660254037844387,4.0,3.0,3.3333333333333335
Uttar Pradesh,2024,1,KIDNAPPING,4,0.49999999999999994,0.8660254037844387,1.0,6.0,4.0
Uttar Pradesh,2024,1,PUBLIC INTOXICATION,4,0.49999999999999994,0.8660254037844387,5.0,5.0,3.6666666666666665
Uttar Pradesh,2024,1,ROBBERY,4,0.49999999999999994,0.8660254037844387,9.0,3.0,6.0
Uttar Pradesh,2024,1,SEXUAL ASSAULT,4,0.49999999999999994,0.8660254037844387,7.0,6.0,5.333333333333333
Uttar Pradesh,2024,1,SHOPLIFTING,4,0.49999999999999994,0.8660254037844387,5.0,2.0,3.6666666666666665
Uttar Pradesh,2024,1,TRAFFIC VIOLATION,4,0.49999999999999994,0.8660254037844387,4.0,7.0,5.0
Uttar Pradesh,2024,1,VANDALISM,4,0.49999999999999994,0.8660254037844387,5.0,5.0,4.333333333333333
Uttar Pradesh,2024,1,VEHICLE - STOLEN,4,0.49999999999999994,0.8660254037844387,5.0,6.0,5.333333333333333
West Bengal,2024,1,ARSON,3,0.49999999999999994,0.8660254037844387,1.0,2.0,1.6666666666666667
West Bengal,2024,1,ASSAULT,3,0.49999999999999994,0.8660254037844387,4.0,2.0,2.3333333333333335
West Bengal,2024,1,BURGLARY,3,0.49999999999999994,0.8660254037844387,5.0,2.0,4.0
West Bengal,2024,1,COUNTERFEITING,3,0.49999999999999994,0.8660254037844387,1.0,3.0,2.0
West Bengal,2024,1,CYBERCRIME,3,0.49999999999999994,0.8660254037844387,3.0,1.0,2.6666666666666665
West Bengal,2024,1,DOMESTIC VIOLENCE,2,0.49999999999999994,0.8660254037844387,4.0,4.0,4.333333333333333
West Bengal,2024,1,DRUG OFFENSE,3,0.49999999999999994,0.8660254037844387,1.0,1.0,1.0
West Bengal,2024,1,EXTORTION,2,0.49999999999999994,0.8660254037844387,6.0,2.0,3.0
West Bengal,2024,1,FIREARM OFFENSE,2,0.49999999999999994,0.8660254037844387,3.0,3.0,2.3333333333333335
West Bengal,2024,1,FRAUD,2,0.49999999999999994,0.8660254037844387,2.0,3.0,2.0
West Bengal,2024,1,HOMICIDE,2,0.49999999999999994,0.8660254037844387,2.0,3.0,2.3333333333333335
West Bengal,2024,1,IDENTITY THEFT,2,0.49999999999999994,0.8660254037844387,1.0,4.0,3.0
West Bengal,2024,1,ILLEGAL POSSESSION,2,0.49999999999999994,0.8660254037844387,1.0,5.0,2.6666666666666665
West Bengal,2024,1,KIDNAPPING,3,0.49999999999999994,0.8660254037844387,2.0,2.0,2.0
West Bengal,2024,1,PUBLIC INTOXICATION,3,0.49999999999999994,0.8660254037844387,1.0,3.0,2.0
West Bengal,2024,1,ROBBERY,2,0.49999999999999994,0.8660254037844387,4.0,4.0,3.0
West Bengal,2024,1,SEXUAL ASSAULT,3,0.49999999999999994,0.8660254037844387,2.0,1.0,1.6666666666666667
West Bengal,2024,1,SHOPLIFTING,2,0.49999999999999994,0.8660254037844387,2.0,3.0,2.0
West Bengal,2024,1,TRAFFIC VIOLATION,3,0.49999999999999994,0.8660254037844387,2.0,4.0,2.6666666666666665
West Bengal,2024,1,VANDALISM,3,0.49999999999999994,0.8660254037844387,1.0,1.0,1.3333333333333333
West Bengal,2024,1,VEHICLE - STOLEN,2,0.49999999999999994,0.8660254037844387,3.0,1.0,2.0
Andhra Pradesh,2024,2,ARSON,1,0.8660254037844386,0.5000000000000001,1.0,2.0,1.6666666666666667
Andhra Pradesh,2024,2,ASSAULT,1,0.8660254037844386,0.5000000000000001,1.0,2.0,1.6666666666666667
Andhra Pradesh,2024,2,BURGLARY,1,0.8660254037844386,0.5000000000000001,1.0,1.0,1.0
Andhra Pradesh,2024,2,COUNTERFEITING,1,0.8660254037844386,0.5000000000000001,1.0,2.0,1.3333333333333333
Andhra Pradesh,2024,2,CYBERCRIME,1,0.8660254037844386,0.5000000000000001,1.0,1.0,1.0
Andhra Pradesh,2024,2,DOMESTIC VIOLENCE,1,0.8660254037844386,0.5000000000000001,1.0,1.0,1.3333333333333333
Andhra Pradesh,2024,2,DRUG OFFENSE,1,0.8660254037844386,0.5000000000000001,1.0,2.0,1.6666666666666667
Andhra Pradesh,2024,2,EXTORTION,1,0.8660254037844386,0.5000000000000001,1.0,1.0,1.0
Andhra Pradesh,2024,2,FIREARM OFFENSE,1,0.8660254037844386,0.5000000000000001,1.0,1.0,1.0
Andhra Pradesh,2024,2,FRAUD,1,0.8660254037844386,0.5000000000000001,1.0,1.0,1.0
Andhra Pradesh,2024,2,HOMICIDE,1,0.8660254037844386,0.5000000000000001,1.0,1.0,1.0
Andhra Pradesh,2024,2,IDENTITY THEFT,1,0.8660254037844386,0.5000000000000001,1.0,2.0,1.3333333333333333
Andhra Pradesh,2024,2,ILLEGAL POSSESSION,1,0.8660254037844386,0.5000000000000001,1.0,1.0,1.0
Andhra Pradesh,2024,2,KIDNAPPING,1,0.8660254037844386,0.5000000000000001,1.0,1.0,1.0
Andhra Pradesh,2024,2,PUBLIC INTOXICATION,1,0.8660254037844386,0.5000000000000001,1.0,1.0,1.0
Andhra Pradesh,2024,2,ROBBERY,1,0.8660254037844386,0.5000000000000001,1.0,1.0,1.0
Andhra Pradesh,2024,2,SEXUAL ASSAULT,1,0.8660254037844386,0.5000000000000001,1.0,1.0,1.0
Andhra Pradesh,2024,2,SHOPLIFTING,1,0.8660254037844386,0.5000000000000001,1.0,1.0,1.0
Andhra Pradesh,2024,2,TRAFFIC VIOLATION,1,0.8660254037844386,0.5000000000000001,1.0,1.0,1.0
Andhra Pradesh,2024,2,VANDALISM,1,0.8660254037844386,0.5000000000000001,1.0,1.0,1.0
Andhra Pradesh,2024,2,VEHICLE - STOLEN,1,0.8660254037844386,0.5000000000000001,1.0,1.0,1.3333333333333333
Bihar,2024,2,ARSON,1,0.8660254037844386,0.5000000000000001,1.0,2.0,1.3333333333333333
Bihar,2024,2,ASSAULT,1,0.8660254037844386,0.5000000000000001,1.0,1.0,1.0
Bihar,2024,2,BURGLARY,1,0.8660254037844386,0.5000000000000001,1.0,1.0,1.0
Bihar,2024,2,COUNTERFEITING,1,0.8660254037844386,0.5000000000000001,1.0,1.0,1.0
Bihar,2024,2,CYBERCRIME,1,0.8660254037844386,0.5000000000000001,1.0,1.0,1.3333333333333333
Bihar,2024,2,DOMESTIC VIOLENCE,1,0.8660254037844386,0.5000000000000001,1.0,1.0,1.0
Bihar,2024,2,DRUG OFFENSE,1,0.8660254037844386,0.5000000000000001,1.0,3.0,1.6666666666666667
Bihar,2024,2,EXTORTION,1,0.8660254037844386,0.5000000000000001,1.0,2.0,1.3333333333333333
Bihar,2024,2,FIREARM OFFENSE,1,0.8660254037844386,0.5000000000000001,1.0,1.0,1.3333333333333333
Bihar,2024,2,FRAUD,1,0.8660254037844386,0.5000000000000001,1.0,2.0,1.3333333333333333
Bihar,2024,2,HOMICIDE,1,0.8660254037844386,0.5000000000000001,1.0,1.0,1.0
Bihar,2024,2,IDENTITY THEFT,1,0.8660254037844386,0.5000000000000001,1.0,1.0,1.0
Bihar,2024,2,ILLEGAL POSSESSION,1,0.8660254037844386,0.5000000000000001,1.0,1.0,1.0
Bihar,2024,2,KIDNAPPING,1,0.8660254037844386,0.5000000000000001,1.0,1.0,1.0
Bihar,2024,2,PUBLIC INTOXICATION,1,0.8660254037844386,0.5000000000000001,1.0,1.0,1.0
Bihar,2024,2,ROBBERY,1,0.8660254037844386,0.5000000000000001,1.0,1.0,1.0
Bihar,2024,2,SEXUAL ASSAULT,1,0.8660254037844386,0.5000000000000001,1.0,1.0,1.6666666666666667
Bihar,2024,2,SHOPLIFTING,1,0.8660254037844386,0.5000000000000001,1.0,2.0,1.3333333333333333
Bihar,2024,2,TRAFFIC VIOLATION,1,0.8660254037844386,0.5000000000000001,1.0,1.0,1.0
Bihar,2024,2,VANDALISM,1,0.8660254037844386,0.5000000000000001,1.0,1.0,1.3333333333333333
Bihar,2024,2,VEHICLE - STOLEN,1,0.8660254037844386,0.5000000000000001,1.0,1.0,1.0
Delhi,2024,2,ARSON,4,0.8660254037844386,0.5000000000000001,4.0,10.0,5.666666666666667
Delhi,2024,2,ASSAULT,4,0.8660254037844386,0.5000000000000001,4.0,1.0,2.3333333333333335
Delhi,2024,2,BURGLARY,4,0.8660254037844386,0.5000000000000001,4.0,4.0,4.333333333333333
Delhi,2024,2,COUNTERFEITING,4,0.8660254037844386,0.5000000000000001,4.0,5.0,4.0
Delhi,2024,2,CYBERCRIME,4,0.8660254037844386,0.5000000000000001,4.0,6.0,5.333333333333333
Delhi,2024,2,DOMESTIC VIOLENCE,4,0.8660254037844386,0.5000000000000001,4.0,1.0,2.0
Delhi,2024,2,DRUG OFFENSE,4,0.8660254037844386,0.5000000000000001,4.0,2.0,3.3333333333333335
Delhi,2024,2,EXTORTION,4,0.8660254037844386,0.5000000000000001,4.0,6.0,4.333333333333333
Delhi,2024,2,FIREARM OFFENSE,4,0.8660254037844386,0.5000000000000001,4.0,7.0,4.0
Delhi,2024,2,FRAUD,4,0.8660254037844386,0.5000000000000001,5.0,6.0,4.666666666666667
Delhi,2024,2,HOMICIDE,4,0.8660254037844386,0.5000000000000001,4.0,5.0,4.666666666666667
Delhi,2024,2,IDENTITY THEFT,4,0.8660254037844386,0.5000000000000001,4.0,7.0,6.333333333333333
Delhi,2024,2,ILLEGAL POSSESSION,4,0.8660254037844386,0.5000000000000001,4.0,5.0,5.333333333333333
Delhi,2024,2,KIDNAPPING,4,0.8660254037844386,0.5000000000000001,4.0,4.0,4.666666666666667
Delhi,2024,2,PUBLIC INTOXICATION,4,0.8660254037844386,0.5000000000000001,4.0,4.0,3.6666666666666665
Delhi,2024,2,ROBBERY,4,0.8660254037844386,0.5000000000000001,4.0,5.0,3.3333333333333335
Delhi,2024,2,SEXUAL ASSAULT,4,0.8660254037844386,0.5000000000000001,4.0,2.0,4.0
Delhi,2024,2,SHOPLIFTING,4,0.8660254037844386,0.5000000000000001,4.0,7.0,5.0
Delhi,2024,2,TRAFFIC VIOLATION,3,0.8660254037844386,0.5000000000000001,4.0,4.0,4.666666666666667
Delhi,2024,2,VANDALISM,4,0.8660254037844386,0.5000000000000001,4.0,4.0,4.0
Delhi,2024,2,VEHICLE - STOLEN,4,0.8660254037844386,0.5000000000000001,4.0,7.0,4.0
Gujarat,2024,2,ARSON,3,0.8660254037844386,0.5000000000000001,3.0,3.0,2.6666666666666665
Gujarat,2024,2,ASSAULT,3,0.8660254037844386,0.5000000000000001,3.0,5.0,3.6666666666666665
Gujarat,2024,2,BURGLARY,3,0.8660254037844386,0.5000000000000001,3.0,6.0,4.0
Gujarat,2024,2,COUNTERFEITING,3,0.8660254037844386,0.5000000000000001,3.0,1.0,1.6666666666666667
Gujarat,2024,2,CYBERCRIME,3,0.8660254037844386,0.5000000000000001,3.0,5.0,3.0
Gujarat,2024,2,DOMESTIC VIOLENCE,3,0.8660254037844386,0.5000000000000001,3.0,2.0,2.6666666666666665
Gujarat,2024,2,DRUG OFFENSE,3,0.8660254037844386,0.5000000000000001,3.0,2.0,2.3333333333333335
Gujarat,2024,2,EXTORTION,3,0.8660254037844386,0.5000000000000001,3.0,4.0,2.6666666666666665
Gujarat,2024,2,FIREARM OFFENSE,3,0.8660254037844386,0.5000000000000001,3.0,2.0,2.3333333333333335
Gujarat,2024,2,FRAUD,3,0.8660254037844386,0.5000000000000001,3.0,2.0,3.0
Gujarat,2024,2,HOMICIDE,3,0.8660254037844386,0.5000000000000001,3.0,1.0,2.3333333333333335
Gujarat,2024,2,IDENTITY THEFT,3,0.8660254037844386,0.5000000000000001,3.0,2.0,3.0
Gujarat,2024,2,ILLEGAL POSSESSION,3,0.8660254037844386,0.5000000000000001,3.0,4.0,4.0
Gujarat,2024,2,KIDNAPPING,3,0.8660254037844386,0.5000000000000001,3.0,4.0,4.333333333333333
Gujarat,2024,2,PUBLIC INTOXICATION,3,0.8660254037844386,0.5000000000000001,3.0,3.0,2.6666666666666665
Gujarat,2024,2,ROBBERY,3,0.8660254037844386,0.5000000000000001,3.0,1.0,2.3333333333333335
Gujarat,2024,2,SEXUAL ASSAULT,3,0.8660254037844386,0.5000000000000001,3.0,2.0,3.0
Gujarat,2024,2,SHOPLIFTING,3,0.8660254037844386,0.5000000000000001,3.0,1.0,2.0
Gujarat,2024,2,TRAFFIC VIOLATION,3,0.8660254037844386,0.5000000000000001,3.0,2.0,3.0
Gujarat,2024,2,VANDALISM,3,0.8660254037844386,0.5000000000000001,3.0,4.0,3.0
Gujarat,2024,2,VEHICLE - STOLEN,3,0.8660254037844386,0.5000000000000001,3.0,3.0,2.6666666666666665
Haryana,2024,2,ARSON,1,0.8660254037844386,0.5000000000000001,1.0,1.0,1.0
Haryana,2024,2,ASSAULT,1,0.8660254037844386,0.5000000000000001,1.0,1.0,1.0
Haryana,2024,2,BURGLARY,1,0.8660254037844386,0.5000000000000001,1.0,1.0,1.0
Haryana,2024,2,COUNTERFEITING,1,0.8660254037844386,0.5000000000000001,1.0,1.0,1.0
Haryana,2024,2,CYBERCRIME,1,0.8660254037844386,0.5000000000000001,1.0,1.0,1.3333333333333333
Haryana,2024,2,DOMESTIC VIOLENCE,1,0.8660254037844386,0.5000000000000001,1.0,1.0,1.0
Haryana,2024,2,DRUG OFFENSE,1,0.8660254037844386,0.5000000000000001,1.0,1.0,1.0
Haryana,2024,2,EXTORTION,1,0.8660254037844386,0.5000000000000001,1.0,2.0,1.6666666666666667
Haryana,2024,2,FIREARM OFFENSE,1,0.8660254037844386,0.5000000000000001,1.0,1.0,1.0
Haryana,2024,2,FRAUD,1,0.8660254037844386,0.5000000000000001,1.0,1.0,1.0
Haryana,2024,2,HOMICIDE,1,0.8660254037844386,0.5000000000000001,1.0,2.0,1.3333333333333333
Haryana,2024,2,IDENTITY THEFT,1,0.8660254037844386,0.5000000000000001,1.0,3.0,1.6666666666666667
Haryana,2024,2,ILLEGAL POSSESSION,1,0.8660254037844386,0.5000000000000001,1.0,1.0,1.0
Haryana,2024,2,KIDNAPPING,1,0.8660254037844386,0.5000000000000001,1.0,4.0,2.0
Haryana,2024,2,PUBLIC INTOXICATION,1,0.8660254037844386,0.5000000000000001,1.0,1.0,1.3333333333333333
Haryana,2024,2,ROBBERY,1,0.8660254037844386,0.5000000000000001,1.0,2.0,1.3333333333333333
Haryana,2024,2,SEXUAL ASSAULT,1,0.8660254037844386,0.5000000000000001,1.0,1.0,1.0
Haryana,2024,2,SHOPLIFTING,1,0.8660254037844386,0.5000000000000001,1.0,1.0,1.0
Haryana,2024,2,TRAFFIC VIOLATION,1,0.8660254037844386,0.5000000000000001,1.0,2.0,1.3333333333333333
Haryana,2024,2,VANDALISM,1,0.8660254037844386,0.5000000000000001,1.0,1.0,1.0
Haryana,2024,2,VEHICLE - STOLEN,1,0.8660254037844386,0.5000000000000001,1.0,1.0,1.0
Jammu and Kashmir,2024,2,ARSON,1,0.8660254037844386,0.5000000000000001,1.0,1.0,1.0
Jammu and Kashmir,2024,2,ASSAULT,1,0.8660254037844386,0.5000000000000001,1.0,1.0,1.0
Jammu and Kashmir,2024,2,BURGLARY,1,0.8660254037844386,0.5000000000000001,1.0,1.0,1.0
Jammu and Kashmir,2024,2,COUNTERFEITING,1,0.8660254037844386,0.5000000000000001,1.0,1.0,1.0
Jammu and Kashmir,2024,2,CYBERCRIME,1,0.8660254037844386,0.5000000000000001,1.0,1.0,1.0
Jammu and Kashmir,2024,2,DOMESTIC VIOLENCE,1,0.8660254037844386,0.5000000000000001,1.0,1.0,1.0
Jammu and Kashmir,2024,2,DRUG OFFENSE,1,0.8660254037844386,0.5000000000000001,1.0,1.0,1.0
Jammu and Kashmir,2024,2,EXTORTION,1,0.8660254037844386,0.5000000000000001,1.0,1.0,1.0
Jammu and Kashmir,2024,2,FIREARM OFFENSE,1,0.8660254037844386,0.5000000000000001,1.0,1.0,1.0
Jammu and Kashmir,2024,2,FRAUD,1,0.8660254037844386,0.5000000000000001,1.0,1.0,1.0
Jammu and Kashmir,2024,2,HOMICIDE,1,0.8660254037844386,0.5000000000000001,1.0,1.0,1.3333333333333333
Jammu and Kashmir,2024,2,IDENTITY THEFT,1,0.8660254037844386,0.5000000000000001,1.0,2.0,1.6666666666666667
Jammu and Kashmir,2024,2,ILLEGAL POSSESSION,1,0.8660254037844386,0.5000000000000001,1.0,1.0,1.0
Jammu and Kashmir,2024,2,KIDNAPPING,1,0.8660254037844386,0.5000000000000001,1.0,1.0,1.0
Jammu and Kashmir,2024,2,PUBLIC INTOXICATION,1,0.8660254037844386,0.5000000000000001,1.0,1.0,1.3333333333333333
Jammu and Kashmir,2024,2,ROBBERY,1,0.8660254037844386,0.5000000000000001,1.0,1.0,1.0
Jammu and Kashmir,2024,2,SEXUAL ASSAULT,1,0.8660254037844386,0.5000000000000001,1.0,1.0,1.0
Jammu and Kashmir,2024,2,SHOPLIFTING,1,0.8660254037844386,0.5000000000000001,1.0,1.0,1.0
Jammu and Kashmir,2024,2,TRAFFIC VIOLATION,1,0.8660254037844386,0.5000000000000001,1.0,1.0,1.0
Jammu and Kashmir,2024,2,VANDALISM,1,0.8660254037844386,0.5000000000000001,1.0,1.0,1.0
Jammu and Kashmir,2024,2,VEHICLE - STOLEN,1,0.8660254037844386,0.5000000000000001,1.0,1.0,1.0
Karnataka,2024,2,ARSON,3,0.8660254037844386,0.5000000000000001,3.0,1.0,3.0
Karnataka,2024,2,ASSAULT,3,0.8660254037844386,0.5000000000000001,3.0,1.0,3.0
Karnataka,2024,2,BURGLARY,3,0.8660254037844386,0.5000000000000001,3.0,9.0,4.666666666666667
Karnataka,2024,2,COUNTERFEITING,3,0.8660254037844386,0.5000000000000001,3.0,4.0,2.6666666666666665
Karnataka,2024,2,CYBERCRIME,3,0.8660254037844386,0.5000000000000001,3.0,5.0,3.0
Karnataka,2024,2,DOMESTIC VIOLENCE,3,0.8660254037844386,0.5000000000000001,3.0,3.0,3.3333333333333335
Karnataka,2024,2,DRUG OFFENSE,3,0.8660254037844386,0.5000000000000001,3.0,3.0,2.6666666666666665
Karnataka,2024,2,EXTORTION,3,0.8660254037844386,0.5000000000000001,3.0,3.0,2.6666666666666665
Karnataka,2024,2,FIREARM OFFENSE,3,0.8660254037844386,0.5000000000000001,3.0,1.0,3.0
Karnataka,2024,2,FRAUD,3,0.8660254037844386,0.5000000000000001,3.0,4.0,3.3333333333333335
Karnataka,2024,2,HOMICIDE,3,0.8660254037844386,0.5000000000000001,3.0,1.0,2.3333333333333335
Karnataka,2024,2,IDENTITY THEFT,3,0.8660254037844386,0.5000000000000001,3.0,7.0,4.666666666666667
Karnataka,2024,2,ILLEGAL POSSESSION,3,0.8660254037844386,0.5000000000000001,3.0,5.0,4.0
Karnataka,2024,2,KIDNAPPING,3,0.8660254037844386,0.5000000000000001,3.0,1.0,3.3333333333333335
Karnataka,2024,2,PUBLIC INTOXICATION,3,0.8660254037844386,0.5000000000000001,3.0,4.0,3.6666666666666665
Karnataka,2024,2,ROBBERY,3,0.8660254037844386,0.5000000000000001,3.0,1.0,1.6666666666666667
Karnataka,2024,2,SEXUAL ASSAULT,3,0.8660254037844386,0.5000000000000001,3.0,3.0,4.0
Karnataka,2024,2,SHOPLIFTING,3,0.8660254037844386,0.5000000000000001,3.0,2.0,2.3333333333333335
Karnataka,2024,2,TRAFFIC VIOLATION,3,0.8660254037844386,0.5000000000000001,3.0,5.0,4.0
Karnataka,2024,2,VANDALISM,3,0.8660254037844386,0.5000000000000001,3.0,3.0,2.6666666666666665
Karnataka,2024,2,VEHICLE - STOLEN,3,0.8660254037844386,0.5000000000000001,3.0,2.0,2.3333333333333335
Madhya Pradesh,2024,2,ARSON,1,0.8660254037844386,0.5000000000000001,1.0,1.0,1.6666666666666667
Madhya Pradesh,2024,2,ASSAULT,2,0.8660254037844386,0.5000000000000001,2.0,2.0,2.3333333333333335
Madhya Pradesh,2024,2,BURGLARY,1,0.8660254037844386,0.5000000000000001,1.0,1.0,1.0
Madhya Pradesh,2024,2,COUNTERFEITING,1,0.8660254037844386,0.5000000000000001,1.0,1.0,1.3333333333333333
Madhya Pradesh,2024,2,CYBERCRIME,1,0.8660254037844386,0.5000000000000001,1.0,2.0,1.6666666666666667
Madhya Pradesh,2024,2,DOMESTIC VIOLENCE,1,0.8660254037844386,0.5000000000000001,1.0,1.0,1.0
Madhya Pradesh,2024,2,DRUG OFFENSE,1,0.8660254037844386,0.5000000000000001,1.0,1.0,1.0
Madhya Pradesh,2024,2,EXTORTION,1,0.8660254037844386,0.5000000000000001,1.0,1.0,2.0
Madhya Pradesh,2024,2,FIREARM OFFENSE,1,0.8660254037844386,0.5000000000000001,1.0,1.0,1.6666666666666667
Madhya Pradesh,2024,2,FRAUD,1,0.8660254037844386,0.5000000000000001,1.0,1.0,1.0
Madhya Pradesh,2024,2,HOMICIDE,1,0.8660254037844386,0.5000000000000001,1.0,1.0,1.0
Madhya Pradesh,2024,2,IDENTITY THEFT,1,0.8660254037844386,0.5000000000000001,1.0,1.0,1.3333333333333333
Madhya Pradesh,2024,2,ILLEGAL POSSESSION,1,0.8660254037844386,0.5000000000000001,1.0,1.0,1.0
Madhya Pradesh,2024,2,KIDNAPPING,1,0.8660254037844386,0.5000000000000001,1.0,1.0,1.3333333333333333
Madhya Pradesh,2024,2,PUBLIC INTOXICATION,1,0.8660254037844386,0.5000000000000001,1.0,1.0,1.0
Madhya Pradesh,2024,2,ROBBERY,1,0.8660254037844386,0.5000000000000001,1.0,3.0,1.6666666666666667
Madhya Pradesh,2024,2,SEXUAL ASSAULT,1,0.8660254037844386,0.5000000000000001,1.0,1.0,1.0
Madhya Pradesh,2024,2,SHOPLIFTING,1,0.8660254037844386,0.5000000000000001,1.0,1.0,1.0
Madhya Pradesh,2024,2,TRAFFIC VIOLATION,1,0.8660254037844386,0.5000000000000001,1.0,2.0,1.3333333333333333
Madhya Pradesh,2024,2,VANDALISM,1,0.8660254037844386,0.5000000000000001,1.0,2.0,1.3333333333333333
Madhya Pradesh,2024,2,VEHICLE - STOLEN,1,0.8660254037844386,0.5000000000000001,1.0,2.0,1.3333333333333333
Maharashtra,2024,2,ARSON,8,0.8660254037844386,0.5000000000000001,8.0,5.0,6.666666666666667
Maharashtra,2024,2,ASSAULT,8,0.8660254037844386,0.5000000000000001,8.0,6.0,7.666666666666667
Maharashtra,2024,2,BURGLARY,8,0.8660254037844386,0.5000000000000001,8.0,5.0,8.0
Maharashtra,2024,2,COUNTERFEITING,8,0.8660254037844386,0.5000000000000001,8.0,10.0,9.333333333333334
Maharashtra,2024,2,CYBERCRIME,9,0.8660254037844386,0.5000000000000001,9.0,12.0,9.333333333333334
Maharashtra,2024,2,DOMESTIC VIOLENCE,9,0.8660254037844386,0.5000000000000001,7.0,13.0,9.333333333333334
Maharashtra,2024,2,DRUG OFFENSE,9,0.8660254037844386,0.5000000000000001,9.0,11.0,10.0
Maharashtra,2024,2,EXTORTION,8,0.8660254037844386,0.5000000000000001,7.0,8.0,8.333333333333334
Maharashtra,2024,2,FIREARM OFFENSE,8,0.8660254037844386,0.5000000000000001,8.0,12.0,9.0
Maharashtra,2024,2,FRAUD,8,0.8660254037844386,0.5000000000000001,8.0,7.0,8.666666666666666
Maharashtra,2024,2,HOMICIDE,8,0.8660254037844386,0.5000000000000001,7.0,10.0,9.0
Maharashtra,2024,2,IDENTITY THEFT,8,0.8660254037844386,0.5000000000000001,8.0,5.0,6.333333333333333
Maharashtra,2024,2,ILLEGAL POSSESSION,8,0.8660254037844386,0.5000000000000001,7.0,8.0,9.0
Maharashtra,2024,2,KIDNAPPING,8,0.8660254037844386,0.5000000000000001,8.0,6.0,7.666666666666667
Maharashtra,2024,2,PUBLIC INTOXICATION,8,0.8660254037844386,0.5000000000000001,8.0,7.0,8.333333333333334
Maharashtra,2024,2,ROBBERY,8,0.8660254037844386,0.5000000000000001,7.0,8.0,8.0
Maharashtra,2024,2,SEXUAL ASSAULT,9,0.8660254037844386,0.5000000000000001,8.0,3.0,5.666666666666667
Maharashtra,2024,2,SHOPLIFTING,8,0.8660254037844386,0.5000000000000001,9.0,8.0,9.0
Maharashtra,2024,2,TRAFFIC VIOLATION,7,0.8660254037844386,0.5000000000000001,8.0,4.0,8.666666666666666
Maharashtra,2024,2,VANDALISM,8,0.8660254037844386,0.5000000000000001,8.0,8.0,9.666666666666666
Maharashtra,2024,2,VEHICLE - STOLEN,9,0.8660254037844386,0.5000000000000001,11.0,8.0,8.0
Punjab,2024,2,ARSON,1,0.8660254037844386,0.5000000000000001,1.0,1.0,1.0
Punjab,2024,2,ASSAULT,1,0.8660254037844386,0.5000000000000001,1.0,2.0,1.6666666666666667
Punjab,2024,2,BURGLARY,1,0.8660254037844386,0.5000000000000001,1.0,2.0,2.6666666666666665
Punjab,2024,2,COUNTERFEITING,1,0.8660254037844386,0.5000000000000001,1.0,1.0,1.0
Punjab,2024,2,CYBERCRIME,1,0.8660254037844386,0.5000000000000001,1.0,1.0,1.0
Punjab,2024,2,DOMESTIC VIOLENCE,1,0.8660254037844386,0.5000000000000001,1.0,2.0,1.3333333333333333
Punjab,2024,2,DRUG OFFENSE,1,0.8660254037844386,0.5000000000000001,1.0,2.0,1.3333333333333333
Punjab,2024,2,EXTORTION,1,0.8660254037844386,0.5000000000000001,1.0,1.0,1.0
Punjab,2024,2,FIREARM OFFENSE,1,0.8660254037844386,0.5000000000000001,1.0,1.0,1.0
Punjab,2024,2,FRAUD,1,0.8660254037844386,0.5000000000000001,1.0,2.0,1.6666666666666667
Punjab,2024,2,HOMICIDE,1,0.8660254037844386,0.5000000000000001,1.0,2.0,2.3333333333333335
Punjab,2024,2,IDENTITY THEFT,1,0.8660254037844386,0.5000000000000001,1.0,1.0,1.0
Punjab,2024,2,ILLEGAL POSSESSION,1,0.8660254037844386,0.5000000000000001,1.0,2.0,1.3333333333333333
Punjab,2024,2,KIDNAPPING,1,0.8660254037844386,0.5000000000000001,1.0,1.0,1.0
Punjab,2024,2,PUBLIC INTOXICATION,1,0.8660254037844386,0.5000000000000001,1.0,1.0,1.0
Punjab,2024,2,ROBBERY,1,0.8660254037844386,0.5000000000000001,1.0,1.0,1.0
Punjab,2024,2,SEXUAL ASSAULT,1,0.8660254037844386,0.5000000000000001,1.0,1.0,1.0
Punjab,2024,2,SHOPLIFTING,1,0.8660254037844386,0.5000000000000001,1.0,1.0,1.0
Punjab,2024,2,TRAFFIC VIOLATION,1,0.8660254037844386,0.5000000000000001,1.0,2.0,2.0
Punjab,2024,2,VANDALISM,1,0.8660254037844386,0.5000000000000001,1.0,1.0,1.3333333333333333
Punjab,2024,2,VEHICLE - STOLEN,1,0.8660254037844386,0.5000000000000001,1.0,1.0,1.0
Rajasthan,2024,2,ARSON,1,0.8660254037844386,0.5000000000000001,1.0,1.0,1.0
Rajasthan,2024,2,ASSAULT,1,0.8660254037844386,0.5000000000000001,1.0,2.0,1.6666666666666667
Rajasthan,2024,2,BURGLARY,1,0.8660254037844386,0.5000000000000001,1.0,1.0,1.0
Rajasthan,2024,2,COUNTERFEITING,1,0.8660254037844386,0.5000000000000001,1.0,2.0,1.6666666666666667
Rajasthan,2024,2,CYBERCRIME,1,0.8660254037844386,0.5000000000000001,1.0,4.0,2.0
Rajasthan,2024,2,DOMESTIC VIOLENCE,1,0.8660254037844386,0.5000000000000001,1.0,2.0,1.3333333333333333
Rajasthan,2024,2,DRUG OFFENSE,1,0.8660254037844386,0.5000000000000001,1.0,2.0,1.3333333333333333
Rajasthan,2024,2,EXTORTION,1,0.8660254037844386,0.5000000000000001,1.0,3.0,2.0
Rajasthan,2024,2,FIREARM OFFENSE,1,0.8660254037844386,0.5000000000000001,1.0,1.0,1.3333333333333333
Rajasthan,2024,2,FRAUD,1,0.8660254037844386,0.5000000000000001,1.0,1.0,1.3333333333333333
Rajasthan,2024,2,HOMICIDE,1,0.8660254037844386,0.5000000000000001,1.0,1.0,1.0
Rajasthan,2024,2,IDENTITY THEFT,1,0.8660254037844386,0.5000000000000001,1.0,1.0,1.0
Rajasthan,2024,2,ILLEGAL POSSESSION,1,0.8660254037844386,0.5000000000000001,1.0,2.0,1.6666666666666667
Rajasthan,2024,2,KIDNAPPING,1,0.8660254037844386,0.5000000000000001,1.0,1.0,1.3333333333333333
Rajasthan,2024,2,PUBLIC INTOXICATION,1,0.8660254037844386,0.5000000000000001,1.0,1.0,1.0
Rajasthan,2024,2,ROBBERY,1,0.8660254037844386,0.5000000000000001,1.0,1.0,1.0
Rajasthan,2024,2,SEXUAL ASSAULT,1,0.8660254037844386,0.5000000000000001,1.0,1.0,1.0
Rajasthan,2024,2,SHOPLIFTING,1,0.8660254037844386,0.5000000000000001,1.0,1.0,1.0
Rajasthan,2024,2,TRAFFIC VIOLATION,1,0.8660254037844386,0.5000000000000001,2.0,1.0,2.0
Rajasthan,2024,2,VANDALISM,1,0.8660254037844386,0.5000000000000001,1.0,1.0,1.0
Rajasthan,2024,2,VEHICLE - STOLEN,1,0.8660254037844386,0.5000000000000001,1.0,1.0,1.0
Tamil Nadu,2024,2,ARSON,2,0.8660254037844386,0.5000000000000001,2.0,2.0,2.0
Tamil Nadu,2024,2,ASSAULT,2,0.8660254037844386,0.5000000000000001,2.0,1.0,1.3333333333333333
Tamil Nadu,2024,2,BURGLARY,2,0.8660254037844386,0.5000000000000001,2.0,2.0,2.6666666666666665
Tamil Nadu,2024,2,COUNTERFEITING,2,0.8660254037844386,0.5000000000000001,2.0,1.0,1.6666666666666667
Tamil Nadu,2024,2,CYBERCRIME,2,0.8660254037844386,0.5000000000000001,2.0,5.0,2.6666666666666665
Tamil Nadu,2024,2,DOMESTIC VIOLENCE,2,0.8660254037844386,0.5000000000000001,2.0,1.0,1.6666666666666667
Tamil Nadu,2024,2,DRUG OFFENSE,2,0.8660254037844386,0.5000000000000001,2.0,2.0,2.3333333333333335
Tamil Nadu,2024,2,EXTORTION,2,0.8660254037844386,0.5000000000000001,2.0,2.0,2.6666666666666665
Tamil Nadu,2024,2,FIREARM OFFENSE,2,0.8660254037844386,0.5000000000000001,2.0,2.0,2.0
Tamil Nadu,2024,2,FRAUD,2,0.8660254037844386,0.5000000000000001,2.0,2.0,1.6666666666666667
Tamil Nadu,2024,2,HOMICIDE,2,0.8660254037844386,0.5000000000000001,2.0,1.0,1.3333333333333333
Tamil Nadu,2024,2,IDENTITY THEFT,2,0.8660254037844386,0.5000000000000001,2.0,5.0,2.6666666666666665
Tamil Nadu,2024,2,ILLEGAL POSSESSION,2,0.8660254037844386,0.5000000000000001,2.0,2.0,1.6666666666666667
Tamil Nadu,2024,2,KIDNAPPING,2,0.8660254037844386,0.5000000000000001,2.0,3.0,3.3333333333333335
Tamil Nadu,2024,2,PUBLIC INTOXICATION,2,0.8660254037844386,0.5000000000000001,2.0,2.0,2.0
Tamil Nadu,2024,2,ROBBERY,2,0.8660254037844386,0.5000000000000001,2.0,4.0,3.3333333333333335
Tamil Nadu,2024,2,SEXUAL ASSAULT,2,0.8660254037844386,0.5000000000000001,2.0,1.0,1.3333333333333333
Tamil Nadu,2024,2,SHOPLIFTING,2,0.8660254037844386,0.5000000000000001,2.0,5.0,3.3333333333333335
Tamil Nadu,2024,2,TRAFFIC VIOLATION,2,0.8660254037844386,0.5000000000000001,2.0,2.0,2.3333333333333335
Tamil Nadu,2024,2,VANDALISM,2,0.8660254037844386,0.5000000000000001,2.0,2.0,1.6666666666666667
Tamil Nadu,2024,2,VEHICLE - STOLEN,2,0.8660254037844386,0.5000000000000001,2.0,3.0,2.0
Telangana,2024,2,ARSON,3,0.8660254037844386,0.5000000000000001,3.0,1.0,2.6666666666666665
Telangana,2024,2,ASSAULT,2,0.8660254037844386,0.5000000000000001,2.0,4.0,3.0
Telangana,2024,2,BURGLARY,2,0.8660254037844386,0.5000000000000001,3.0,2.0,2.0
Telangana,2024,2,COUNTERFEITING,3,0.8660254037844386,0.5000000000000001,3.0,3.0,2.6666666666666665
Telangana,2024,2,CYBERCRIME,2,0.8660254037844386,0.5000000000000001,2.0,2.0,2.6666666666666665
Telangana,2024,2,DOMESTIC VIOLENCE,3,0.8660254037844386,0.5000000000000001,3.0,2.0,2.3333333333333335
Telangana,2024,2,DRUG OFFENSE,2,0.8660254037844386,0.5000000000000001,2.0,3.0,3.0
Telangana,2024,2,EXTORTION,2,0.8660254037844386,0.5000000000000001,2.0,1.0,2.6666666666666665
Telangana,2024,2,FIREARM OFFENSE,3,0.8660254037844386,0.5000000000000001,3.0,2.0,2.0
Telangana,2024,2,FRAUD,3,0.8660254037844386,0.5000000000000001,2.0,3.0,2.6666666666666665
Telangana,2024,2,HOMICIDE,2,0.8660254037844386,0.5000000000000001,2.0,4.0,3.3333333333333335
Telangana,2024,2,IDENTITY THEFT,3,0.8660254037844386,0.5000000000000001,3.0,3.0,2.3333333333333335
Telangana,2024,2,ILLEGAL POSSESSION,3,0.8660254037844386,0.5000000000000001,3.0,3.0,2.6666666666666665
Telangana,2024,2,KIDNAPPING,2,0.8660254037844386,0.5000000000000001,2.0,2.0,3.0
Telangana,2024,2,PUBLIC INTOXICATION,3,0.8660254037844386,0.5000000000000001,2.0,4.0,3.0
Telangana,2024,2,ROBBERY,2,0.8660254037844386,0.5000000000000001,2.0,1.0,1.3333333333333333
Telangana,2024,2,SEXUAL ASSAULT,3,0.8660254037844386,0.5000000000000001,2.0,2.0,2.3333333333333335
Telangana,2024,2,SHOPLIFTING,2,0.8660254037844386,0.5000000000000001,2.0,1.0,3.0
Telangana,2024,2,TRAFFIC VIOLATION,3,0.8660254037844386,0.5000000000000001,2.0,4.0,3.3333333333333335
Telangana,2024,2,VANDALISM,2,0.8660254037844386,0.5000000000000001,2.0,6.0,3.3333333333333335
Telangana,2024,2,VEHICLE - STOLEN,3,0.8660254037844386,0.5000000000000001,2.0,3.0,2.3333333333333335
Uttar Pradesh,2024,2,ARSON,4,0.8660254037844386,0.5000000000000001,4.0,5.0,5.333333333333333
Uttar Pradesh,2024,2,ASSAULT,4,0.8660254037844386,0.5000000000000001,4.0,7.0,4.333333333333333
Uttar Pradesh,2024,2,BURGLARY,4,0.8660254037844386,0.5000000000000001,4.0,4.0,4.333333333333333
Uttar Pradesh,2024,2,COUNTERFEITING,4,0.8660254037844386,0.5000000000000001,4.0,4.0,3.6666666666666665
Uttar Pradesh,2024,2,CYBERCRIME,4,0.8660254037844386,0.5000000000000001,4.0,5.0,4.333333333333333
Uttar Pradesh,2024,2,DOMESTIC VIOLENCE,4,0.8660254037844386,0.5000000000000001,4.0,4.0,3.0
Uttar Pradesh,2024,2,DRUG OFFENSE,4,0.8660254037844386,0.5000000000000001,4.0,6.0,4.0
Uttar Pradesh,2024,2,EXTORTION,4,0.8660254037844386,0.5000000000000001,4.0,1.0,3.0
Uttar Pradesh,2024,2,FIREARM OFFENSE,4,0.8660254037844386,0.5000000000000001,4.0,5.0,4.333333333333333
Uttar Pradesh,2024,2,FRAUD,4,0.8660254037844386,0.5000000000000001,4.0,6.0,5.333333333333333
Uttar Pradesh,2024,2,HOMICIDE,4,0.8660254037844386,0.5000000000000001,4.0,1.0,3.3333333333333335
Uttar Pradesh,2024,2,IDENTITY THEFT,4,0.8660254037844386,0.5000000000000001,4.0,6.0,5.0
Uttar Pradesh,2024,2,ILLEGAL POSSESSION,4,0.8660254037844386,0.5000000000000001,4.0,3.0,3.6666666666666665
Uttar Pradesh,2024,2,KIDNAPPING,4,0.8660254037844386,0.5000000000000001,4.0,5.0,3.3333333333333335
Uttar Pradesh,2024,2,PUBLIC INTOXICATION,4,0.8660254037844386,0.5000000000000001,4.0,1.0,3.3333333333333335
Uttar Pradesh,2024,2,ROBBERY,4,0.8660254037844386,0.5000000000000001,4.0,6.0,6.333333333333333
Uttar Pradesh,2024,2,SEXUAL ASSAULT,4,0.8660254037844386,0.5000000000000001,4.0,3.0,4.666666666666667
Uttar Pradesh,2024,2,SHOPLIFTING,4,0.8660254037844386,0.5000000000000001,4.0,4.0,4.333333333333333
Uttar Pradesh,2024,2,TRAFFIC VIOLATION,4,0.8660254037844386,0.5000000000000001,4.0,4.0,4.0
Uttar Pradesh,2024,2,VANDALISM,4,0.8660254037844386,0.5000000000000001,4.0,3.0,4.0
Uttar Pradesh,2024,2,VEHICLE - STOLEN,4,0.8660254037844386,0.5000000000000001,4.0,5.0,4.666666666666667
West Bengal,2024,2,ARSON,3,0.8660254037844386,0.5000000000000001,3.0,2.0,2.0
West Bengal,2024,2,ASSAULT,3,0.8660254037844386,0.5000000000000001,3.0,1.0,2.6666666666666665
West Bengal,2024,2,BURGLARY,3,0.8660254037844386,0.5000000000000001,3.0,5.0,4.333333333333333
West Bengal,2024,2,COUNTERFEITING,3,0.8660254037844386,0.5000000000000001,3.0,2.0,2.0
West Bengal,2024,2,CYBERCRIME,2,0.8660254037844386,0.5000000000000001,3.0,4.0,3.3333333333333335
West Bengal,2024,2,DOMESTIC VIOLENCE,2,0.8660254037844386,0.5000000000000001,2.0,5.0,3.6666666666666665
West Bengal,2024,2,DRUG OFFENSE,2,0.8660254037844386,0.5000000000000001,3.0,1.0,1.6666666666666667
West Bengal,2024,2,EXTORTION,2,0.8660254037844386,0.5000000000000001,2.0,1.0,3.0
West Bengal,2024,2,FIREARM OFFENSE,2,0.8660254037844386,0.5000000000000001,2.0,1.0,2.0
West Bengal,2024,2,FRAUD,3,0.8660254037844386,0.5000000000000001,2.0,1.0,1.6666666666666667
West Bengal,2024,2,HOMICIDE,2,0.8660254037844386,0.5000000000000001,2.0,2.0,2.0
West Bengal,2024,2,IDENTITY THEFT,2,0.8660254037844386,0.5000000000000001,2.0,4.0,2.3333333333333335
West Bengal,2024,2,ILLEGAL POSSESSION,3,0.8660254037844386,0.5000000000000001,2.0,2.0,1.6666666666666667
West Bengal,2024,2,KIDNAPPING,3,0.8660254037844386,0.5000000000000001,3.0,2.0,2.3333333333333335
West Bengal,2024,2,PUBLIC INTOXICATION,3,0.8660254037844386,0.5000000000000001,3.0,2.0,2.0
West Bengal,2024,2,ROBBERY,2,0.8660254037844386,0.5000000000000001,2.0,1.0,2.3333333333333335
West Bengal,2024,2,SEXUAL ASSAULT,2,0.8660254037844386,0.5000000000000001,3.0,2.0,2.3333333333333335
West Bengal,2024,2,SHOPLIFTING,2,0.8660254037844386,0.5000000000000001,2.0,1.0,1.6666666666666667
West Bengal,2024,2,TRAFFIC VIOLATION,3,0.8660254037844386,0.5000000000000001,3.0,2.0,2.3333333333333335
West Bengal,2024,2,VANDALISM,2,0.8660254037844386,0.5000000000000001,3.0,2.0,2.0
West Bengal,2024,2,VEHICLE - STOLEN,2,0.8660254037844386,0.5000000000000001,2.0,2.0,2.3333333333333335
Andhra Pradesh,2024,3,ARSON,1,1.0,6.123233995736766e-17,1.0,2.0,1.3333333333333333
Andhra Pradesh,2024,3,ASSAULT,1,1.0,6.123233995736766e-17,1.0,2.0,1.3333333333333333
Andhra Pradesh,2024,3,BURGLARY,1,1.0,6.123233995736766e-17,1.0,1.0,1.0
Andhra Pradesh,2024,3,COUNTERFEITING,1,1.0,6.123233995736766e-17,1.0,1.0,1.0
Andhra Pradesh,2024,3,CYBERCRIME,1,1.0,6.123233995736766e-17,1.0,1.0,1.0
Andhra Pradesh,2024,3,DOMESTIC VIOLENCE,1,1.0,6.123233995736766e-17,1.0,2.0,1.3333333333333333
Andhra Pradesh,2024,3,DRUG OFFENSE,1,1.0,6.123233995736766e-17,1.0,2.0,1.3333333333333333
Andhra Pradesh,2024,3,EXTORTION,1,1.0,6.123233995736766e-17,1.0,1.0,1.0
Andhra Pradesh,2024,3,FIREARM OFFENSE,1,1.0,6.123233995736766e-17,1.0,1.0,1.0
Andhra Pradesh,2024,3,FRAUD,1,1.0,6.123233995736766e-17,1.0,1.0,1.0
Andhra Pradesh,2024,3,HOMICIDE,1,1.0,6.123233995736766e-17,1.0,1.0,1.0
Andhra Pradesh,2024,3,IDENTITY THEFT,1,1.0,6.123233995736766e-17,1.0,1.0,1.0
Andhra Pradesh,2024,3,ILLEGAL POSSESSION,1,1.0,6.123233995736766e-17,1.0,1.0,1.0
Andhra Pradesh,2024,3,KIDNAPPING,1,1.0,6.123233995736766e-17,1.0,1.0,1.0
Andhra Pradesh,2024,3,PUBLIC INTOXICATION,1,1.0,6.123233995736766e-17,1.0,1.0,1.0
Andhra Pradesh,2024,3,ROBBERY,1,1.0,6.123233995736766e-17,1.0,1.0,1.0
Andhra Pradesh,2024,3,SEXUAL ASSAULT,1,1.0,6.123233995736766e-17,1.0,1.0,1.0
Andhra Pradesh,2024,3,SHOPLIFTING,1,1.0,6.123233995736766e-17,1.0,1.0,1.0
Andhra Pradesh,2024,3,TRAFFIC VIOLATION,1,1.0,6.123233995736766e-17,1.0,1.0,1.0
Andhra Pradesh,2024,3,VANDALISM,1,1.0,6.123233995736766e-17,1.0,1.0,1.0
Andhra Pradesh,2024,3,VEHICLE - STOLEN,1,1.0,6.123233995736766e-17,1.0,2.0,1.3333333333333333
Bihar,2024,3,ARSON,1,1.0,6.123233995736766e-17,1.0,1.0,1.0
Bihar,2024,3,ASSAULT,1,1.0,6.123233995736766e-17,1.0,1.0,1.0
Bihar,2024,3,BURGLARY,1,1.0,6.123233995736766e-17,1.0,1.0,1.0
Bihar,2024,3,COUNTERFEITING,1,1.0,6.123233995736766e-17,1.0,1.0,1.0
Bihar,2024,3,CYBERCRIME,1,1.0,6.123233995736766e-17,1.0,2.0,1.3333333333333333
Bihar,2024,3,DOMESTIC VIOLENCE,1,1.0,6.123233995736766e-17,1.0,1.0,1.0
Bihar,2024,3,DRUG OFFENSE,1,1.0,6.123233995736766e-17,1.0,1.0,1.0
Bihar,2024,3,EXTORTION,1,1.0,6.123233995736766e-17,1.0,1.0,1.0
Bihar,2024,3,FIREARM OFFENSE,1,1.0,6.123233995736766e-17,1.0,2.0,1.3333333333333333
Bihar,2024,3,FRAUD,1,1.0,6.123233995736766e-17,1.0,1.0,1.0
Bihar,2024,3,HOMICIDE,1,1.0,6.123233995736766e-17,1.0,1.0,1.0
Bihar,2024,3,IDENTITY THEFT,1,1.0,6.123233995736766e-17,1.0,1.0,1.0
Bihar,2024,3,ILLEGAL POSSESSION,1,1.0,6.123233995736766e-17,1.0,1.0,1.0
Bihar,2024,3,KIDNAPPING,1,1.0,6.123233995736766e-17,1.0,1.0,1.0
Bihar,2024,3,PUBLIC INTOXICATION,1,1.0,6.123233995736766e-17,1.0,1.0,1.0
Bihar,2024,3,ROBBERY,1,1.0,6.123233995736766e-17,1.0,1.0,1.0
Bihar,2024,3,SEXUAL ASSAULT,1,1.0,6.123233995736766e-17,1.0,3.0,1.6666666666666667
Bihar,2024,3,SHOPLIFTING,1,1.0,6.123233995736766e-17,1.0,1.0,1.0
Bihar,2024,3,TRAFFIC VIOLATION,1,1.0,6.123233995736766e-17,1.0,1.0,1.0
Bihar,2024,3,VANDALISM,1,1.0,6.123233995736766e-17,1.0,2.0,1.3333333333333333
Bihar,2024,3,VEHICLE - STOLEN,1,1.0,6.123233995736766e-17,1.0,1.0,1.0
Delhi,2024,3,ARSON,4,1.0,6.123233995736766e-17,4.0,3.0,3.6666666666666665
Delhi,2024,3,ASSAULT,4,1.0,6.123233995736766e-17,4.0,2.0,3.3333333333333335
Delhi,2024,3,BURGLARY,4,1.0,6.123233995736766e-17,4.0,5.0,4.333333333333333
Delhi,2024,3,COUNTERFEITING,4,1.0,6.123233995736766e-17,4.0,3.0,3.6666666666666665
Delhi,2024,3,CYBERCRIME,4,1.0,6.123233995736766e-17,4.0,6.0,4.666666666666667
Delhi,2024,3,DOMESTIC VIOLENCE,4,1.0,6.123233995736766e-17,4.0,1.0,3.0
Delhi,2024,3,DRUG OFFENSE,4,1.0,6.123233995736766e-17,4.0,4.0,4.0
Delhi,2024,3,EXTORTION,4,1.0,6.123233995736766e-17,4.0,3.0,3.6666666666666665
Delhi,2024,3,FIREARM OFFENSE,4,1.0,6.123233995736766e-17,4.0,1.0,3.0
Delhi,2024,3,FRAUD,4,1.0,6.123233995736766e-17,4.0,3.0,4.0
Delhi,2024,3,HOMICIDE,4,1.0,6.123233995736766e-17,4.0,5.0,4.333333333333333
Delhi,2024,3,IDENTITY THEFT,4,1.0,6.123233995736766e-17,4.0,8.0,5.333333333333333
Delhi,2024,3,ILLEGAL POSSESSION,4,1.0,6.123233995736766e-17,4.0,7.0,5.0
Delhi,2024,3,KIDNAPPING,4,1.0,6.123233995736766e-17,4.0,6.0,4.666666666666667
Delhi,2024,3,PUBLIC INTOXICATION,4,1.0,6.123233995736766e-17,4.0,3.0,3.6666666666666665
Delhi,2024,3,ROBBERY,4,1.0,6.123233995736766e-17,4.0,1.0,3.0
Delhi,2024,3,SEXUAL ASSAULT,4,1.0,6.123233995736766e-17,4.0,6.0,4.666666666666667
Delhi,2024,3,SHOPLIFTING,4,1.0,6.123233995736766e-17,4.0,4.0,4.0
Delhi,2024,3,TRAFFIC VIOLATION,4,1.0,6.123233995736766e-17,3.0,6.0,4.333333333333333
Delhi,2024,3,VANDALISM,4,1.0,6.123233995736766e-17,4.0,4.0,4.0
Delhi,2024,3,VEHICLE - STOLEN,4,1.0,6.123233995736766e-17,4.0,1.0,3.0
Gujarat,2024,3,ARSON,3,1.0,6.123233995736766e-17,3.0,2.0,2.6666666666666665
Gujarat,2024,3,ASSAULT,3,1.0,6.123233995736766e-17,3.0,3.0,3.0
Gujarat,2024,3,BURGLARY,3,1.0,6.123233995736766e-17,3.0,3.0,3.0
Gujarat,2024,3,COUNTERFEITING,3,1.0,6.123233995736766e-17,3.0,1.0,2.3333333333333335
Gujarat,2024,3,CYBERCRIME,3,1.0,6.123233995736766e-17,3.0,1.0,2.3333333333333335
Gujarat,2024,3,DOMESTIC VIOLENCE,3,1.0,6.123233995736766e-17,3.0,3.0,3.0
Gujarat,2024,3,DRUG OFFENSE,3,1.0,6.123233995736766e-17,3.0,2.0,2.6666666666666665
Gujarat,2024,3,EXTORTION,3,1.0,6.123233995736766e-17,3.0,1.0,2.3333333333333335
Gujarat,2024,3,FIREARM OFFENSE,3,1.0,6.123233995736766e-17,3.0,2.0,2.6666666666666665
Gujarat,2024,3,FRAUD,3,1.0,6.123233995736766e-17,3.0,4.0,3.3333333333333335
Gujarat,2024,3,HOMICIDE,3,1.0,6.123233995736766e-17,3.0,3.0,3.0
Gujarat,2024,3,IDENTITY THEFT,3,1.0,6.123233995736766e-17,3.0,4.0,3.3333333333333335
Gujarat,2024,3,ILLEGAL POSSESSION,3,1.0,6.123233995736766e-17,3.0,5.0,3.6666666666666665
Gujarat,2024,3,KIDNAPPING,3,1.0,6.123233995736766e-17,3.0,6.0,4.0
Gujarat,2024,3,PUBLIC INTOXICATION,3,1.0,6.123233995736766e-17,3.0,2.0,2.6666666666666665
Gujarat,2024,3,ROBBERY,3,1.0,6.123233995736766e-17,3.0,3.0,3.0
Gujarat,2024,3,SEXUAL ASSAULT,3,1.0,6.123233995736766e-17,3.0,4.0,3.3333333333333335
Gujarat,2024,3,SHOPLIFTING,3,1.0,6.123233995736766e-17,3.0,2.0,2.6666666666666665
Gujarat,2024,3,TRAFFIC VIOLATION,3,1.0,6.123233995736766e-17,3.0,4.0,3.3333333333333335
Gujarat,2024,3,VANDALISM,3,1.0,6.123233995736766e-17,3.0,2.0,2.6666666666666665
Gujarat,2024,3,VEHICLE - STOLEN,3,1.0,6.123233995736766e-17,3.0,2.0,2.6666666666666665
Haryana,2024,3,ARSON,1,1.0,6.123233995736766e-17,1.0,1.0,1.0
Haryana,2024,3,ASSAULT,1,1.0,6.123233995736766e-17,1.0,1.0,1.0
Haryana,2024,3,BURGLARY,1,1.0,6.123233995736766e-17,1.0,1.0,1.0
Haryana,2024,3,COUNTERFEITING,1,1.0,6.123233995736766e-17,1.0,1.0,1.0
Haryana,2024,3,CYBERCRIME,1,1.0,6.123233995736766e-17,1.0,2.0,1.3333333333333333
Haryana,2024,3,DOMESTIC VIOLENCE,1,1.0,6.123233995736766e-17,1.0,1.0,1.0
Haryana,2024,3,DRUG OFFENSE,1,1.0,6.123233995736766e-17,1.0,1.0,1.0
Haryana,2024,3,EXTORTION,1,1.0,6.123233995736766e-17,1.0,2.0,1.3333333333333333
Haryana,2024,3,FIREARM OFFENSE,1,1.0,6.123233995736766e-17,1.0,1.0,1.0
Haryana,2024,3,FRAUD,1,1.0,6.123233995736766e-17,1.0,1.0,1.0
Haryana,2024,3,HOMICIDE,1,1.0,6.123233995736766e-17,1.0,1.0,1.0
Haryana,2024,3,IDENTITY THEFT,1,1.0,6.123233995736766e-17,1.0,1.0,1.0
Haryana,2024,3,ILLEGAL POSSESSION,1,1.0,6.123233995736766e-17,1.0,1.0,1.0
Haryana,2024,3,KIDNAPPING,1,1.0,6.123233995736766e-17,1.0,1.0,1.0
Haryana,2024,3,PUBLIC INTOXICATION,1,1.0,6.123233995736766e-17,1.0,2.0,1.3333333333333333
Haryana,2024,3,ROBBERY,1,1.0,6.123233995736766e-17,1.0,1.0,1.0
Haryana,2024,3,SEXUAL ASSAULT,1,1.0,6.123233995736766e-17,1.0,1.0,1.0
Haryana,2024,3,SHOPLIFTING,1,1.0,6.123233995736766e-17,1.0,1.0,1.0
Haryana,2024,3,TRAFFIC VIOLATION,1,1.0,6.123233995736766e-17,1.0,1.0,1.0
Haryana,2024,3,VANDALISM,1,1.0,6.123233995736766e-17,1.0,1.0,1.0
Haryana,2024,3,VEHICLE - STOLEN,1,1.0,6.123233995736766e-17,1.0,1.0,1.0
Jammu and Kashmir,2024,3,ARSON,1,1.0,6.123233995736766e-17,1.0,1.0,1.0
Jammu and Kashmir,2024,3,ASSAULT,1,1.0,6.123233995736766e-17,1.0,1.0,1.0
Jammu and Kashmir,2024,3,BURGLARY,1,1.0,6.123233995736766e-17,1.0,1.0,1.0
Jammu and Kashmir,2024,3,COUNTERFEITING,1,1.0,6.123233995736766e-17,1.0,1.0,1.0
Jammu and Kashmir,2024,3,CYBERCRIME,1,1.0,6.123233995736766e-17,1.0,1.0,1.0
Jammu and Kashmir,2024,3,DOMESTIC VIOLENCE,1,1.0,6.123233995736766e-17,1.0,1.0,1.0
Jammu and Kashmir,2024,3,DRUG OFFENSE,1,1.0,6.123233995736766e-17,1.0,1.0,1.0
Jammu and Kashmir,2024,3,EXTORTION,1,1.0,6.123233995736766e-17,1.0,1.0,1.0
Jammu and Kashmir,2024,3,FIREARM OFFENSE,1,1.0,6.123233995736766e-17,1.0,1.0,1.0
Jammu and Kashmir,2024,3,FRAUD,1,1.0,6.123233995736766e-17,1.0,1.0,1.0
Jammu and Kashmir,2024,3,HOMICIDE,1,1.0,6.123233995736766e-17,1.0,2.0,1.3333333333333333
Jammu and Kashmir,2024,3,IDENTITY THEFT,1,1.0,6.123233995736766e-17,1.0,2.0,1.3333333333333333
Jammu and Kashmir,2024,3,ILLEGAL POSSESSION,1,1.0,6.123233995736766e-17,1.0,1.0,1.0
Jammu and Kashmir,2024,3,KIDNAPPING,1,1.0,6.123233995736766e-17,1.0,1.0,1.0
Jammu and Kashmir,2024,3,PUBLIC INTOXICATION,1,1.0,6.123233995736766e-17,1.0,2.0,1.3333333333333333
Jammu and Kashmir,2024,3,ROBBERY,1,1.0,6.123233995736766e-17,1.0,1.0,1.0
Jammu and Kashmir,2024,3,SEXUAL ASSAULT,1,1.0,6.123233995736766e-17,1.0,1.0,1.0
Jammu and Kashmir,2024,3,SHOPLIFTING,1,1.0,6.123233995736766e-17,1.0,1.0,1.0
Jammu and Kashmir,2024,3,TRAFFIC VIOLATION,1,1.0,6.123233995736766e-17,1.0,1.0,1.0
Jammu and Kashmir,2024,3,VANDALISM,1,1.0,6.123233995736766e-17,1.0,1.0,1.0
Jammu and Kashmir,2024,3,VEHICLE - STOLEN,1,1.0,6.123233995736766e-17,1.0,1.0,1.0
Karnataka,2024,3,ARSON,3,1.0,6.123233995736766e-17,3.0,5.0,3.6666666666666665
Karnataka,2024,3,ASSAULT,3,1.0,6.123233995736766e-17,3.0,5.0,3.6666666666666665
Karnataka,2024,3,BURGLARY,3,1.0,6.123233995736766e-17,3.0,2.0,2.6666666666666665
Karnataka,2024,3,COUNTERFEITING,3,1.0,6.123233995736766e-17,3.0,1.0,2.3333333333333335
Karnataka,2024,3,CYBERCRIME,3,1.0,6.123233995736766e-17,3.0,1.0,2.3333333333333335
Karnataka,2024,3,DOMESTIC VIOLENCE,3,1.0,6.123233995736766e-17,3.0,4.0,3.3333333333333335
Karnataka,2024,3,DRUG OFFENSE,3,1.0,6.123233995736766e-17,3.0,2.0,2.6666666666666665
Karnataka,2024,3,EXTORTION,3,1.0,6.123233995736766e-17,3.0,2.0,2.6666666666666665
Karnataka,2024,3,FIREARM OFFENSE,3,1.0,6.123233995736766e-17,3.0,5.0,3.6666666666666665
Karnataka,2024,3,FRAUD,3,1.0,6.123233995736766e-17,3.0,3.0,3.0
Karnataka,2024,3,HOMICIDE,3,1.0,6.123233995736766e-17,3.0,3.0,3.0
Karnataka,2024,3,IDENTITY THEFT,3,1.0,6.123233995736766e-17,3.0,4.0,3.3333333333333335
Karnataka,2024,3,ILLEGAL POSSESSION,3,1.0,6.123233995736766e-17,3.0,4.0,3.3333333333333335
Karnataka,2024,3,KIDNAPPING,3,1.0,6.123233995736766e-17,3.0,6.0,4.0
Karnataka,2024,3,PUBLIC INTOXICATION,3,1.0,6.123233995736766e-17,3.0,4.0,3.3333333333333335
Karnataka,2024,3,ROBBERY,3,1.0,6.123233995736766e-17,3.0,1.0,2.3333333333333335
Karnataka,2024,3,SEXUAL ASSAULT,3,1.0,6.123233995736766e-17,3.0,6.0,4.0
Karnataka,2024,3,SHOPLIFTING,3,1.0,6.123233995736766e-17,3.0,2.0,2.6666666666666665
Karnataka,2024,3,TRAFFIC VIOLATION,3,1.0,6.123233995736766e-17,3.0,4.0,3.3333333333333335
Karnataka,2024,3,VANDALISM,3,1.0,6.123233995736766e-17,3.0,2.0,2.6666666666666665
Karnataka,2024,3,VEHICLE - STOLEN,3,1.0,6.123233995736766e-17,3.0,2.0,2.6666666666666665
Madhya Pradesh,2024,3,ARSON,2,1.0,6.123233995736766e-17,1.0,3.0,1.6666666666666667
Madhya Pradesh,2024,3,ASSAULT,2,1.0,6.123233995736766e-17,2.0,3.0,2.3333333333333335
Madhya Pradesh,2024,3,BURGLARY,1,1.0,6.123233995736766e-17,1.0,1.0,1.0
Madhya Pradesh,2024,3,COUNTERFEITING,1,1.0,6.123233995736766e-17,1.0,2.0,1.3333333333333333
Madhya Pradesh,2024,3,CYBERCRIME,1,1.0,6.123233995736766e-17,1.0,2.0,1.3333333333333333
Madhya Pradesh,2024,3,DOMESTIC VIOLENCE,1,1.0,6.123233995736766e-17,1.0,1.0,1.0
Madhya Pradesh,2024,3,DRUG OFFENSE,1,1.0,6.123233995736766e-17,1.0,1.0,1.0
Madhya Pradesh,2024,3,EXTORTION,1,1.0,6.123233995736766e-17,1.0,4.0,2.0
Madhya Pradesh,2024,3,FIREARM OFFENSE,1,1.0,6.123233995736766e-17,1.0,3.0,1.6666666666666667
Madhya Pradesh,2024,3,FRAUD,1,1.0,6.123233995736766e-17,1.0,1.0,1.0
Madhya Pradesh,2024,3,HOMICIDE,1,1.0,6.123233995736766e-17,1.0,1.0,1.0
Madhya Pradesh,2024,3,IDENTITY THEFT,1,1.0,6.123233995736766e-17,1.0,2.0,1.3333333333333333
Madhya Pradesh,2024,3,ILLEGAL POSSESSION,1,1.0,6.123233995736766e-17,1.0,1.0,1.0
Madhya Pradesh,2024,3,KIDNAPPING,1,1.0,6.123233995736766e-17,1.0,2.0,1.3333333333333333
Madhya Pradesh,2024,3,PUBLIC INTOXICATION,1,1.0,6.123233995736766e-17,1.0,1.0,1.0
Madhya Pradesh,2024,3,ROBBERY,2,1.0,6.123233995736766e-17,1.0,1.0,1.0
Madhya Pradesh,2024,3,SEXUAL ASSAULT,1,1.0,6.123233995736766e-17,1.0,1.0,1.0
Madhya Pradesh,2024,3,SHOPLIFTING,1,1.0,6.123233995736766e-17,1.0,1.0,1.0
Madhya Pradesh,2024,3,TRAFFIC VIOLATION,2,1.0,6.123233995736766e-17,1.0,1.0,1.0
Madhya Pradesh,2024,3,VANDALISM,1,1.0,6.123233995736766e-17,1.0,1.0,1.0
Madhya Pradesh,2024,3,VEHICLE - STOLEN,1,1.0,6.123233995736766e-17,1.0,1.0,1.0
Maharashtra,2024,3,ARSON,8,1.0,6.123233995736766e-17,8.0,7.0,7.666666666666667
Maharashtra,2024,3,ASSAULT,8,1.0,6.123233995736766e-17,8.0,9.0,8.333333333333334
Maharashtra,2024,3,BURGLARY,9,1.0,6.123233995736766e-17,8.0,11.0,9.0
Maharashtra,2024,3,COUNTERFEITING,8,1.0,6.123233995736766e-17,8.0,10.0,8.666666666666666
Maharashtra,2024,3,CYBERCRIME,8,1.0,6.123233995736766e-17,9.0,7.0,8.333333333333334
Maharashtra,2024,3,DOMESTIC VIOLENCE,8,1.0,6.123233995736766e-17,9.0,8.0,8.0
Maharashtra,2024,3,DRUG OFFENSE,9,1.0,6.123233995736766e-17,9.0,10.0,9.333333333333334
Maharashtra,2024,3,EXTORTION,9,1.0,6.123233995736766e-17,8.0,10.0,8.333333333333334
Maharashtra,2024,3,FIREARM OFFENSE,8,1.0,6.123233995736766e-17,8.0,7.0,7.666666666666667
Maharashtra,2024,3,FRAUD,9,1.0,6.123233995736766e-17,8.0,11.0,9.0
Maharashtra,2024,3,HOMICIDE,8,1.0,6.123233995736766e-17,8.0,10.0,8.333333333333334
Maharashtra,2024,3,IDENTITY THEFT,8,1.0,6.123233995736766e-17,8.0,6.0,7.333333333333333
Maharashtra,2024,3,ILLEGAL POSSESSION,9,1.0,6.123233995736766e-17,8.0,12.0,9.0
Maharashtra,2024,3,KIDNAPPING,8,1.0,6.123233995736766e-17,8.0,9.0,8.333333333333334
Maharashtra,2024,3,PUBLIC INTOXICATION,9,1.0,6.123233995736766e-17,8.0,10.0,8.666666666666666
Maharashtra,2024,3,ROBBERY,8,1.0,6.123233995736766e-17,8.0,9.0,8.0
Maharashtra,2024,3,SEXUAL ASSAULT,8,1.0,6.123233995736766e-17,9.0,6.0,7.666666666666667
Maharashtra,2024,3,SHOPLIFTING,9,1.0,6.123233995736766e-17,8.0,10.0,9.0
Maharashtra,2024,3,TRAFFIC VIOLATION,9,1.0,6.123233995736766e-17,7.0,14.0,9.666666666666666
Maharashtra,2024,3,VANDALISM,9,1.0,6.123233995736766e-17,8.0,13.0,9.666666666666666
Maharashtra,2024,3,VEHICLE - STOLEN,8,1.0,6.123233995736766e-17,9.0,5.0,8.333333333333334
Punjab,2024,3,ARSON,1,1.0,6.123233995736766e-17,1.0,1.0,1.0
Punjab,2024,3,ASSAULT,1,1.0,6.123233995736766e-17,1.0,2.0,1.3333333333333333
Punjab,2024,3,BURGLARY,1,1.0,6.123233995736766e-17,1.0,5.0,2.3333333333333335
Punjab,2024,3,COUNTERFEITING,1,1.0,6.123233995736766e-17,1.0,1.0,1.0
Punjab,2024,3,CYBERCRIME,1,1.0,6.123233995736766e-17,1.0,1.0,1.0
Punjab,2024,3,DOMESTIC VIOLENCE,1,1.0,6.123233995736766e-17,1.0,1.0,1.0
Punjab,2024,3,DRUG OFFENSE,1,1.0,6.123233995736766e-17,1.0,1.0,1.0
Punjab,2024,3,EXTORTION,1,1.0,6.123233995736766e-17,1.0,1.0,1.0
Punjab,2024,3,FIREARM OFFENSE,1,1.0,6.123233995736766e-17,1.0,1.0,1.0
Punjab,2024,3,FRAUD,1,1.0,6.123233995736766e-17,1.0,2.0,1.3333333333333333
Punjab,2024,3,HOMICIDE,1,1.0,6.123233995736766e-17,1.0,4.0,2.0
Punjab,2024,3,IDENTITY THEFT,1,1.0,6.123233995736766e-17,1.0,1.0,1.0
Punjab,2024,3,ILLEGAL POSSESSION,1,1.0,6.123233995736766e-17,1.0,1.0,1.0
Punjab,2024,3,KIDNAPPING,1,1.0,6.123233995736766e-17,1.0,1.0,1.0
Punjab,2024,3,PUBLIC INTOXICATION,1,1.0,6.123233995736766e-17,1.0,1.0,1.0
Punjab,2024,3,ROBBERY,1,1.0,6.123233995736766e-17,1.0,1.0,1.0
Punjab,2024,3,SEXUAL ASSAULT,1,1.0,6.123233995736766e-17,1.0,1.0,1.0
Punjab,2024,3,SHOPLIFTING,1,1.0,6.123233995736766e-17,1.0,1.0,1.0
Punjab,2024,3,TRAFFIC VIOLATION,1,1.0,6.123233995736766e-17,1.0,3.0,1.6666666666666667
Punjab,2024,3,VANDALISM,1,1.0,6.123233995736766e-17,1.0,2.0,1.3333333333333333
Punjab,2024,3,VEHICLE - STOLEN,1,1.0,6.123233995736766e-17,1.0,1.0,1.0
Rajasthan,2024,3,ARSON,1,1.0,6.123233995736766e-17,1.0,1.0,1.0
Rajasthan,2024,3,ASSAULT,1,1.0,6.123233995736766e-17,1.0,2.0,1.3333333333333333
Rajasthan,2024,3,BURGLARY,1,1.0,6.123233995736766e-17,1.0,1.0,1.0
Rajasthan,2024,3,COUNTERFEITING,1,1.0,6.123233995736766e-17,1.0,2.0,1.3333333333333333
Rajasthan,2024,3,CYBERCRIME,1,1.0,6.123233995736766e-17,1.0,1.0,1.0
Rajasthan,2024,3,DOMESTIC VIOLENCE,1,1.0,6.123233995736766e-17,1.0,1.0,1.0
Rajasthan,2024,3,DRUG OFFENSE,1,1.0,6.123233995736766e-17,1.0,1.0,1.0
Rajasthan,2024,3,EXTORTION,1,1.0,6.123233995736766e-17,1.0,2.0,1.3333333333333333
Rajasthan,2024,3,FIREARM OFFENSE,1,1.0,6.123233995736766e-17,1.0,2.0,1.3333333333333333
Rajasthan,2024,3,FRAUD,1,1.0,6.123233995736766e-17,1.0,2.0,1.3333333333333333
Rajasthan,2024,3,HOMICIDE,1,1.0,6.123233995736766e-17,1.0,1.0,1.0
Rajasthan,2024,3,IDENTITY THEFT,1,1.0,6.123233995736766e-17,1.0,1.0,1.0
Rajasthan,2024,3,ILLEGAL POSSESSION,1,1.0,6.123233995736766e-17,1.0,2.0,1.3333333333333333
Rajasthan,2024,3,KIDNAPPING,1,1.0,6.123233995736766e-17,1.0,2.0,1.3333333333333333
Rajasthan,2024,3,PUBLIC INTOXICATION,1,1.0,6.123233995736766e-17,1.0,1.0,1.0
Rajasthan,2024,3,ROBBERY,1,1.0,6.123233995736766e-17,1.0,1.0,1.0
Rajasthan,2024,3,SEXUAL ASSAULT,1,1.0,6.123233995736766e-17,1.0,1.0,1.0
Rajasthan,2024,3,SHOPLIFTING,1,1.0,6.123233995736766e-17,1.0,1.0,1.0
Rajasthan,2024,3,TRAFFIC VIOLATION,1,1.0,6.123233995736766e-17,1.0,3.0,2.0
Rajasthan,2024,3,VANDALISM,1,1.0,6.123233995736766e-17,1.0,1.0,1.0
Rajasthan,2024,3,VEHICLE - STOLEN,1,1.0,6.123233995736766e-17,1.0,1.0,1.0
Tamil Nadu,2024,3,ARSON,2,1.0,6.123233995736766e-17,2.0,2.0,2.0
Tamil Nadu,2024,3,ASSAULT,2,1.0,6.123233995736766e-17,2.0,1.0,1.6666666666666667
Tamil Nadu,2024,3,BURGLARY,2,1.0,6.123233995736766e-17,2.0,4.0,2.6666666666666665
Tamil Nadu,2024,3,COUNTERFEITING,2,1.0,6.123233995736766e-17,2.0,2.0,2.0
Tamil Nadu,2024,3,CYBERCRIME,2,1.0,6.123233995736766e-17,2.0,1.0,1.6666666666666667
Tamil Nadu,2024,3,DOMESTIC VIOLENCE,2,1.0,6.123233995736766e-17,2.0,2.0,2.0
Tamil Nadu,2024,3,DRUG OFFENSE,2,1.0,6.123233995736766e-17,2.0,3.0,2.3333333333333335
Tamil Nadu,2024,3,EXTORTION,2,1.0,6.123233995736766e-17,2.0,4.0,2.6666666666666665
Tamil Nadu,2024,3,FIREARM OFFENSE,2,1.0,6.123233995736766e-17,2.0,2.0,2.0
Tamil Nadu,2024,3,FRAUD,2,1.0,6.123233995736766e-17,2.0,1.0,1.6666666666666667
Tamil Nadu,2024,3,HOMICIDE,2,1.0,6.123233995736766e-17,2.0,1.0,1.6666666666666667
Tamil Nadu,2024,3,IDENTITY THEFT,2,1.0,6.123233995736766e-17,2.0,1.0,1.6666666666666667
Tamil Nadu,2024,3,ILLEGAL POSSESSION,2,1.0,6.123233995736766e-17,2.0,1.0,1.6666666666666667
Tamil Nadu,2024,3,KIDNAPPING,2,1.0,6.123233995736766e-17,2.0,5.0,3.0
Tamil Nadu,2024,3,PUBLIC INTOXICATION,2,1.0,6.123233995736766e-17,2.0,2.0,2.0
Tamil Nadu,2024,3,ROBBERY,2,1.0,6.123233995736766e-17,2.0,4.0,2.6666666666666665
Tamil Nadu,2024,3,SEXUAL ASSAULT,2,1.0,6.123233995736766e-17,2.0,1.0,1.6666666666666667
Tamil Nadu,2024,3,SHOPLIFTING,2,1.0,6.123233995736766e-17,2.0,3.0,2.3333333333333335
Tamil Nadu,2024,3,TRAFFIC VIOLATION,2,1.0,6.123233995736766e-17,2.0,3.0,2.3333333333333335
Tamil Nadu,2024,3,VANDALISM,2,1.0,6.123233995736766e-17,2.0,1.0,1.6666666666666667
Tamil Nadu,2024,3,VEHICLE - STOLEN,2,1.0,6.123233995736766e-17,2.0,1.0,1.6666666666666667
Telangana,2024,3,ARSON,3,1.0,6.123233995736766e-17,3.0,4.0,3.3333333333333335
Telangana,2024,3,ASSAULT,2,1.0,6.123233995736766e-17,2.0,3.0,2.3333333333333335
Telangana,2024,3,BURGLARY,3,1.0,6.123233995736766e-17,2.0,1.0,2.0
Telangana,2024,3,COUNTERFEITING,3,1.0,6.123233995736766e-17,3.0,2.0,2.6666666666666665
Telangana,2024,3,CYBERCRIME,2,1.0,6.123233995736766e-17,2.0,4.0,2.6666666666666665
Telangana,2024,3,DOMESTIC VIOLENCE,3,1.0,6.123233995736766e-17,3.0,2.0,2.6666666666666665
Telangana,2024,3,DRUG OFFENSE,3,1.0,6.123233995736766e-17,2.0,4.0,2.6666666666666665
Telangana,2024,3,EXTORTION,3,1.0,6.123233995736766e-17,2.0,5.0,3.0
Telangana,2024,3,FIREARM OFFENSE,2,1.0,6.123233995736766e-17,3.0,1.0,2.3333333333333335
Telangana,2024,3,FRAUD,3,1.0,6.123233995736766e-17,3.0,3.0,2.6666666666666665
Telangana,2024,3,HOMICIDE,3,1.0,6.123233995736766e-17,2.0,4.0,2.6666666666666665
Telangana,2024,3,IDENTITY THEFT,3,1.0,6.123233995736766e-17,3.0,1.0,2.3333333333333335
Telangana,2024,3,ILLEGAL POSSESSION,3,1.0,6.123233995736766e-17,3.0,2.0,2.6666666666666665
Telangana,2024,3,KIDNAPPING,3,1.0,6.123233995736766e-17,2.0,5.0,3.0
Telangana,2024,3,PUBLIC INTOXICATION,3,1.0,6.123233995736766e-17,3.0,3.0,2.6666666666666665
Telangana,2024,3,ROBBERY,2,1.0,6.123233995736766e-17,2.0,1.0,1.6666666666666667
Telangana,2024,3,SEXUAL ASSAULT,3,1.0,6.123233995736766e-17,3.0,3.0,2.6666666666666665
Telangana,2024,3,SHOPLIFTING,2,1.0,6.123233995736766e-17,2.0,6.0,3.3333333333333335
Telangana,2024,3,TRAFFIC VIOLATION,3,1.0,6.123233995736766e-17,3.0,4.0,3.0
Telangana,2024,3,VANDALISM,2,1.0,6.123233995736766e-17,2.0,2.0,2.0
Telangana,2024,3,VEHICLE - STOLEN,3,1.0,6.123233995736766e-17,3.0,2.0,2.3333333333333335
Uttar Pradesh,2024,3,ARSON,4,1.0,6.123233995736766e-17,4.0,7.0,5.0
Uttar Pradesh,2024,3,ASSAULT,4,1.0,6.123233995736766e-17,4.0,2.0,3.3333333333333335
Uttar Pradesh,2024,3,BURGLARY,4,1.0,6.123233995736766e-17,4.0,5.0,4.333333333333333
Uttar Pradesh,2024,3,COUNTERFEITING,4,1.0,6.123233995736766e-17,4.0,3.0,3.6666666666666665
Uttar Pradesh,2024,3,CYBERCRIME,4,1.0,6.123233995736766e-17,4.0,4.0,4.0
Uttar Pradesh,2024,3,DOMESTIC VIOLENCE,4,1.0,6.123233995736766e-17,4.0,1.0,3.0
Uttar Pradesh,2024,3,DRUG OFFENSE,4,1.0,6.123233995736766e-17,4.0,2.0,3.3333333333333335
Uttar Pradesh,2024,3,EXTORTION,4,1.0,6.123233995736766e-17,4.0,4.0,4.0
Uttar Pradesh,2024,3,FIREARM OFFENSE,4,1.0,6.123233995736766e-17,4.0,4.0,4.0
Uttar Pradesh,2024,3,FRAUD,4,1.0,6.123233995736766e-17,4.0,6.0,4.666666666666667
Uttar Pradesh,2024,3,HOMICIDE,4,1.0,6.123233995736766e-17,4.0,5.0,4.333333333333333
Uttar Pradesh,2024,3,IDENTITY THEFT,4,1.0,6.123233995736766e-17,4.0,5.0,4.333333333333333
Uttar Pradesh,2024,3,ILLEGAL POSSESSION,4,1.0,6.123233995736766e-17,4.0,4.0,4.0
Uttar Pradesh,2024,3,KIDNAPPING,4,1.0,6.123233995736766e-17,4.0,1.0,3.0
Uttar Pradesh,2024,3,PUBLIC INTOXICATION,4,1.0,6.123233995736766e-17,4.0,5.0,4.333333333333333
Uttar Pradesh,2024,3,ROBBERY,4,1.0,6.123233995736766e-17,4.0,9.0,5.666666666666667
Uttar Pradesh,2024,3,SEXUAL ASSAULT,4,1.0,6.123233995736766e-17,4.0,7.0,5.0
Uttar Pradesh,2024,3,SHOPLIFTING,4,1.0,6.123233995736766e-17,4.0,5.0,4.333333333333333
Uttar Pradesh,2024,3,TRAFFIC VIOLATION,4,1.0,6.123233995736766e-17,4.0,4.0,4.0
Uttar Pradesh,2024,3,VANDALISM,4,1.0,6.123233995736766e-17,4.0,5.0,4.333333333333333
Uttar Pradesh,2024,3,VEHICLE - STOLEN,4,1.0,6.123233995736766e-17,4.0,5.0,4.333333333333333
West Bengal,2024,3,ARSON,3,1.0,6.123233995736766e-17,3.0,1.0,2.3333333333333335
West Bengal,2024,3,ASSAULT,2,1.0,6.123233995736766e-17,3.0,4.0,3.3333333333333335
West Bengal,2024,3,BURGLARY,3,1.0,6.123233995736766e-17,3.0,5.0,3.6666666666666665
West Bengal,2024,3,COUNTERFEITING,3,1.0,6.123233995736766e-17,3.0,1.0,2.3333333333333335
West Bengal,2024,3,CYBERCRIME,3,1.0,6.123233995736766e-17,2.0,3.0,2.6666666666666665
West Bengal,2024,3,DOMESTIC VIOLENCE,2,1.0,6.123233995736766e-17,2.0,4.0,2.6666666666666665
West Bengal,2024,3,DRUG OFFENSE,2,1.0,6.123233995736766e-17,2.0,1.0,2.0
West Bengal,2024,3,EXTORTION,2,1.0,6.123233995736766e-17,2.0,6.0,3.3333333333333335
West Bengal,2024,3,FIREARM OFFENSE,2,1.0,6.123233995736766e-17,2.0,3.0,2.3333333333333335
West Bengal,2024,3,FRAUD,2,1.0,6.123233995736766e-17,3.0,2.0,2.3333333333333335
West Bengal,2024,3,HOMICIDE,2,1.0,6.123233995736766e-17,2.0,2.0,2.0
West Bengal,2024,3,IDENTITY THEFT,2,1.0,6.123233995736766e-17,2.0,1.0,1.6666666666666667
West Bengal,2024,3,ILLEGAL POSSESSION,3,1.0,6.123233995736766e-17,3.0,1.0,2.0
West Bengal,2024,3,KIDNAPPING,3,1.0,6.123233995736766e-17,3.0,2.0,2.6666666666666665
West Bengal,2024,3,PUBLIC INTOXICATION,2,1.0,6.123233995736766e-17,3.0,1.0,2.3333333333333335
West Bengal,2024,3,ROBBERY,2,1.0,6.123233995736766e-17,2.0,4.0,2.6666666666666665
West Bengal,2024,3,SEXUAL ASSAULT,2,1.0,6.123233995736766e-17,2.0,2.0,2.3333333333333335
West Bengal,2024,3,SHOPLIFTING,2,1.0,6.123233995736766e-17,2.0,2.0,2.0
West Bengal,2024,3,TRAFFIC VIOLATION,3,1.0,6.123233995736766e-17,3.0,2.0,2.6666666666666665
West Bengal,2024,3,VANDALISM,2,1.0,6.123233995736766e-17,2.0,1.0,2.0
West Bengal,2024,3,VEHICLE - STOLEN,2,1.0,6.123233995736766e-17,2.0,3.0,2.3333333333333335
Andhra Pradesh,2024,4,ARSON,1,0.8660254037844387,-0.4999999999999998,1.0,1.0,1.0
Andhra Pradesh,2024,4,ASSAULT,1,0.8660254037844387,-0.4999999999999998,1.0,1.0,1.0
Andhra Pradesh,2024,4,BURGLARY,1,0.8660254037844387,-0.4999999999999998,1.0,1.0,1.0
Andhra Pradesh,2024,4,COUNTERFEITING,1,0.8660254037844387,-0.4999999999999998,1.0,1.0,1.0
Andhra Pradesh,2024,4,CYBERCRIME,1,0.8660254037844387,-0.4999999999999998,1.0,1.0,1.0
Andhra Pradesh,2024,4,DOMESTIC VIOLENCE,1,0.8660254037844387,-0.4999999999999998,1.0,1.0,1.0
Andhra Pradesh,2024,4,DRUG OFFENSE,1,0.8660254037844387,-0.4999999999999998,1.0,1.0,1.0
Andhra Pradesh,2024,4,EXTORTION,1,0.8660254037844387,-0.4999999999999998,1.0,1.0,1.0
Andhra Pradesh,2024,4,FIREARM OFFENSE,1,0.8660254037844387,-0.4999999999999998,1.0,1.0,1.0
Andhra Pradesh,2024,4,FRAUD,1,0.8660254037844387,-0.4999999999999998,1.0,1.0,1.0
Andhra Pradesh,2024,4,HOMICIDE,1,0.8660254037844387,-0.4999999999999998,1.0,1.0,1.0
Andhra Pradesh,2024,4,IDENTITY THEFT,1,0.8660254037844387,-0.4999999999999998,1.0,1.0,1.0
Andhra Pradesh,2024,4,ILLEGAL POSSESSION,1,0.8660254037844387,-0.4999999999999998,1.0,1.0,1.0
Andhra Pradesh,2024,4,KIDNAPPING,1,0.8660254037844387,-0.4999999999999998,1.0,1.0,1.0
Andhra Pradesh,2024,4,PUBLIC INTOXICATION,1,0.8660254037844387,-0.4999999999999998,1.0,1.0,1.0
Andhra Pradesh,2024,4,ROBBERY,1,0.8660254037844387,-0.4999999999999998,1.0,1.0,1.0
Andhra Pradesh,2024,4,SEXUAL ASSAULT,1,0.8660254037844387,-0.4999999999999998,1.0,1.0,1.0
Andhra Pradesh,2024,4,SHOPLIFTING,1,0.8660254037844387,-0.4999999999999998,1.0,1.0,1.0
Andhra Pradesh,2024,4,TRAFFIC VIOLATION,1,0.8660254037844387,-0.4999999999999998,1.0,1.0,1.0
Andhra Pradesh,2024,4,VANDALISM,1,0.8660254037844387,-0.4999999999999998,1.0,1.0,1.0
Andhra Pradesh,2024,4,VEHICLE - STOLEN,1,0.8660254037844387,-0.4999999999999998,1.0,1.0,1.0
Bihar,2024,4,ARSON,1,0.8660254037844387,-0.4999999999999998,1.0,1.0,1.0
Bihar,2024,4,ASSAULT,1,0.8660254037844387,-0.4999999999999998,1.0,1.0,1.0
Bihar,2024,4,BURGLARY,1,0.8660254037844387,-0.4999999999999998,1.0,1.0,1.0
Bihar,2024,4,COUNTERFEITING,1,0.8660254037844387,-0.4999999999999998,1.0,1.0,1.0
Bihar,2024,4,CYBERCRIME,1,0.8660254037844387,-0.4999999999999998,1.0,1.0,1.0
Bihar,2024,4,DOMESTIC VIOLENCE,1,0.8660254037844387,-0.4999999999999998,1.0,1.0,1.0
Bihar,2024,4,DRUG OFFENSE,1,0.8660254037844387,-0.4999999999999998,1.0,1.0,1.0
Bihar,2024,4,EXTORTION,1,0.8660254037844387,-0.4999999999999998,1.0,1.0,1.0
Bihar,2024,4,FIREARM OFFENSE,1,0.8660254037844387,-0.4999999999999998,1.0,1.0,1.0
Bihar,2024,4,FRAUD,1,0.8660254037844387,-0.4999999999999998,1.0,1.0,1.0
Bihar,2024,4,HOMICIDE,1,0.8660254037844387,-0.4999999999999998,1.0,1.0,1.0
Bihar,2024,4,IDENTITY THEFT,1,0.8660254037844387,-0.4999999999999998,1.0,1.0,1.0
Bihar,2024,4,ILLEGAL POSSESSION,1,0.8660254037844387,-0.4999999999999998,1.0,1.0,1.0
Bihar,2024,4,KIDNAPPING,1,0.8660254037844387,-0.4999999999999998,1.0,1.0,1.0
Bihar,2024,4,PUBLIC INTOXICATION,1,0.8660254037844387,-0.4999999999999998,1.0,1.0,1.0
Bihar,2024,4,ROBBERY,1,0.8660254037844387,-0.4999999999999998,1.0,1.0,1.0
Bihar,2024,4,SEXUAL ASSAULT,1,0.8660254037844387,-0.4999999999999998,1.0,1.0,1.0
Bihar,2024,4,SHOPLIFTING,1,0.8660254037844387,-0.4999999999999998,1.0,1.0,1.0
Bihar,2024,4,TRAFFIC VIOLATION,1,0.8660254037844387,-0.4999999999999998,1.0,1.0,1.0
Bihar,2024,4,VANDALISM,1,0.8660254037844387,-0.4999999999999998,1.0,1.0,1.0
Bihar,2024,4,VEHICLE - STOLEN,1,0.8660254037844387,-0.4999999999999998,1.0,1.0,1.0
Delhi,2024,4,ARSON,4,0.8660254037844387,-0.4999999999999998,4.0,4.0,4.0
Delhi,2024,4,ASSAULT,4,0.8660254037844387,-0.4999999999999998,4.0,4.0,4.0
Delhi,2024,4,BURGLARY,4,0.8660254037844387,-0.4999999999999998,4.0,4.0,4.0
Delhi,2024,4,COUNTERFEITING,4,0.8660254037844387,-0.4999999999999998,4.0,4.0,4.0
Delhi,2024,4,CYBERCRIME,4,0.8660254037844387,-0.4999999999999998,4.0,4.0,4.0
Delhi,2024,4,DOMESTIC VIOLENCE,4,0.8660254037844387,-0.4999999999999998,4.0,4.0,4.0
Delhi,2024,4,DRUG OFFENSE,4,0.8660254037844387,-0.4999999999999998,4.0,4.0,4.0
Delhi,2024,4,EXTORTION,4,0.8660254037844387,-0.4999999999999998,4.0,4.0,4.0
Delhi,2024,4,FIREARM OFFENSE,4,0.8660254037844387,-0.4999999999999998,4.0,4.0,4.0
Delhi,2024,4,FRAUD,4,0.8660254037844387,-0.4999999999999998,4.0,5.0,4.333333333333333
Delhi,2024,4,HOMICIDE,4,0.8660254037844387,-0.4999999999999998,4.0,4.0,4.0
Delhi,2024,4,IDENTITY THEFT,4,0.8660254037844387,-0.4999999999999998,4.0,4.0,4.0
Delhi,2024,4,ILLEGAL POSSESSION,4,0.8660254037844387,-0.4999999999999998,4.0,4.0,4.0
Delhi,2024,4,KIDNAPPING,4,0.8660254037844387,-0.4999999999999998,4.0,4.0,4.0
Delhi,2024,4,PUBLIC INTOXICATION,4,0.8660254037844387,-0.4999999999999998,4.0,4.0,4.0
Delhi,2024,4,ROBBERY,4,0.8660254037844387,-0.4999999999999998,4.0,4.0,4.0
Delhi,2024,4,SEXUAL ASSAULT,4,0.8660254037844387,-0.4999999999999998,4.0,4.0,4.0
Delhi,2024,4,SHOPLIFTING,4,0.8660254037844387,-0.4999999999999998,4.0,4.0,4.0
Delhi,2024,4,TRAFFIC VIOLATION,4,0.8660254037844387,-0.4999999999999998,4.0,4.0,3.6666666666666665
Delhi,2024,4,VANDALISM,4,0.8660254037844387,-0.4999999999999998,4.0,4.0,4.0
Delhi,2024,4,VEHICLE - STOLEN,4,0.8660254037844387,-0.4999999999999998,4.0,4.0,4.0
Gujarat,2024,4,ARSON,3,0.8660254037844387,-0.4999999999999998,3.0,3.0,3.0
Gujarat,2024,4,ASSAULT,3,0.8660254037844387,-0.4999999999999998,3.0,3.0,3.0
Gujarat,2024,4,BURGLARY,3,0.8660254037844387,-0.4999999999999998,3.0,3.0,3.0
Gujarat,2024,4,COUNTERFEITING,3,0.8660254037844387,-0.4999999999999998,3.0,3.0,3.0
Gujarat,2024,4,CYBERCRIME,3,0.8660254037844387,-0.4999999999999998,3.0,3.0,3.0
Gujarat,2024,4,DOMESTIC VIOLENCE,3,0.8660254037844387,-0.4999999999999998,3.0,3.0,3.0
Gujarat,2024,4,DRUG OFFENSE,3,0.8660254037844387,-0.4999999999999998,3.0,3.0,3.0
Gujarat,2024,4,EXTORTION,3,0.8660254037844387,-0.4999999999999998,3.0,3.0,3.0
Gujarat,2024,4,FIREARM OFFENSE,3,0.8660254037844387,-0.4999999999999998,3.0,3.0,3.0
Gujarat,2024,4,FRAUD,3,0.8660254037844387,-0.4999999999999998,3.0,3.0,3.0
Gujarat,2024,4,HOMICIDE,3,0.8660254037844387,-0.4999999999999998,3.0,3.0,3.0
Gujarat,2024,4,IDENTITY THEFT,3,0.8660254037844387,-0.4999999999999998,3.0,3.0,3.0
Gujarat,2024,4,ILLEGAL POSSESSION,3,0.8660254037844387,-0.4999999999999998,3.0,3.0,3.0
Gujarat,2024,4,KIDNAPPING,3,0.8660254037844387,-0.4999999999999998,3.0,3.0,3.0
Gujarat,2024,4,PUBLIC INTOXICATION,3,0.8660254037844387,-0.4999999999999998,3.0,3.0,3.0
Gujarat,2024,4,ROBBERY,3,0.8660254037844387,-0.4999999999999998,3.0,3.0,3.0
Gujarat,2024,4,SEXUAL ASSAULT,3,0.8660254037844387,-0.4999999999999998,3.0,3.0,3.0
Gujarat,2024,4,SHOPLIFTING,3,0.8660254037844387,-0.4999999999999998,3.0,3.0,3.0
Gujarat,2024,4,TRAFFIC VIOLATION,3,0.8660254037844387,-0.4999999999999998,3.0,3.0,3.0
Gujarat,2024,4,VANDALISM,3,0.8660254037844387,-0.4999999999999998,3.0,3.0,3.0
Gujarat,2024,4,VEHICLE - STOLEN,3,0.8660254037844387,-0.4999999999999998,3.0,3.0,3.0
Haryana,2024,4,ARSON,1,0.8660254037844387,-0.4999999999999998,1.0,1.0,1.0
Haryana,2024,4,ASSAULT,1,0.8660254037844387,-0.4999999999999998,1.0,1.0,1.0
Haryana,2024,4,BURGLARY,1,0.8660254037844387,-0.4999999999999998,1.0,1.0,1.0
Haryana,2024,4,COUNTERFEITING,1,0.8660254037844387,-0.4999999999999998,1.0,1.0,1.0
Haryana,2024,4,CYBERCRIME,1,0.8660254037844387,-0.4999999999999998,1.0,1.0,1.0
Haryana,2024,4,DOMESTIC VIOLENCE,1,0.8660254037844387,-0.4999999999999998,1.0,1.0,1.0
Haryana,2024,4,DRUG OFFENSE,1,0.8660254037844387,-0.4999999999999998,1.0,1.0,1.0
Haryana,2024,4,EXTORTION,1,0.8660254037844387,-0.4999999999999998,1.0,1.0,1.0
Haryana,2024,4,FIREARM OFFENSE,1,0.8660254037844387,-0.4999999999999998,1.0,1.0,1.0
Haryana,2024,4,FRAUD,1,0.8660254037844387,-0.4999999999999998,1.0,1.0,1.0
Haryana,2024,4,HOMICIDE,1,0.8660254037844387,-0.4999999999999998,1.0,1.0,1.0
Haryana,2024,4,IDENTITY THEFT,1,0.8660254037844387,-0.4999999999999998,1.0,1.0,1.0
Haryana,2024,4,ILLEGAL POSSESSION,1,0.8660254037844387,-0.4999999999999998,1.0,1.0,1.0
Haryana,2024,4,KIDNAPPING,1,0.8660254037844387,-0.4999999999999998,1.0,1.0,1.0
Haryana,2024,4,PUBLIC INTOXICATION,1,0.8660254037844387,-0.4999999999999998,1.0,1.0,1.0
Haryana,2024,4,ROBBERY,1,0.8660254037844387,-0.4999999999999998,1.0,1.0,1.0
Haryana,2024,4,SEXUAL ASSAULT,1,0.8660254037844387,-0.4999999999999998,1.0,1.0,1.0
Haryana,2024,4,SHOPLIFTING,1,0.8660254037844387,-0.4999999999999998,1.0,1.0,1.0
Haryana,2024,4,TRAFFIC VIOLATION,1,0.8660254037844387,-0.4999999999999998,1.0,1.0,1.0
Haryana,2024,4,VANDALISM,1,0.8660254037844387,-0.4999999999999998,1.0,1.0,1.0
Haryana,2024,4,VEHICLE - STOLEN,1,0.8660254037844387,-0.4999999999999998,1.0,1.0,1.0
Jammu and Kashmir,2024,4,ARSON,1,0.8660254037844387,-0.4999999999999998,1.0,1.0,1.0
Jammu and Kashmir,2024,4,ASSAULT,1,0.8660254037844387,-0.4999999999999998,1.0,1.0,1.0
Jammu and Kashmir,2024,4,BURGLARY,1,0.8660254037844387,-0.4999999999999998,1.0,1.0,1.0
Jammu and Kashmir,2024,4,COUNTERFEITING,1,0.8660254037844387,-0.4999999999999998,1.0,1.0,1.0
Jammu and Kashmir,2024,4,CYBERCRIME,1,0.8660254037844387,-0.4999999999999998,1.0,1.0,1.0
Jammu and Kashmir,2024,4,DOMESTIC VIOLENCE,1,0.8660254037844387,-0.4999999999999998,1.0,1.0,1.0
Jammu and Kashmir,2024,4,DRUG OFFENSE,1,0.8660254037844387,-0.4999999999999998,1.0,1.0,1.0
Jammu and Kashmir,2024,4,EXTORTION,1,0.8660254037844387,-0.4999999999999998,1.0,1.0,1.0
Jammu and Kashmir,2024,4,FIREARM OFFENSE,1,0.8660254037844387,-0.4999999999999998,1.0,1.0,1.0
Jammu and Kashmir,2024,4,FRAUD,1,0.8660254037844387,-0.4999999999999998,1.0,1.0,1.0
Jammu and Kashmir,2024,4,HOMICIDE,1,0.8660254037844387,-0.4999999999999998,1.0,1.0,1.0
Jammu and Kashmir,2024,4,IDENTITY THEFT,1,0.8660254037844387,-0.4999999999999998,1.0,1.0,1.0
Jammu and Kashmir,2024,4,ILLEGAL POSSESSION,1,0.8660254037844387,-0.4999999999999998,1.0,1.0,1.0
Jammu and Kashmir,2024,4,KIDNAPPING,1,0.8660254037844387,-0.4999999999999998,1.0,1.0,1.0
Jammu and Kashmir,2024,4,PUBLIC INTOXICATION,1,0.8660254037844387,-0.4999999999999998,1.0,1.0,1.0
Jammu and Kashmir,2024,4,ROBBERY,1,0.8660254037844387,-0.4999999999999998,1.0,1.0,1.0
Jammu and Kashmir,2024,4,SEXUAL ASSAULT,1,0.8660254037844387,-0.4999999999999998,1.0,1.0,1.0
Jammu and Kashmir,2024,4,SHOPLIFTING,1,0.8660254037844387,-0.4999999999999998,1.0,1.0,1.0
Jammu and Kashmir,2024,4,TRAFFIC VIOLATION,1,0.8660254037844387,-0.4999999999999998,1.0,1.0,1.0
Jammu and Kashmir,2024,4,VANDALISM,1,0.8660254037844387,-0.4999999999999998,1.0,1.0,1.0
Jammu and Kashmir,2024,4,VEHICLE - STOLEN,1,0.8660254037844387,-0.4999999999999998,1.0,1.0,1.0
Karnataka,2024,4,ARSON,3,0.8660254037844387,-0.4999999999999998,3.0,3.0,3.0
Karnataka,2024,4,ASSAULT,3,0.8660254037844387,-0.4999999999999998,3.0,3.0,3.0
Karnataka,2024,4,BURGLARY,3,0.8660254037844387,-0.4999999999999998,3.0,3.0,3.0
Karnataka,2024,4,COUNTERFEITING,3,0.8660254037844387,-0.4999999999999998,3.0,3.0,3.0
Karnataka,2024,4,CYBERCRIME,3,0.8660254037844387,-0.4999999999999998,3.0,3.0,3.0
Karnataka,2024,4,DOMESTIC VIOLENCE,3,0.8660254037844387,-0.4999999999999998,3.0,3.0,3.0
Karnataka,2024,4,DRUG OFFENSE,3,0.8660254037844387,-0.4999999999999998,3.0,3.0,3.0
Karnataka,2024,4,EXTORTION,3,0.8660254037844387,-0.4999999999999998,3.0,3.0,3.0
Karnataka,2024,4,FIREARM OFFENSE,3,0.8660254037844387,-0.4999999999999998,3.0,3.0,3.0
Karnataka,2024,4,FRAUD,3,0.8660254037844387,-0.4999999999999998,3.0,3.0,3.0
Karnataka,2024,4,HOMICIDE,3,0.8660254037844387,-0.4999999999999998,3.0,3.0,3.0
Karnataka,2024,4,IDENTITY THEFT,3,0.8660254037844387,-0.4999999999999998,3.0,3.0,3.0
Karnataka,2024,4,ILLEGAL POSSESSION,3,0.8660254037844387,-0.4999999999999998,3.0,3.0,3.0
Karnataka,2024,4,KIDNAPPING,3,0.8660254037844387,-0.4999999999999998,3.0,3.0,3.0
Karnataka,2024,4,PUBLIC INTOXICATION,3,0.8660254037844387,-0.4999999999999998,3.0,3.0,3.0
Karnataka,2024,4,ROBBERY,3,0.8660254037844387,-0.4999999999999998,3.0,3.0,3.0
Karnataka,2024,4,SEXUAL ASSAULT,3,0.8660254037844387,-0.4999999999999998,3.0,3.0,3.0
Karnataka,2024,4,SHOPLIFTING,3,0.8660254037844387,-0.4999999999999998,3.0,3.0,3.0
Karnataka,2024,4,TRAFFIC VIOLATION,3,0.8660254037844387,-0.4999999999999998,3.0,3.0,3.0
Karnataka,2024,4,VANDALISM,3,0.8660254037844387,-0.4999999999999998,3.0,3.0,3.0
Karnataka,2024,4,VEHICLE - STOLEN,3,0.8660254037844387,-0.4999999999999998,3.0,3.0,3.0
Madhya Pradesh,2024,4,ARSON,2,0.8660254037844387,-0.4999999999999998,2.0,1.0,1.3333333333333333
Madhya Pradesh,2024,4,ASSAULT,2,0.8660254037844387,-0.4999999999999998,2.0,2.0,2.0
Madhya Pradesh,2024,4,BURGLARY,1,0.8660254037844387,-0.4999999999999998,1.0,1.0,1.0
Madhya Pradesh,2024,4,COUNTERFEITING,1,0.8660254037844387,-0.4999999999999998,1.0,1.0,1.0
Madhya Pradesh,2024,4,CYBERCRIME,1,0.8660254037844387,-0.4999999999999998,1.0,1.0,1.0
Madhya Pradesh,2024,4,DOMESTIC VIOLENCE,1,0.8660254037844387,-0.4999999999999998,1.0,1.0,1.0
Madhya Pradesh,2024,4,DRUG OFFENSE,1,0.8660254037844387,-0.4999999999999998,1.0,1.0,1.0
Madhya Pradesh,2024,4,EXTORTION,1,0.8660254037844387,-0.4999999999999998,1.0,1.0,1.0
Madhya Pradesh,2024,4,FIREARM OFFENSE,1,0.8660254037844387,-0.4999999999999998,1.0,1.0,1.0
Madhya Pradesh,2024,4,FRAUD,1,0.8660254037844387,-0.4999999999999998,1.0,1.0,1.0
Madhya Pradesh,2024,4,HOMICIDE,1,0.8660254037844387,-0.4999999999999998,1.0,1.0,1.0
Madhya Pradesh,2024,4,IDENTITY THEFT,1,0.8660254037844387,-0.4999999999999998,1.0,1.0,1.0
Madhya Pradesh,2024,4,ILLEGAL POSSESSION,1,0.8660254037844387,-0.4999999999999998,1.0,1.0,1.0
Madhya Pradesh,2024,4,KIDNAPPING,1,0.8660254037844387,-0.4999999999999998,1.0,1.0,1.0
Madhya Pradesh,2024,4,PUBLIC INTOXICATION,1,0.8660254037844387,-0.4999999999999998,1.0,1.0,1.0
Madhya Pradesh,2024,4,ROBBERY,2,0.8660254037844387,-0.4999999999999998,2.0,1.0,1.3333333333333333
Madhya Pradesh,2024,4,SEXUAL ASSAULT,1,0.8660254037844387,-0.4999999999999998,1.0,1.0,1.0
Madhya Pradesh,2024,4,SHOPLIFTING,1,0.8660254037844387,-0.4999999999999998,1.0,1.0,1.0
Madhya Pradesh,2024,4,TRAFFIC VIOLATION,2,0.8660254037844387,-0.4999999999999998,2.0,1.0,1.3333333333333333
Madhya Pradesh,2024,4,VANDALISM,1,0.8660254037844387,-0.4999999999999998,1.0,1.0,1.0
Madhya Pradesh,2024,4,VEHICLE - STOLEN,1,0.8660254037844387,-0.4999999999999998,1.0,1.0,1.0
Maharashtra,2024,4,ARSON,9,0.8660254037844387,-0.4999999999999998,8.0,8.0,8.0
Maharashtra,2024,4,ASSAULT,8,0.8660254037844387,-0.4999999999999998,8.0,8.0,8.0
Maharashtra,2024,4,BURGLARY,9,0.8660254037844387,-0.4999999999999998,9.0,8.0,8.333333333333334
Maharashtra,2024,4,COUNTERFEITING,8,0.8660254037844387,-0.4999999999999998,8.0,8.0,8.0
Maharashtra,2024,4,CYBERCRIME,9,0.8660254037844387,-0.4999999999999998,8.0,9.0,8.666666666666666
Maharashtra,2024,4,DOMESTIC VIOLENCE,8,0.8660254037844387,-0.4999999999999998,8.0,7.0,8.0
Maharashtra,2024,4,DRUG OFFENSE,9,0.8660254037844387,-0.4999999999999998,9.0,9.0,9.0
Maharashtra,2024,4,EXTORTION,8,0.8660254037844387,-0.4999999999999998,9.0,7.0,8.0
Maharashtra,2024,4,FIREARM OFFENSE,8,0.8660254037844387,-0.4999999999999998,8.0,8.0,8.0
Maharashtra,2024,4,FRAUD,8,0.8660254037844387,-0.4999999999999998,9.0,8.0,8.333333333333334
Maharashtra,2024,4,HOMICIDE,8,0.8660254037844387,-0.4999999999999998,8.0,7.0,7.666666666666667
Maharashtra,2024,4,IDENTITY THEFT,8,0.8660254037844387,-0.4999999999999998,8.0,8.0,8.0
Maharashtra,2024,4,ILLEGAL POSSESSION,8,0.8660254037844387,-0.4999999999999998,9.0,7.0,8.0
Maharashtra,2024,4,KIDNAPPING,8,0.8660254037844387,-0.4999999999999998,8.0,8.0,8.0
Maharashtra,2024,4,PUBLIC INTOXICATION,9,0.8660254037844387,-0.4999999999999998,9.0,8.0,8.333333333333334
Maharashtra,2024,4,ROBBERY,8,0.8660254037844387,-0.4999999999999998,8.0,7.0,7.666666666666667
Maharashtra,2024,4,SEXUAL ASSAULT,9,0.8660254037844387,-0.4999999999999998,8.0,8.0,8.333333333333334
Maharashtra,2024,4,SHOPLIFTING,9,0.8660254037844387,-0.4999999999999998,9.0,9.0,8.666666666666666
Maharashtra,2024,4,TRAFFIC VIOLATION,8,0.8660254037844387,-0.4999999999999998,9.0,8.0,8.0
Maharashtra,2024,4,VANDALISM,8,0.8660254037844387,-0.4999999999999998,9.0,8.0,8.333333333333334
Maharashtra,2024,4,VEHICLE - STOLEN,10,0.8660254037844387,-0.4999999999999998,8.0,11.0,9.333333333333334
Punjab,2024,4,ARSON,1,0.8660254037844387,-0.4999999999999998,1.0,1.0,1.0
Punjab,2024,4,ASSAULT,1,0.8660254037844387,-0.4999999999999998,1.0,1.0,1.0
Punjab,2024,4,BURGLARY,1,0.8660254037844387,-0.4999999999999998,1.0,1.0,1.0
Punjab,2024,4,COUNTERFEITING,1,0.8660254037844387,-0.4999999999999998,1.0,1.0,1.0
Punjab,2024,4,CYBERCRIME,1,0.8660254037844387,-0.4999999999999998,1.0,1.0,1.0
Punjab,2024,4,DOMESTIC VIOLENCE,1,0.8660254037844387,-0.4999999999999998,1.0,1.0,1.0
Punjab,2024,4,DRUG OFFENSE,1,0.8660254037844387,-0.4999999999999998,1.0,1.0,1.0
Punjab,2024,4,EXTORTION,1,0.8660254037844387,-0.4999999999999998,1.0,1.0,1.0
Punjab,2024,4,FIREARM OFFENSE,1,0.8660254037844387,-0.4999999999999998,1.0,1.0,1.0
Punjab,2024,4,FRAUD,1,0.8660254037844387,-0.4999999999999998,1.0,1.0,1.0
Punjab,2024,4,HOMICIDE,1,0.8660254037844387,-0.4999999999999998,1.0,1.0,1.0
Punjab,2024,4,IDENTITY THEFT,1,0.8660254037844387,-0.4999999999999998,1.0,1.0,1.0
Punjab,2024,4,ILLEGAL POSSESSION,1,0.8660254037844387,-0.4999999999999998,1.0,1.0,1.0
Punjab,2024,4,KIDNAPPING,1,0.8660254037844387,-0.4999999999999998,1.0,1.0,1.0
Punjab,2024,4,PUBLIC INTOXICATION,1,0.8660254037844387,-0.4999999999999998,1.0,1.0,1.0
Punjab,2024,4,ROBBERY,1,0.8660254037844387,-0.4999999999999998,1.0,1.0,1.0
Punjab,2024,4,SEXUAL ASSAULT,1,0.8660254037844387,-0.4999999999999998,1.0,1.0,1.0
Punjab,2024,4,SHOPLIFTING,1,0.8660254037844387,-0.4999999999999998,1.0,1.0,1.0
Punjab,2024,4,TRAFFIC VIOLATION,1,0.8660254037844387,-0.4999999999999998,1.0,1.0,1.0
Punjab,2024,4,VANDALISM,1,0.8660254037844387,-0.4999999999999998,1.0,1.0,1.0
Punjab,2024,4,VEHICLE - STOLEN,1,0.8660254037844387,-0.4999999999999998,1.0,1.0,1.0
Rajasthan,2024,4,ARSON,1,0.8660254037844387,-0.4999999999999998,1.0,1.0,1.0
Rajasthan,2024,4,ASSAULT,1,0.8660254037844387,-0.4999999999999998,1.0,1.0,1.0
Rajasthan,2024,4,BURGLARY,1,0.8660254037844387,-0.4999999999999998,1.0,1.0,1.0
Rajasthan,2024,4,COUNTERFEITING,1,0.8660254037844387,-0.4999999999999998,1.0,1.0,1.0
Rajasthan,2024,4,CYBERCRIME,1,0.8660254037844387,-0.4999999999999998,1.0,1.0,1.0
Rajasthan,2024,4,DOMESTIC VIOLENCE,1,0.8660254037844387,-0.4999999999999998,1.0,1.0,1.0
Rajasthan,2024,4,DRUG OFFENSE,1,0.8660254037844387,-0.4999999999999998,1.0,1.0,1.0
Rajasthan,2024,4,EXTORTION,1,0.8660254037844387,-0.4999999999999998,1.0,1.0,1.0
Rajasthan,2024,4,FIREARM OFFENSE,1,0.8660254037844387,-0.4999999999999998,1.0,1.0,1.0
Rajasthan,2024,4,FRAUD,1,0.8660254037844387,-0.4999999999999998,1.0,1.0,1.0
Rajasthan,2024,4,HOMICIDE,1,0.8660254037844387,-0.4999999999999998,1.0,1.0,1.0
Rajasthan,2024,4,IDENTITY THEFT,1,0.8660254037844387,-0.4999999999999998,1.0,1.0,1.0
Rajasthan,2024,4,ILLEGAL POSSESSION,1,0.8660254037844387,-0.4999999999999998,1.0,1.0,1.0
Rajasthan,2024,4,KIDNAPPING,1,0.8660254037844387,-0.4999999999999998,1.0,1.0,1.0
Rajasthan,2024,4,PUBLIC INTOXICATION,1,0.8660254037844387,-0.4999999999999998,1.0,1.0,1.0
Rajasthan,2024,4,ROBBERY,1,0.8660254037844387,-0.4999999999999998,1.0,1.0,1.0
Rajasthan,2024,4,SEXUAL ASSAULT,1,0.8660254037844387,-0.4999999999999998,1.0,1.0,1.0
Rajasthan,2024,4,SHOPLIFTING,1,0.8660254037844387,-0.4999999999999998,1.0,1.0,1.0
Rajasthan,2024,4,TRAFFIC VIOLATION,2,0.8660254037844387,-0.4999999999999998,1.0,2.0,1.3333333333333333
Rajasthan,2024,4,VANDALISM,1,0.8660254037844387,-0.4999999999999998,1.0,1.0,1.0
Rajasthan,2024,4,VEHICLE - STOLEN,1,0.8660254037844387,-0.4999999999999998,1.0,1.0,1.0
Tamil Nadu,2024,4,ARSON,2,0.8660254037844387,-0.4999999999999998,2.0,2.0,2.0
Tamil Nadu,2024,4,ASSAULT,2,0.8660254037844387,-0.4999999999999998,2.0,2.0,2.0
Tamil Nadu,2024,4,BURGLARY,2,0.8660254037844387,-0.4999999999999998,2.0,2.0,2.0
Tamil Nadu,2024,4,COUNTERFEITING,2,0.8660254037844387,-0.4999999999999998,2.0,2.0,2.0
Tamil Nadu,2024,4,CYBERCRIME,2,0.8660254037844387,-0.4999999999999998,2.0,2.0,2.0
Tamil Nadu,2024,4,DOMESTIC VIOLENCE,2,0.8660254037844387,-0.4999999999999998,2.0,2.0,2.0
Tamil Nadu,2024,4,DRUG OFFENSE,2,0.8660254037844387,-0.4999999999999998,2.0,2.0,2.0
Tamil Nadu,2024,4,EXTORTION,2,0.8660254037844387,-0.4999999999999998,2.0,2.0,2.0
Tamil Nadu,2024,4,FIREARM OFFENSE,2,0.8660254037844387,-0.4999999999999998,2.0,2.0,2.0
Tamil Nadu,2024,4,FRAUD,2,0.8660254037844387,-0.4999999999999998,2.0,2.0,2.0
Tamil Nadu,2024,4,HOMICIDE,2,0.8660254037844387,-0.4999999999999998,2.0,2.0,2.0
Tamil Nadu,2024,4,IDENTITY THEFT,2,0.8660254037844387,-0.4999999999999998,2.0,2.0,2.0
Tamil Nadu,2024,4,ILLEGAL POSSESSION,2,0.8660254037844387,-0.4999999999999998,2.0,2.0,2.0
Tamil Nadu,2024,4,KIDNAPPING,2,0.8660254037844387,-0.4999999999999998,2.0,2.0,2.0
Tamil Nadu,2024,4,PUBLIC INTOXICATION,2,0.8660254037844387,-0.4999999999999998,2.0,2.0,2.0
Tamil Nadu,2024,4,ROBBERY,2,0.8660254037844387,-0.4999999999999998,2.0,2.0,2.0
Tamil Nadu,2024,4,SEXUAL ASSAULT,2,0.8660254037844387,-0.4999999999999998,2.0,2.0,2.0
Tamil Nadu,2024,4,SHOPLIFTING,2,0.8660254037844387,-0.4999999999999998,2.0,2.0,2.0
Tamil Nadu,2024,4,TRAFFIC VIOLATION,2,0.8660254037844387,-0.4999999999999998,2.0,2.0,2.0
Tamil Nadu,2024,4,VANDALISM,2,0.8660254037844387,-0.4999999999999998,2.0,2.0,2.0
Tamil Nadu,2024,4,VEHICLE - STOLEN,2,0.8660254037844387,-0.4999999999999998,2.0,2.0,2.0
Telangana,2024,4,ARSON,3,0.8660254037844387,-0.4999999999999998,3.0,3.0,3.0
Telangana,2024,4,ASSAULT,2,0.8660254037844387,-0.4999999999999998,2.0,2.0,2.0
Telangana,2024,4,BURGLARY,3,0.8660254037844387,-0.4999999999999998,3.0,3.0,2.6666666666666665
Telangana,2024,4,COUNTERFEITING,3,0.8660254037844387,-0.4999999999999998,3.0,3.0,3.0
Telangana,2024,4,CYBERCRIME,2,0.8660254037844387,-0.4999999999999998,2.0,2.0,2.0
Telangana,2024,4,DOMESTIC VIOLENCE,3,0.8660254037844387,-0.4999999999999998,3.0,3.0,3.0
Telangana,2024,4,DRUG OFFENSE,2,0.8660254037844387,-0.4999999999999998,3.0,2.0,2.3333333333333335
Telangana,2024,4,EXTORTION,2,0.8660254037844387,-0.4999999999999998,3.0,2.0,2.3333333333333335
Telangana,2024,4,FIREARM OFFENSE,3,0.8660254037844387,-0.4999999999999998,2.0,3.0,2.6666666666666665
Telangana,2024,4,FRAUD,2,0.8660254037844387,-0.4999999999999998,3.0,2.0,2.6666666666666665
Telangana,2024,4,HOMICIDE,2,0.8660254037844387,-0.4999999999999998,3.0,2.0,2.3333333333333335
Telangana,2024,4,IDENTITY THEFT,3,0.8660254037844387,-0.4999999999999998,3.0,3.0,3.0
Telangana,2024,4,ILLEGAL POSSESSION,3,0.8660254037844387,-0.4999999999999998,3.0,3.0,3.0
Telangana,2024,4,KIDNAPPING,2,0.8660254037844387,-0.4999999999999998,3.0,2.0,2.3333333333333335
Telangana,2024,4,PUBLIC INTOXICATION,2,0.8660254037844387,-0.4999999999999998,3.0,2.0,2.6666666666666665
Telangana,2024,4,ROBBERY,2,0.8660254037844387,-0.4999999999999998,2.0,2.0,2.0
Telangana,2024,4,SEXUAL ASSAULT,3,0.8660254037844387,-0.4999999999999998,3.0,2.0,2.6666666666666665
Telangana,2024,4,SHOPLIFTING,2,0.8660254037844387,-0.4999999999999998,2.0,2.0,2.0
Telangana,2024,4,TRAFFIC VIOLATION,3,0.8660254037844387,-0.4999999999999998,3.0,2.0,2.6666666666666665
Telangana,2024,4,VANDALISM,2,0.8660254037844387,-0.4999999999999998,2.0,2.0,2.0
Telangana,2024,4,VEHICLE - STOLEN,3,0.8660254037844387,-0.4999999999999998,3.0,2.0,2.6666666666666665
Uttar Pradesh,2024,4,ARSON,4,0.8660254037844387,-0.4999999999999998,4.0,4.0,4.0
Uttar Pradesh,2024,4,ASSAULT,4,0.8660254037844387,-0.4999999999999998,4.0,4.0,4.0
Uttar Pradesh,2024,4,BURGLARY,4,0.8660254037844387,-0.4999999999999998,4.0,4.0,4.0
Uttar Pradesh,2024,4,COUNTERFEITING,4,0.8660254037844387,-0.4999999999999998,4.0,4.0,4.0
Uttar Pradesh,2024,4,CYBERCRIME,4,0.8660254037844387,-0.4999999999999998,4.0,4.0,4.0
Uttar Pradesh,2024,4,DOMESTIC VIOLENCE,4,0.8660254037844387,-0.4999999999999998,4.0,4.0,4.0
Uttar Pradesh,2024,4,DRUG OFFENSE,4,0.8660254037844387,-0.4999999999999998,4.0,4.0,4.0
Uttar Pradesh,2024,4,EXTORTION,4,0.8660254037844387,-0.4999999999999998,4.0,4.0,4.0
Uttar Pradesh,2024,4,FIREARM OFFENSE,4,0.8660254037844387,-0.4999999999999998,4.0,4.0,4.0
Uttar Pradesh,2024,4,FRAUD,4,0.8660254037844387,-0.4999999999999998,4.0,4.0,4.0
Uttar Pradesh,2024,4,HOMICIDE,4,0.8660254037844387,-0.4999999999999998,4.0,4.0,4.0
Uttar Pradesh,2024,4,IDENTITY THEFT,4,0.8660254037844387,-0.4999999999999998,4.0,4.0,4.0
Uttar Pradesh,2024,4,ILLEGAL POSSESSION,4,0.8660254037844387,-0.4999999999999998,4.0,4.0,4.0
Uttar Pradesh,2024,4,KIDNAPPING,4,0.8660254037844387,-0.4999999999999998,4.0,4.0,4.0
Uttar Pradesh,2024,4,PUBLIC INTOXICATION,4,0.8660254037844387,-0.4999999999999998,4.0,4.0,4.0
Uttar Pradesh,2024,4,ROBBERY,4,0.8660254037844387,-0.4999999999999998,4.0,4.0,4.0
Uttar Pradesh,2024,4,SEXUAL ASSAULT,4,0.8660254037844387,-0.4999999999999998,4.0,4.0,4.0
Uttar Pradesh,2024,4,SHOPLIFTING,4,0.8660254037844387,-0.4999999999999998,4.0,4.0,4.0
Uttar Pradesh,2024,4,TRAFFIC VIOLATION,4,0.8660254037844387,-0.4999999999999998,4.0,4.0,4.0
Uttar Pradesh,2024,4,VANDALISM,4,0.8660254037844387,-0.4999999999999998,4.0,4.0,4.0
Uttar Pradesh,2024,4,VEHICLE - STOLEN,4,0.8660254037844387,-0.4999999999999998,4.0,4.0,4.0
West Bengal,2024,4,ARSON,3,0.8660254037844387,-0.4999999999999998,3.0,3.0,3.0
West Bengal,2024,4,ASSAULT,2,0.8660254037844387,-0.4999999999999998,2.0,3.0,2.6666666666666665
West Bengal,2024,4,BURGLARY,3,0.8660254037844387,-0.4999999999999998,3.0,3.0,3.0
West Bengal,2024,4,COUNTERFEITING,2,0.8660254037844387,-0.4999999999999998,3.0,3.0,3.0
West Bengal,2024,4,CYBERCRIME,2,0.8660254037844387,-0.4999999999999998,3.0,3.0,2.6666666666666665
West Bengal,2024,4,DOMESTIC VIOLENCE,3,0.8660254037844387,-0.4999999999999998,2.0,2.0,2.0
West Bengal,2024,4,DRUG OFFENSE,2,0.8660254037844387,-0.4999999999999998,2.0,3.0,2.3333333333333335
West Bengal,2024,4,EXTORTION,2,0.8660254037844387,-0.4999999999999998,2.0,2.0,2.0
West Bengal,2024,4,FIREARM OFFENSE,2,0.8660254037844387,-0.4999999999999998,2.0,2.0,2.0
West Bengal,2024,4,FRAUD,2,0.8660254037844387,-0.4999999999999998,2.0,2.0,2.3333333333333335
West Bengal,2024,4,HOMICIDE,2,0.8660254037844387,-0.4999999999999998,2.0,2.0,2.0
West Bengal,2024,4,IDENTITY THEFT,2,0.8660254037844387,-0.4999999999999998,2.0,2.0,2.0
West Bengal,2024,4,ILLEGAL POSSESSION,3,0.8660254037844387,-0.4999999999999998,3.0,2.0,2.6666666666666665
West Bengal,2024,4,KIDNAPPING,2,0.8660254037844387,-0.4999999999999998,3.0,3.0,3.0
West Bengal,2024,4,PUBLIC INTOXICATION,2,0.8660254037844387,-0.4999999999999998,2.0,3.0,2.6666666666666665
West Bengal,2024,4,ROBBERY,2,0.8660254037844387,-0.4999999999999998,2.0,2.0,2.0
West Bengal,2024,4,SEXUAL ASSAULT,2,0.8660254037844387,-0.4999999999999998,2.0,3.0,2.3333333333333335
West Bengal,2024,4,SHOPLIFTING,2,0.8660254037844387,-0.4999999999999998,2.0,2.0,2.0
West Bengal,2024,4,TRAFFIC VIOLATION,2,0.8660254037844387,-0.4999999999999998,3.0,3.0,3.0
West Bengal,2024,4,VANDALISM,2,0.8660254037844387,-0.4999999999999998,2.0,3.0,2.3333333333333335
West Bengal,2024,4,VEHICLE - STOLEN,2,0.8660254037844387,-0.4999999999999998,2.0,2.0,2.0
Andhra Pradesh,2024,5,ARSON,1,0.49999999999999994,-0.8660254037844387,1.0,1.0,1.0
Andhra Pradesh,2024,5,ASSAULT,1,0.49999999999999994,-0.8660254037844387,1.0,1.0,1.0
Andhra Pradesh,2024,5,BURGLARY,1,0.49999999999999994,-0.8660254037844387,1.0,1.0,1.0
Andhra Pradesh,2024,5,COUNTERFEITING,1,0.49999999999999994,-0.8660254037844387,1.0,1.0,1.0
Andhra Pradesh,2024,5,CYBERCRIME,1,0.49999999999999994,-0.8660254037844387,1.0,1.0,1.0
Andhra Pradesh,2024,5,DOMESTIC VIOLENCE,1,0.49999999999999994,-0.8660254037844387,1.0,1.0,1.0
Andhra Pradesh,2024,5,DRUG OFFENSE,1,0.49999999999999994,-0.8660254037844387,1.0,1.0,1.0
Andhra Pradesh,2024,5,EXTORTION,1,0.49999999999999994,-0.8660254037844387,1.0,1.0,1.0
Andhra Pradesh,2024,5,FIREARM OFFENSE,1,0.49999999999999994,-0.8660254037844387,1.0,1.0,1.0
Andhra Pradesh,2024,5,FRAUD,1,0.49999999999999994,-0.8660254037844387,1.0,1.0,1.0
Andhra Pradesh,2024,5,HOMICIDE,1,0.49999999999999994,-0.8660254037844387,1.0,1.0,1.0
Andhra Pradesh,2024,5,IDENTITY THEFT,1,0.49999999999999994,-0.8660254037844387,1.0,1.0,1.0
Andhra Pradesh,2024,5,ILLEGAL POSSESSION,1,0.49999999999999994,-0.8660254037844387,1.0,1.0,1.0
Andhra Pradesh,2024,5,KIDNAPPING,1,0.49999999999999994,-0.8660254037844387,1.0,1.0,1.0
Andhra Pradesh,2024,5,PUBLIC INTOXICATION,1,0.49999999999999994,-0.8660254037844387,1.0,1.0,1.0
Andhra Pradesh,2024,5,ROBBERY,1,0.49999999999999994,-0.8660254037844387,1.0,1.0,1.0
Andhra Pradesh,2024,5,SEXUAL ASSAULT,1,0.49999999999999994,-0.8660254037844387,1.0,1.0,1.0
Andhra Pradesh,2024,5,SHOPLIFTING,1,0.49999999999999994,-0.8660254037844387,1.0,1.0,1.0
Andhra Pradesh,2024,5,TRAFFIC VIOLATION,1,0.49999999999999994,-0.8660254037844387,1.0,1.0,1.0
Andhra Pradesh,2024,5,VANDALISM,1,0.49999999999999994,-0.8660254037844387,1.0,1.0,1.0
Andhra Pradesh,2024,5,VEHICLE - STOLEN,1,0.49999999999999994,-0.8660254037844387,1.0,1.0,1.0
Bihar,2024,5,ARSON,1,0.49999999999999994,-0.8660254037844387,1.0,1.0,1.0
Bihar,2024,5,ASSAULT,1,0.49999999999999994,-0.8660254037844387,1.0,1.0,1.0
Bihar,2024,5,BURGLARY,1,0.49999999999999994,-0.8660254037844387,1.0,1.0,1.0
Bihar,2024,5,COUNTERFEITING,1,0.49999999999999994,-0.8660254037844387,1.0,1.0,1.0
Bihar,2024,5,CYBERCRIME,1,0.49999999999999994,-0.8660254037844387,1.0,1.0,1.0
Bihar,2024,5,DOMESTIC VIOLENCE,1,0.49999999999999994,-0.8660254037844387,1.0,1.0,1.0
Bihar,2024,5,DRUG OFFENSE,1,0.49999999999999994,-0.8660254037844387,1.0,1.0,1.0
Bihar,2024,5,EXTORTION,1,0.49999999999999994,-0.8660254037844387,1.0,1.0,1.0
Bihar,2024,5,FIREARM OFFENSE,1,0.49999999999999994,-0.8660254037844387,1.0,1.0,1.0
Bihar,2024,5,FRAUD,1,0.49999999999999994,-0.8660254037844387,1.0,1.0,1.0
Bihar,2024,5,HOMICIDE,1,0.49999999999999994,-0.8660254037844387,1.0,1.0,1.0
Bihar,2024,5,IDENTITY THEFT,1,0.49999999999999994,-0.8660254037844387,1.0,1.0,1.0
Bihar,2024,5,ILLEGAL POSSESSION,1,0.49999999999999994,-0.8660254037844387,1.0,1.0,1.0
Bihar,2024,5,KIDNAPPING,1,0.49999999999999994,-0.8660254037844387,1.0,1.0,1.0
Bihar,2024,5,PUBLIC INTOXICATION,1,0.49999999999999994,-0.8660254037844387,1.0,1.0,1.0
Bihar,2024,5,ROBBERY,1,0.49999999999999994,-0.8660254037844387,1.0,1.0,1.0
Bihar,2024,5,SEXUAL ASSAULT,1,0.49999999999999994,-0.8660254037844387,1.0,1.0,1.0
Bihar,2024,5,SHOPLIFTING,1,0.49999999999999994,-0.8660254037844387,1.0,1.0,1.0
Bihar,2024,5,TRAFFIC VIOLATION,1,0.49999999999999994,-0.8660254037844387,1.0,1.0,1.0
Bihar,2024,5,VANDALISM,1,0.49999999999999994,-0.8660254037844387,1.0,1.0,1.0
Bihar,2024,5,VEHICLE - STOLEN,1,0.49999999999999994,-0.8660254037844387,1.0,1.0,1.0
Delhi,2024,5,ARSON,4,0.49999999999999994,-0.8660254037844387,4.0,4.0,4.0
Delhi,2024,5,ASSAULT,4,0.49999999999999994,-0.8660254037844387,4.0,4.0,4.0
Delhi,2024,5,BURGLARY,4,0.49999999999999994,-0.8660254037844387,4.0,4.0,4.0
Delhi,2024,5,COUNTERFEITING,4,0.49999999999999994,-0.8660254037844387,4.0,4.0,4.0
Delhi,2024,5,CYBERCRIME,4,0.49999999999999994,-0.8660254037844387,4.0,4.0,4.0
Delhi,2024,5,DOMESTIC VIOLENCE,4,0.49999999999999994,-0.8660254037844387,4.0,4.0,4.0
Delhi,2024,5,DRUG OFFENSE,4,0.49999999999999994,-0.8660254037844387,4.0,4.0,4.0
Delhi,2024,5,EXTORTION,4,0.49999999999999994,-0.8660254037844387,4.0,4.0,4.0
Delhi,2024,5,FIREARM OFFENSE,4,0.49999999999999994,-0.8660254037844387,4.0,4.0,4.0
Delhi,2024,5,FRAUD,4,0.49999999999999994,-0.8660254037844387,4.0,4.0,4.0
Delhi,2024,5,HOMICIDE,4,0.49999999999999994,-0.8660254037844387,4.0,4.0,4.0
Delhi,2024,5,IDENTITY THEFT,4,0.49999999999999994,-0.8660254037844387,4.0,4.0,4.0
Delhi,2024,5,ILLEGAL POSSESSION,4,0.49999999999999994,-0.8660254037844387,4.0,4.0,4.0
Delhi,2024,5,KIDNAPPING,4,0.49999999999999994,-0.8660254037844387,4.0,4.0,4.0
Delhi,2024,5,PUBLIC INTOXICATION,4,0.49999999999999994,-0.8660254037844387,4.0,4.0,4.0
Delhi,2024,5,ROBBERY,4,0.49999999999999994,-0.8660254037844387,4.0,4.0,4.0
Delhi,2024,5,SEXUAL ASSAULT,4,0.49999999999999994,-0.8660254037844387,4.0,4.0,4.0
Delhi,2024,5,SHOPLIFTING,4,0.49999999999999994,-0.8660254037844387,4.0,4.0,4.0
Delhi,2024,5,TRAFFIC VIOLATION,4,0.49999999999999994,-0.8660254037844387,4.0,3.0,3.6666666666666665
Delhi,2024,5,VANDALISM,4,0.49999999999999994,-0.8660254037844387,4.0,4.0,4.0
Delhi,2024,5,VEHICLE - STOLEN,4,0.49999999999999994,-0.8660254037844387,4.0,4.0,4.0
Gujarat,2024,5,ARSON,3,0.49999999999999994,-0.8660254037844387,3.0,3.0,3.0
Gujarat,2024,5,ASSAULT,3,0.49999999999999994,-0.8660254037844387,3.0,3.0,3.0
Gujarat,2024,5,BURGLARY,3,0.49999999999999994,-0.8660254037844387,3.0,3.0,3.0
Gujarat,2024,5,COUNTERFEITING,3,0.49999999999999994,-0.8660254037844387,3.0,3.0,3.0
Gujarat,2024,5,CYBERCRIME,3,0.49999999999999994,-0.8660254037844387,3.0,3.0,3.0
Gujarat,2024,5,DOMESTIC VIOLENCE,3,0.49999999999999994,-0.8660254037844387,3.0,3.0,3.0
Gujarat,2024,5,DRUG OFFENSE,3,0.49999999999999994,-0.8660254037844387,3.0,3.0,3.0
Gujarat,2024,5,EXTORTION,3,0.49999999999999994,-0.8660254037844387,3.0,3.0,3.0
Gujarat,2024,5,FIREARM OFFENSE,3,0.49999999999999994,-0.8660254037844387,3.0,3.0,3.0
Gujarat,2024,5,FRAUD,3,0.49999999999999994,-0.8660254037844387,3.0,3.0,3.0
Gujarat,2024,5,HOMICIDE,3,0.49999999999999994,-0.8660254037844387,3.0,3.0,3.0
Gujarat,2024,5,IDENTITY THEFT,3,0.49999999999999994,-0.8660254037844387,3.0,3.0,3.0
Gujarat,2024,5,ILLEGAL POSSESSION,3,0.49999999999999994,-0.8660254037844387,3.0,3.0,3.0
Gujarat,2024,5,KIDNAPPING,3,0.49999999999999994,-0.8660254037844387,3.0,3.0,3.0
Gujarat,2024,5,PUBLIC INTOXICATION,3,0.49999999999999994,-0.8660254037844387,3.0,3.0,3.0
Gujarat,2024,5,ROBBERY,3,0.49999999999999994,-0.8660254037844387,3.0,3.0,3.0
Gujarat,2024,5,SEXUAL ASSAULT,3,0.49999999999999994,-0.8660254037844387,3.0,3.0,3.0
Gujarat,2024,5,SHOPLIFTING,3,0.49999999999999994,-0.8660254037844387,3.0,3.0,3.0
Gujarat,2024,5,TRAFFIC VIOLATION,3,0.49999999999999994,-0.8660254037844387,3.0,3.0,3.0
Gujarat,2024,5,VANDALISM,3,0.49999999999999994,-0.8660254037844387,3.0,3.0,3.0
Gujarat,2024,5,VEHICLE - STOLEN,3,0.49999999999999994,-0.8660254037844387,3.0,3.0,3.0
Haryana,2024,5,ARSON,1,0.49999999999999994,-0.8660254037844387,1.0,1.0,1.0
Haryana,2024,5,ASSAULT,1,0.49999999999999994,-0.8660254037844387,1.0,1.0,1.0
Haryana,2024,5,BURGLARY,1,0.49999999999999994,-0.8660254037844387,1.0,1.0,1.0
Haryana,2024,5,COUNTERFEITING,1,0.49999999999999994,-0.8660254037844387,1.0,1.0,1.0
Haryana,2024,5,CYBERCRIME,1,0.49999999999999994,-0.8660254037844387,1.0,1.0,1.0
Haryana,2024,5,DOMESTIC VIOLENCE,1,0.49999999999999994,-0.8660254037844387,1.0,1.0,1.0
Haryana,2024,5,DRUG OFFENSE,1,0.49999999999999994,-0.8660254037844387,1.0,1.0,1.0
Haryana,2024,5,EXTORTION,1,0.49999999999999994,-0.8660254037844387,1.0,1.0,1.0
Haryana,2024,5,FIREARM OFFENSE,1,0.49999999999999994,-0.8660254037844387,1.0,1.0,1.0
Haryana,2024,5,FRAUD,1,0.49999999999999994,-0.8660254037844387,1.0,1.0,1.0
Haryana,2024,5,HOMICIDE,1,0.49999999999999994,-0.8660254037844387,1.0,1.0,1.0
Haryana,2024,5,IDENTITY THEFT,1,0.49999999999999994,-0.8660254037844387,1.0,1.0,1.0
Haryana,2024,5,ILLEGAL POSSESSION,1,0.49999999999999994,-0.8660254037844387,1.0,1.0,1.0
Haryana,2024,5,KIDNAPPING,1,0.49999999999999994,-0.8660254037844387,1.0,1.0,1.0
Haryana,2024,5,PUBLIC INTOXICATION,1,0.49999999999999994,-0.8660254037844387,1.0,1.0,1.0
Haryana,2024,5,ROBBERY,1,0.49999999999999994,-0.8660254037844387,1.0,1.0,1.0
Haryana,2024,5,SEXUAL ASSAULT,1,0.49999999999999994,-0.8660254037844387,1.0,1.0,1.0
Haryana,2024,5,SHOPLIFTING,1,0.49999999999999994,-0.8660254037844387,1.0,1.0,1.0
Haryana,2024,5,TRAFFIC VIOLATION,1,0.49999999999999994,-0.8660254037844387,1.0,1.0,1.0
Haryana,2024,5,VANDALISM,1,0.49999999999999994,-0.8660254037844387,1.0,1.0,1.0
Haryana,2024,5,VEHICLE - STOLEN,1,0.49999999999999994,-0.8660254037844387,1.0,1.0,1.0
Jammu and Kashmir,2024,5,ARSON,1,0.49999999999999994,-0.8660254037844387,1.0,1.0,1.0
Jammu and Kashmir,2024,5,ASSAULT,1,0.49999999999999994,-0.8660254037844387,1.0,1.0,1.0
Jammu and Kashmir,2024,5,BURGLARY,1,0.49999999999999994,-0.8660254037844387,1.0,1.0,1.0
Jammu and Kashmir,2024,5,COUNTERFEITING,1,0.49999999999999994,-0.8660254037844387,1.0,1.0,1.0
Jammu and Kashmir,2024,5,CYBERCRIME,1,0.49999999999999994,-0.8660254037844387,1.0,1.0,1.0
Jammu and Kashmir,2024,5,DOMESTIC VIOLENCE,1,0.49999999999999994,-0.8660254037844387,1.0,1.0,1.0
Jammu and Kashmir,2024,5,DRUG OFFENSE,1,0.49999999999999994,-0.8660254037844387,1.0,1.0,1.0
Jammu and Kashmir,2024,5,EXTORTION,1,0.49999999999999994,-0.8660254037844387,1.0,1.0,1.0
Jammu and Kashmir,2024,5,FIREARM OFFENSE,1,0.49999999999999994,-0.8660254037844387,1.0,1.0,1.0
Jammu and Kashmir,2024,5,FRAUD,1,0.49999999999999994,-0.8660254037844387,1.0,1.0,1.0
Jammu and Kashmir,2024,5,HOMICIDE,1,0.49999999999999994,-0.8660254037844387,1.0,1.0,1.0
Jammu and Kashmir,2024,5,IDENTITY THEFT,1,0.49999999999999994,-0.8660254037844387,1.0,1.0,1.0
Jammu and Kashmir,2024,5,ILLEGAL POSSESSION,1,0.49999999999999994,-0.8660254037844387,1.0,1.0,1.0
Jammu and Kashmir,2024,5,KIDNAPPING,1,0.49999999999999994,-0.8660254037844387,1.0,1.0,1.0
Jammu and Kashmir,2024,5,PUBLIC INTOXICATION,1,0.49999999999999994,-0.8660254037844387,1.0,1.0,1.0
Jammu and Kashmir,2024,5,ROBBERY,1,0.49999999999999994,-0.8660254037844387,1.0,1.0,1.0
Jammu and Kashmir,2024,5,SEXUAL ASSAULT,1,0.49999999999999994,-0.8660254037844387,1.0,1.0,1.0
Jammu and Kashmir,2024,5,SHOPLIFTING,1,0.49999999999999994,-0.8660254037844387,1.0,1.0,1.0
Jammu and Kashmir,2024,5,TRAFFIC VIOLATION,1,0.49999999999999994,-0.8660254037844387,1.0,1.0,1.0
Jammu and Kashmir,2024,5,VANDALISM,1,0.49999999999999994,-0.8660254037844387,1.0,1.0,1.0
Jammu and Kashmir,2024,5,VEHICLE - STOLEN,1,0.49999999999999994,-0.8660254037844387,1.0,1.0,1.0
Karnataka,2024,5,ARSON,3,0.49999999999999994,-0.8660254037844387,3.0,3.0,3.0
Karnataka,2024,5,ASSAULT,3,0.49999999999999994,-0.8660254037844387,3.0,3.0,3.0
Karnataka,2024,5,BURGLARY,3,0.49999999999999994,-0.8660254037844387,3.0,3.0,3.0
Karnataka,2024,5,COUNTERFEITING,3,0.49999999999999994,-0.8660254037844387,3.0,3.0,3.0
Karnataka,2024,5,CYBERCRIME,3,0.49999999999999994,-0.8660254037844387,3.0,3.0,3.0
Karnataka,2024,5,DOMESTIC VIOLENCE,3,0.49999999999999994,-0.8660254037844387,3.0,3.0,3.0
Karnataka,2024,5,DRUG OFFENSE,3,0.49999999999999994,-0.8660254037844387,3.0,3.0,3.0
Karnataka,2024,5,EXTORTION,3,0.49999999999999994,-0.8660254037844387,3.0,3.0,3.0
Karnataka,2024,5,FIREARM OFFENSE,3,0.49999999999999994,-0.8660254037844387,3.0,3.0,3.0
Karnataka,2024,5,FRAUD,3,0.49999999999999994,-0.8660254037844387,3.0,3.0,3.0
Karnataka,2024,5,HOMICIDE,3,0.49999999999999994,-0.8660254037844387,3.0,3.0,3.0
Karnataka,2024,5,IDENTITY THEFT,3,0.49999999999999994,-0.8660254037844387,3.0,3.0,3.0
Karnataka,2024,5,ILLEGAL POSSESSION,3,0.49999999999999994,-0.8660254037844387,3.0,3.0,3.0
Karnataka,2024,5,KIDNAPPING,3,0.49999999999999994,-0.8660254037844387,3.0,3.0,3.0
Karnataka,2024,5,PUBLIC INTOXICATION,3,0.49999999999999994,-0.8660254037844387,3.0,3.0,3.0
Karnataka,2024,5,ROBBERY,3,0.49999999999999994,-0.8660254037844387,3.0,3.0,3.0
Karnataka,2024,5,SEXUAL ASSAULT,3,0.49999999999999994,-0.8660254037844387,3.0,3.0,3.0
Karnataka,2024,5,SHOPLIFTING,3,0.49999999999999994,-0.8660254037844387,3.0,3.0,3.0
Karnataka,2024,5,TRAFFIC VIOLATION,3,0.49999999999999994,-0.8660254037844387,3.0,3.0,3.0
Karnataka,2024,5,VANDALISM,3,0.49999999999999994,-0.8660254037844387,3.0,3.0,3.0
Karnataka,2024,5,VEHICLE - STOLEN,3,0.49999999999999994,-0.8660254037844387,3.0,3.0,3.0
Madhya Pradesh,2024,5,ARSON,1,0.49999999999999994,-0.8660254037844387,2.0,1.0,1.6666666666666667
Madhya Pradesh,2024,5,ASSAULT,2,0.49999999999999994,-0.8660254037844387,2.0,2.0,2.0
Madhya Pradesh,2024,5,BURGLARY,1,0.49999999999999994,-0.8660254037844387,1.0,1.0,1.0
Madhya Pradesh,2024,5,COUNTERFEITING,1,0.49999999999999994,-0.8660254037844387,1.0,1.0,1.0
Madhya Pradesh,2024,5,CYBERCRIME,1,0.49999999999999994,-0.8660254037844387,1.0,1.0,1.0
Madhya Pradesh,2024,5,DOMESTIC VIOLENCE,1,0.49999999999999994,-0.8660254037844387,1.0,1.0,1.0
Madhya Pradesh,2024,5,DRUG OFFENSE,1,0.49999999999999994,-0.8660254037844387,1.0,1.0,1.0
Madhya Pradesh,2024,5,EXTORTION,1,0.49999999999999994,-0.8660254037844387,1.0,1.0,1.0
Madhya Pradesh,2024,5,FIREARM OFFENSE,1,0.49999999999999994,-0.8660254037844387,1.0,1.0,1.0
Madhya Pradesh,2024,5,FRAUD,1,0.49999999999999994,-0.8660254037844387,1.0,1.0,1.0
Madhya Pradesh,2024,5,HOMICIDE,1,0.49999999999999994,-0.8660254037844387,1.0,1.0,1.0
Madhya Pradesh,2024,5,IDENTITY THEFT,1,0.49999999999999994,-0.8660254037844387,1.0,1.0,1.0
Madhya Pradesh,2024,5,ILLEGAL POSSESSION,1,0.49999999999999994,-0.8660254037844387,1.0,1.0,1.0
Madhya Pradesh,2024,5,KIDNAPPING,1,0.49999999999999994,-0.8660254037844387,1.0,1.0,1.0
Madhya Pradesh,2024,5,PUBLIC INTOXICATION,1,0.49999999999999994,-0.8660254037844387,1.0,1.0,1.0
Madhya Pradesh,2024,5,ROBBERY,1,0.49999999999999994,-0.8660254037844387,2.0,1.0,1.6666666666666667
Madhya Pradesh,2024,5,SEXUAL ASSAULT,1,0.49999999999999994,-0.8660254037844387,1.0,1.0,1.0
Madhya Pradesh,2024,5,SHOPLIFTING,1,0.49999999999999994,-0.8660254037844387,1.0,1.0,1.0
Madhya Pradesh,2024,5,TRAFFIC VIOLATION,1,0.49999999999999994,-0.8660254037844387,2.0,1.0,1.6666666666666667
Madhya Pradesh,2024,5,VANDALISM,1,0.49999999999999994,-0.8660254037844387,1.0,1.0,1.0
Madhya Pradesh,2024,5,VEHICLE - STOLEN,1,0.49999999999999994,-0.8660254037844387,1.0,1.0,1.0
Maharashtra,2024,5,ARSON,9,0.49999999999999994,-0.8660254037844387,9.0,8.0,8.333333333333334
Maharashtra,2024,5,ASSAULT,8,0.49999999999999994,-0.8660254037844387,8.0,8.0,8.0
Maharashtra,2024,5,BURGLARY,9,0.49999999999999994,-0.8660254037844387,9.0,8.0,8.666666666666666
Maharashtra,2024,5,COUNTERFEITING,8,0.49999999999999994,-0.8660254037844387,8.0,8.0,8.0
Maharashtra,2024,5,CYBERCRIME,9,0.49999999999999994,-0.8660254037844387,9.0,9.0,8.666666666666666
Maharashtra,2024,5,DOMESTIC VIOLENCE,9,0.49999999999999994,-0.8660254037844387,8.0,9.0,8.333333333333334
Maharashtra,2024,5,DRUG OFFENSE,9,0.49999999999999994,-0.8660254037844387,9.0,9.0,9.0
Maharashtra,2024,5,EXTORTION,9,0.49999999999999994,-0.8660254037844387,8.0,8.0,8.333333333333334
Maharashtra,2024,5,FIREARM OFFENSE,8,0.49999999999999994,-0.8660254037844387,8.0,8.0,8.0
Maharashtra,2024,5,FRAUD,8,0.49999999999999994,-0.8660254037844387,8.0,8.0,8.333333333333334
Maharashtra,2024,5,HOMICIDE,8,0.49999999999999994,-0.8660254037844387,8.0,8.0,8.0
Maharashtra,2024,5,IDENTITY THEFT,8,0.49999999999999994,-0.8660254037844387,8.0,8.0,8.0
Maharashtra,2024,5,ILLEGAL POSSESSION,9,0.49999999999999994,-0.8660254037844387,8.0,8.0,8.333333333333334
Maharashtra,2024,5,KIDNAPPING,8,0.49999999999999994,-0.8660254037844387,8.0,8.0,8.0
Maharashtra,2024,5,PUBLIC INTOXICATION,9,0.49999999999999994,-0.8660254037844387,9.0,8.0,8.666666666666666
Maharashtra,2024,5,ROBBERY,8,0.49999999999999994,-0.8660254037844387,8.0,8.0,8.0
Maharashtra,2024,5,SEXUAL ASSAULT,9,0.49999999999999994,-0.8660254037844387,9.0,9.0,8.666666666666666
Maharashtra,2024,5,SHOPLIFTING,9,0.49999999999999994,-0.8660254037844387,9.0,8.0,8.666666666666666
Maharashtra,2024,5,TRAFFIC VIOLATION,8,0.49999999999999994,-0.8660254037844387,8.0,7.0,8.0
Maharashtra,2024,5,VANDALISM,8,0.49999999999999994,-0.8660254037844387,8.0,8.0,8.333333333333334
Maharashtra,2024,5,VEHICLE - STOLEN,9,0.49999999999999994,-0.8660254037844387,10.0,9.0,9.0
Punjab,2024,5,ARSON,1,0.49999999999999994,-0.8660254037844387,1.0,1.0,1.0
Punjab,2024,5,ASSAULT,1,0.49999999999999994,-0.8660254037844387,1.0,1.0,1.0
Punjab,2024,5,BURGLARY,1,0.49999999999999994,-0.8660254037844387,1.0,1.0,1.0
Punjab,2024,5,COUNTERFEITING,1,0.49999999999999994,-0.8660254037844387,1.0,1.0,1.0
Punjab,2024,5,CYBERCRIME,1,0.49999999999999994,-0.8660254037844387,1.0,1.0,1.0
Punjab,2024,5,DOMESTIC VIOLENCE,1,0.49999999999999994,-0.8660254037844387,1.0,1.0,1.0
Punjab,2024,5,DRUG OFFENSE,1,0.49999999999999994,-0.8660254037844387,1.0,1.0,1.0
Punjab,2024,5,EXTORTION,1,0.49999999999999994,-0.8660254037844387,1.0,1.0,1.0
Punjab,2024,5,FIREARM OFFENSE,1,0.49999999999999994,-0.8660254037844387,1.0,1.0,1.0
Punjab,2024,5,FRAUD,1,0.49999999999999994,-0.8660254037844387,1.0,1.0,1.0
Punjab,2024,5,HOMICIDE,1,0.49999999999999994,-0.8660254037844387,1.0,1.0,1.0
Punjab,2024,5,IDENTITY THEFT,1,0.49999999999999994,-0.8660254037844387,1.0,1.0,1.0
Punjab,2024,5,ILLEGAL POSSESSION,1,0.49999999999999994,-0.8660254037844387,1.0,1.0,1.0
Punjab,2024,5,KIDNAPPING,1,0.49999999999999994,-0.8660254037844387,1.0,1.0,1.0
Punjab,2024,5,PUBLIC INTOXICATION,1,0.49999999999999994,-0.8660254037844387,1.0,1.0,1.0
Punjab,2024,5,ROBBERY,1,0.49999999999999994,-0.8660254037844387,1.0,1.0,1.0
Punjab,2024,5,SEXUAL ASSAULT,1,0.49999999999999994,-0.8660254037844387,1.0,1.0,1.0
Punjab,2024,5,SHOPLIFTING,1,0.49999999999999994,-0.8660254037844387,1.0,1.0,1.0
Punjab,2024,5,TRAFFIC VIOLATION,1,0.49999999999999994,-0.8660254037844387,1.0,1.0,1.0
Punjab,2024,5,VANDALISM,1,0.49999999999999994,-0.8660254037844387,1.0,1.0,1.0
Punjab,2024,5,VEHICLE - STOLEN,1,0.49999999999999994,-0.8660254037844387,1.0,1.0,1.0
Rajasthan,2024,5,ARSON,1,0.49999999999999994,-0.8660254037844387,1.0,1.0,1.0
Rajasthan,2024,5,ASSAULT,1,0.49999999999999994,-0.8660254037844387,1.0,1.0,1.0
Rajasthan,2024,5,BURGLARY,1,0.49999999999999994,-0.8660254037844387,1.0,1.0,1.0
Rajasthan,2024,5,COUNTERFEITING,1,0.49999999999999994,-0.8660254037844387,1.0,1.0,1.0
Rajasthan,2024,5,CYBERCRIME,1,0.49999999999999994,-0.8660254037844387,1.0,1.0,1.0
Rajasthan,2024,5,DOMESTIC VIOLENCE,1,0.49999999999999994,-0.8660254037844387,1.0,1.0,1.0
Rajasthan,2024,5,DRUG OFFENSE,1,0.49999999999999994,-0.8660254037844387,1.0,1.0,1.0
Rajasthan,2024,5,EXTORTION,1,0.49999999999999994,-0.8660254037844387,1.0,1.0,1.0
Rajasthan,2024,5,FIREARM OFFENSE,1,0.49999999999999994,-0.8660254037844387,1.0,1.0,1.0
Rajasthan,2024,5,FRAUD,1,0.49999999999999994,-0.8660254037844387,1.0,1.0,1.0
Rajasthan,2024,5,HOMICIDE,1,0.49999999999999994,-0.8660254037844387,1.0,1.0,1.0
Rajasthan,2024,5,IDENTITY THEFT,1,0.49999999999999994,-0.8660254037844387,1.0,1.0,1.0
Rajasthan,2024,5,ILLEGAL POSSESSION,1,0.49999999999999994,-0.8660254037844387,1.0,1.0,1.0
Rajasthan,2024,5,KIDNAPPING,1,0.49999999999999994,-0.8660254037844387,1.0,1.0,1.0
Rajasthan,2024,5,PUBLIC INTOXICATION,1,0.49999999999999994,-0.8660254037844387,1.0,1.0,1.0
Rajasthan,2024,5,ROBBERY,1,0.49999999999999994,-0.8660254037844387,1.0,1.0,1.0
Rajasthan,2024,5,SEXUAL ASSAULT,1,0.49999999999999994,-0.8660254037844387,1.0,1.0,1.0
Rajasthan,2024,5,SHOPLIFTING,1,0.49999999999999994,-0.8660254037844387,1.0,1.0,1.0
Rajasthan,2024,5,TRAFFIC VIOLATION,2,0.49999999999999994,-0.8660254037844387,2.0,1.0,1.3333333333333333
Rajasthan,2024,5,VANDALISM,1,0.49999999999999994,-0.8660254037844387,1.0,1.0,1.0
Rajasthan,2024,5,VEHICLE - STOLEN,1,0.49999999999999994,-0.8660254037844387,1.0,1.0,1.0
Tamil Nadu,2024,5,ARSON,2,0.49999999999999994,-0.8660254037844387,2.0,2.0,2.0
Tamil Nadu,2024,5,ASSAULT,2,0.49999999999999994,-0.8660254037844387,2.0,2.0,2.0
Tamil Nadu,2024,5,BURGLARY,2,0.49999999999999994,-0.8660254037844387,2.0,2.0,2.0
Tamil Nadu,2024,5,COUNTERFEITING,2,0.49999999999999994,-0.8660254037844387,2.0,2.0,2.0
Tamil Nadu,2024,5,CYBERCRIME,2,0.49999999999999994,-0.8660254037844387,2.0,2.0,2.0
Tamil Nadu,2024,5,DOMESTIC VIOLENCE,2,0.49999999999999994,-0.8660254037844387,2.0,2.0,2.0
Tamil Nadu,2024,5,DRUG OFFENSE,2,0.49999999999999994,-0.8660254037844387,2.0,2.0,2.0
Tamil Nadu,2024,5,EXTORTION,2,0.49999999999999994,-0.8660254037844387,2.0,2.0,2.0
Tamil Nadu,2024,5,FIREARM OFFENSE,2,0.49999999999999994,-0.8660254037844387,2.0,2.0,2.0
Tamil Nadu,2024,5,FRAUD,2,0.49999999999999994,-0.8660254037844387,2.0,2.0,2.0
Tamil Nadu,2024,5,HOMICIDE,2,0.49999999999999994,-0.8660254037844387,2.0,2.0,2.0
Tamil Nadu,2024,5,IDENTITY THEFT,2,0.49999999999999994,-0.8660254037844387,2.0,2.0,2.0
Tamil Nadu,2024,5,ILLEGAL POSSESSION,2,0.49999999999999994,-0.8660254037844387,2.0,2.0,2.0
Tamil Nadu,2024,5,KIDNAPPING,2,0.49999999999999994,-0.8660254037844387,2.0,2.0,2.0
Tamil Nadu,2024,5,PUBLIC INTOXICATION,2,0.49999999999999994,-0.8660254037844387,2.0,2.0,2.0
Tamil Nadu,2024,5,ROBBERY,2,0.49999999999999994,-0.8660254037844387,2.0,2.0,2.0
Tamil Nadu,2024,5,SEXUAL ASSAULT,2,0.49999999999999994,-0.8660254037844387,2.0,2.0,2.0
Tamil Nadu,2024,5,SHOPLIFTING,2,0.49999999999999994,-0.8660254037844387,2.0,2.0,2.0
Tamil Nadu,2024,5,TRAFFIC VIOLATION,2,0.49999999999999994,-0.8660254037844387,2.0,2.0,2.0
Tamil Nadu,2024,5,VANDALISM,2,0.49999999999999994,-0.8660254037844387,2.0,2.0,2.0
Tamil Nadu,2024,5,VEHICLE - STOLEN,2,0.49999999999999994,-0.8660254037844387,2.0,2.0,2.0
Telangana,2024,5,ARSON,3,0.49999999999999994,-0.8660254037844387,3.0,3.0,3.0
Telangana,2024,5,ASSAULT,2,0.49999999999999994,-0.8660254037844387,2.0,2.0,2.0
Telangana,2024,5,BURGLARY,3,0.49999999999999994,-0.8660254037844387,3.0,2.0,2.6666666666666665
Telangana,2024,5,COUNTERFEITING,3,0.49999999999999994,-0.8660254037844387,3.0,3.0,3.0
Telangana,2024,5,CYBERCRIME,2,0.49999999999999994,-0.8660254037844387,2.0,2.0,2.0
Telangana,2024,5,DOMESTIC VIOLENCE,3,0.49999999999999994,-0.8660254037844387,3.0,3.0,3.0
Telangana,2024,5,DRUG OFFENSE,2,0.49999999999999994,-0.8660254037844387,2.0,2.0,2.3333333333333335
Telangana,2024,5,EXTORTION,2,0.49999999999999994,-0.8660254037844387,2.0,2.0,2.3333333333333335
Telangana,2024,5,FIREARM OFFENSE,3,0.49999999999999994,-0.8660254037844387,3.0,3.0,2.6666666666666665
Telangana,2024,5,FRAUD,3,0.49999999999999994,-0.8660254037844387,2.0,3.0,2.6666666666666665
Telangana,2024,5,HOMICIDE,3,0.49999999999999994,-0.8660254037844387,2.0,2.0,2.3333333333333335
Telangana,2024,5,IDENTITY THEFT,3,0.49999999999999994,-0.8660254037844387,3.0,3.0,3.0
Telangana,2024,5,ILLEGAL POSSESSION,3,0.49999999999999994,-0.8660254037844387,3.0,3.0,3.0
Telangana,2024,5,KIDNAPPING,2,0.49999999999999994,-0.8660254037844387,2.0,2.0,2.3333333333333335
Telangana,2024,5,PUBLIC INTOXICATION,3,0.49999999999999994,-0.8660254037844387,2.0,3.0,2.6666666666666665
Telangana,2024,5,ROBBERY,2,0.49999999999999994,-0.8660254037844387,2.0,2.0,2.0
Telangana,2024,5,SEXUAL ASSAULT,3,0.49999999999999994,-0.8660254037844387,3.0,3.0,3.0
Telangana,2024,5,SHOPLIFTING,2,0.49999999999999994,-0.8660254037844387,2.0,2.0,2.0
Telangana,2024,5,TRAFFIC VIOLATION,3,0.49999999999999994,-0.8660254037844387,3.0,3.0,3.0
Telangana,2024,5,VANDALISM,2,0.49999999999999994,-0.8660254037844387,2.0,2.0,2.0
Telangana,2024,5,VEHICLE - STOLEN,3,0.49999999999999994,-0.8660254037844387,3.0,3.0,3.0
Uttar Pradesh,2024,5,ARSON,4,0.49999999999999994,-0.8660254037844387,4.0,4.0,4.0
Uttar Pradesh,2024,5,ASSAULT,4,0.49999999999999994,-0.8660254037844387,4.0,4.0,4.0
Uttar Pradesh,2024,5,BURGLARY,4,0.49999999999999994,-0.8660254037844387,4.0,4.0,4.0
Uttar Pradesh,2024,5,COUNTERFEITING,4,0.49999999999999994,-0.8660254037844387,4.0,4.0,4.0
Uttar Pradesh,2024,5,CYBERCRIME,4,0.49999999999999994,-0.8660254037844387,4.0,4.0,4.0
Uttar Pradesh,2024,5,DOMESTIC VIOLENCE,4,0.49999999999999994,-0.8660254037844387,4.0,4.0,4.0
Uttar Pradesh,2024,5,DRUG OFFENSE,4,0.49999999999999994,-0.8660254037844387,4.0,4.0,4.0
Uttar Pradesh,2024,5,EXTORTION,4,0.49999999999999994,-0.8660254037844387,4.0,4.0,4.0
Uttar Pradesh,2024,5,FIREARM OFFENSE,4,0.49999999999999994,-0.8660254037844387,4.0,4.0,4.0
Uttar Pradesh,2024,5,FRAUD,4,0.49999999999999994,-0.8660254037844387,4.0,4.0,4.0
Uttar Pradesh,2024,5,HOMICIDE,4,0.49999999999999994,-0.8660254037844387,4.0,4.0,4.0
Uttar Pradesh,2024,5,IDENTITY THEFT,4,0.49999999999999994,-0.8660254037844387,4.0,4.0,4.0
Uttar Pradesh,2024,5,ILLEGAL POSSESSION,4,0.49999999999999994,-0.8660254037844387,4.0,4.0,4.0
Uttar Pradesh,2024,5,KIDNAPPING,4,0.49999999999999994,-0.8660254037844387,4.0,4.0,4.0
Uttar Pradesh,2024,5,PUBLIC INTOXICATION,4,0.49999999999999994,-0.8660254037844387,4.0,4.0,4.0
Uttar Pradesh,2024,5,ROBBERY,4,0.49999999999999994,-0.8660254037844387,4.0,4.0,4.0
Uttar Pradesh,2024,5,SEXUAL ASSAULT,4,0.49999999999999994,-0.8660254037844387,4.0,4.0,4.0
Uttar Pradesh,2024,5,SHOPLIFTING,4,0.49999999999999994,-0.8660254037844387,4.0,4.0,4.0
Uttar Pradesh,2024,5,TRAFFIC VIOLATION,4,0.49999999999999994,-0.8660254037844387,4.0,4.0,4.0
Uttar Pradesh,2024,5,VANDALISM,4,0.49999999999999994,-0.8660254037844387,4.0,4.0,4.0
Uttar Pradesh,2024,5,VEHICLE - STOLEN,4,0.49999999999999994,-0.8660254037844387,4.0,4.0,4.0
West Bengal,2024,5,ARSON,3,0.49999999999999994,-0.8660254037844387,3.0,3.0,3.0
West Bengal,2024,5,ASSAULT,2,0.49999999999999994,-0.8660254037844387,2.0,3.0,2.3333333333333335
West Bengal,2024,5,BURGLARY,3,0.49999999999999994,-0.8660254037844387,3.0,3.0,3.0
West Bengal,2024,5,COUNTERFEITING,2,0.49999999999999994,-0.8660254037844387,2.0,3.0,2.6666666666666665
West Bengal,2024,5,CYBERCRIME,3,0.49999999999999994,-0.8660254037844387,2.0,2.0,2.3333333333333335
West Bengal,2024,5,DOMESTIC VIOLENCE,2,0.49999999999999994,-0.8660254037844387,3.0,2.0,2.3333333333333335
West Bengal,2024,5,DRUG OFFENSE,2,0.49999999999999994,-0.8660254037844387,2.0,2.0,2.0
West Bengal,2024,5,EXTORTION,2,0.49999999999999994,-0.8660254037844387,2.0,2.0,2.0
West Bengal,2024,5,FIREARM OFFENSE,2,0.49999999999999994,-0.8660254037844387,2.0,2.0,2.0
West Bengal,2024,5,FRAUD,2,0.49999999999999994,-0.8660254037844387,2.0,3.0,2.3333333333333335
West Bengal,2024,5,HOMICIDE,2,0.49999999999999994,-0.8660254037844387,2.0,2.0,2.0
West Bengal,2024,5,IDENTITY THEFT,2,0.49999999999999994,-0.8660254037844387,2.0,2.0,2.0
West Bengal,2024,5,ILLEGAL POSSESSION,2,0.49999999999999994,-0.8660254037844387,3.0,3.0,3.0
West Bengal,2024,5,KIDNAPPING,2,0.49999999999999994,-0.8660254037844387,2.0,3.0,2.6666666666666665
West Bengal,2024,5,PUBLIC INTOXICATION,2,0.49999999999999994,-0.8660254037844387,2.0,3.0,2.3333333333333335
West Bengal,2024,5,ROBBERY,2,0.49999999999999994,-0.8660254037844387,2.0,2.0,2.0
West Bengal,2024,5,SEXUAL ASSAULT,2,0.49999999999999994,-0.8660254037844387,2.0,2.0,2.0
West Bengal,2024,5,SHOPLIFTING,2,0.49999999999999994,-0.8660254037844387,2.0,2.0,2.0
West Bengal,2024,5,TRAFFIC VIOLATION,3,0.49999999999999994,-0.8660254037844387,2.0,3.0,2.6666666666666665
West Bengal,2024,5,VANDALISM,2,0.49999999999999994,-0.8660254037844387,2.0,2.0,2.0
West Bengal,2024,5,VEHICLE - STOLEN,2,0.49999999999999994,-0.8660254037844387,2.0,2.0,2.0
Andhra Pradesh,2024,6,ARSON,1,1.2246467991473532e-16,-1.0,1.0,1.0,1.0
Andhra Pradesh,2024,6,ASSAULT,1,1.2246467991473532e-16,-1.0,1.0,1.0,1.0
Andhra Pradesh,2024,6,BURGLARY,1,1.2246467991473532e-16,-1.0,1.0,1.0,1.0
Andhra Pradesh,2024,6,COUNTERFEITING,1,1.2246467991473532e-16,-1.0,1.0,1.0,1.0
Andhra Pradesh,2024,6,CYBERCRIME,1,1.2246467991473532e-16,-1.0,1.0,1.0,1.0
Andhra Pradesh,2024,6,DOMESTIC VIOLENCE,1,1.2246467991473532e-16,-1.0,1.0,1.0,1.0
Andhra Pradesh,2024,6,DRUG OFFENSE,1,1.2246467991473532e-16,-1.0,1.0,1.0,1.0
Andhra Pradesh,2024,6,EXTORTION,1,1.2246467991473532e-16,-1.0,1.0,1.0,1.0
Andhra Pradesh,2024,6,FIREARM OFFENSE,1,1.2246467991473532e-16,-1.0,1.0,1.0,1.0
Andhra Pradesh,2024,6,FRAUD,1,1.2246467991473532e-16,-1.0,1.0,1.0,1.0
Andhra Pradesh,2024,6,HOMICIDE,1,1.2246467991473532e-16,-1.0,1.0,1.0,1.0
Andhra Pradesh,2024,6,IDENTITY THEFT,1,1.2246467991473532e-16,-1.0,1.0,1.0,1.0
Andhra Pradesh,2024,6,ILLEGAL POSSESSION,1,1.2246467991473532e-16,-1.0,1.0,1.0,1.0
Andhra Pradesh,2024,6,KIDNAPPING,1,1.2246467991473532e-16,-1.0,1.0,1.0,1.0
Andhra Pradesh,2024,6,PUBLIC INTOXICATION,1,1.2246467991473532e-16,-1.0,1.0,1.0,1.0
Andhra Pradesh,2024,6,ROBBERY,1,1.2246467991473532e-16,-1.0,1.0,1.0,1.0
Andhra Pradesh,2024,6,SEXUAL ASSAULT,1,1.2246467991473532e-16,-1.0,1.0,1.0,1.0
Andhra Pradesh,2024,6,SHOPLIFTING,1,1.2246467991473532e-16,-1.0,1.0,1.0,1.0
Andhra Pradesh,2024,6,TRAFFIC VIOLATION,1,1.2246467991473532e-16,-1.0,1.0,1.0,1.0
Andhra Pradesh,2024,6,VANDALISM,1,1.2246467991473532e-16,-1.0,1.0,1.0,1.0
Andhra Pradesh,2024,6,VEHICLE - STOLEN,1,1.2246467991473532e-16,-1.0,1.0,1.0,1.0
Bihar,2024,6,ARSON,1,1.2246467991473532e-16,-1.0,1.0,1.0,1.0
Bihar,2024,6,ASSAULT,1,1.2246467991473532e-16,-1.0,1.0,1.0,1.0
Bihar,2024,6,BURGLARY,1,1.2246467991473532e-16,-1.0,1.0,1.0,1.0
Bihar,2024,6,COUNTERFEITING,1,1.2246467991473532e-16,-1.0,1.0,1.0,1.0
Bihar,2024,6,CYBERCRIME,1,1.2246467991473532e-16,-1.0,1.0,1.0,1.0
Bihar,2024,6,DOMESTIC VIOLENCE,1,1.2246467991473532e-16,-1.0,1.0,1.0,1.0
Bihar,2024,6,DRUG OFFENSE,1,1.2246467991473532e-16,-1.0,1.0,1.0,1.0
Bihar,2024,6,EXTORTION,1,1.2246467991473532e-16,-1.0,1.0,1.0,1.0
Bihar,2024,6,FIREARM OFFENSE,1,1.2246467991473532e-16,-1.0,1.0,1.0,1.0
Bihar,2024,6,FRAUD,1,1.2246467991473532e-16,-1.0,1.0,1.0,1.0
Bihar,2024,6,HOMICIDE,1,1.2246467991473532e-16,-1.0,1.0,1.0,1.0
Bihar,2024,6,IDENTITY THEFT,1,1.2246467991473532e-16,-1.0,1.0,1.0,1.0
Bihar,2024,6,ILLEGAL POSSESSION,1,1.2246467991473532e-16,-1.0,1.0,1.0,1.0
Bihar,2024,6,KIDNAPPING,1,1.2246467991473532e-16,-1.0,1.0,1.0,1.0
Bihar,2024,6,PUBLIC INTOXICATION,1,1.2246467991473532e-16,-1.0,1.0,1.0,1.0
Bihar,2024,6,ROBBERY,1,1.2246467991473532e-16,-1.0,1.0,1.0,1.0
Bihar,2024,6,SEXUAL ASSAULT,1,1.2246467991473532e-16,-1.0,1.0,1.0,1.0
Bihar,2024,6,SHOPLIFTING,1,1.2246467991473532e-16,-1.0,1.0,1.0,1.0
Bihar,2024,6,TRAFFIC VIOLATION,1,1.2246467991473532e-16,-1.0,1.0,1.0,1.0
Bihar,2024,6,VANDALISM,1,1.2246467991473532e-16,-1.0,1.0,1.0,1.0
Bihar,2024,6,VEHICLE - STOLEN,1,1.2246467991473532e-16,-1.0,1.0,1.0,1.0
Delhi,2024,6,ARSON,4,1.2246467991473532e-16,-1.0,4.0,4.0,4.0
Delhi,2024,6,ASSAULT,4,1.2246467991473532e-16,-1.0,4.0,4.0,4.0
Delhi,2024,6,BURGLARY,4,1.2246467991473532e-16,-1.0,4.0,4.0,4.0
Delhi,2024,6,COUNTERFEITING,4,1.2246467991473532e-16,-1.0,4.0,4.0,4.0
Delhi,2024,6,CYBERCRIME,4,1.2246467991473532e-16,-1.0,4.0,4.0,4.0
Delhi,2024,6,DOMESTIC VIOLENCE,4,1.2246467991473532e-16,-1.0,4.0,4.0,4.0
Delhi,2024,6,DRUG OFFENSE,4,1.2246467991473532e-16,-1.0,4.0,4.0,4.0
Delhi,2024,6,EXTORTION,4,1.2246467991473532e-16,-1.0,4.0,4.0,4.0
Delhi,2024,6,FIREARM OFFENSE,4,1.2246467991473532e-16,-1.0,4.0,4.0,4.0
Delhi,2024,6,FRAUD,4,1.2246467991473532e-16,-1.0,4.0,4.0,4.0
Delhi,2024,6,HOMICIDE,4,1.2246467991473532e-16,-1.0,4.0,4.0,4.0
Delhi,2024,6,IDENTITY THEFT,4,1.2246467991473532e-16,-1.0,4.0,4.0,4.0
Delhi,2024,6,ILLEGAL POSSESSION,4,1.2246467991473532e-16,-1.0,4.0,4.0,4.0
Delhi,2024,6,KIDNAPPING,4,1.2246467991473532e-16,-1.0,4.0,4.0,4.0
Delhi,2024,6,PUBLIC INTOXICATION,4,1.2246467991473532e-16,-1.0,4.0,4.0,4.0
Delhi,2024,6,ROBBERY,4,1.2246467991473532e-16,-1.0,4.0,4.0,4.0
Delhi,2024,6,SEXUAL ASSAULT,4,1.2246467991473532e-16,-1.0,4.0,4.0,4.0
Delhi,2024,6,SHOPLIFTING,4,1.2246467991473532e-16,-1.0,4.0,4.0,4.0
Delhi,2024,6,TRAFFIC VIOLATION,4,1.2246467991473532e-16,-1.0,4.0,4.0,4.0
Delhi,2024,6,VANDALISM,4,1.2246467991473532e-16,-1.0,4.0,4.0,4.0
Delhi,2024,6,VEHICLE - STOLEN,4,1.2246467991473532e-16,-1.0,4.0,4.0,4.0
Gujarat,2024,6,ARSON,3,1.2246467991473532e-16,-1.0,3.0,3.0,3.0
Gujarat,2024,6,ASSAULT,3,1.2246467991473532e-16,-1.0,3.0,3.0,3.0
Gujarat,2024,6,BURGLARY,3,1.2246467991473532e-16,-1.0,3.0,3.0,3.0
Gujarat,2024,6,COUNTERFEITING,3,1.2246467991473532e-16,-1.0,3.0,3.0,3.0
Gujarat,2024,6,CYBERCRIME,3,1.2246467991473532e-16,-1.0,3.0,3.0,3.0
Gujarat,2024,6,DOMESTIC VIOLENCE,3,1.2246467991473532e-16,-1.0,3.0,3.0,3.0
Gujarat,2024,6,DRUG OFFENSE,3,1.2246467991473532e-16,-1.0,3.0,3.0,3.0
Gujarat,2024,6,EXTORTION,3,1.2246467991473532e-16,-1.0,3.0,3.0,3.0
Gujarat,2024,6,FIREARM OFFENSE,3,1.2246467991473532e-16,-1.0,3.0,3.0,3.0
Gujarat,2024,6,FRAUD,3,1.2246467991473532e-16,-1.0,3.0,3.0,3.0
Gujarat,2024,6,HOMICIDE,3,1.2246467991473532e-16,-1.0,3.0,3.0,3.0
Gujarat,2024,6,IDENTITY THEFT,3,1.2246467991473532e-16,-1.0,3.0,3.0,3.0
Gujarat,2024,6,ILLEGAL POSSESSION,3,1.2246467991473532e-16,-1.0,3.0,3.0,3.0
Gujarat,2024,6,KIDNAPPING,3,1.2246467991473532e-16,-1.0,3.0,3.0,3.0
Gujarat,2024,6,PUBLIC INTOXICATION,3,1.2246467991473532e-16,-1.0,3.0,3.0,3.0
Gujarat,2024,6,ROBBERY,3,1.2246467991473532e-16,-1.0,3.0,3.0,3.0
Gujarat,2024,6,SEXUAL ASSAULT,3,1.2246467991473532e-16,-1.0,3.0,3.0,3.0
Gujarat,2024,6,SHOPLIFTING,3,1.2246467991473532e-16,-1.0,3.0,3.0,3.0
Gujarat,2024,6,TRAFFIC VIOLATION,3,1.2246467991473532e-16,-1.0,3.0,3.0,3.0
Gujarat,2024,6,VANDALISM,3,1.2246467991473532e-16,-1.0,3.0,3.0,3.0
Gujarat,2024,6,VEHICLE - STOLEN,3,1.2246467991473532e-16,-1.0,3.0,3.0,3.0
Haryana,2024,6,ARSON,1,1.2246467991473532e-16,-1.0,1.0,1.0,1.0
Haryana,2024,6,ASSAULT,1,1.2246467991473532e-16,-1.0,1.0,1.0,1.0
Haryana,2024,6,BURGLARY,1,1.2246467991473532e-16,-1.0,1.0,1.0,1.0
Haryana,2024,6,COUNTERFEITING,1,1.2246467991473532e-16,-1.0,1.0,1.0,1.0
Haryana,2024,6,CYBERCRIME,1,1.2246467991473532e-16,-1.0,1.0,1.0,1.0
Haryana,2024,6,DOMESTIC VIOLENCE,1,1.2246467991473532e-16,-1.0,1.0,1.0,1.0
Haryana,2024,6,DRUG OFFENSE,1,1.2246467991473532e-16,-1.0,1.0,1.0,1.0
Haryana,2024,6,EXTORTION,1,1.2246467991473532e-16,-1.0,1.0,1.0,1.0
Haryana,2024,6,FIREARM OFFENSE,1,1.2246467991473532e-16,-1.0,1.0,1.0,1.0
Haryana,2024,6,FRAUD,1,1.2246467991473532e-16,-1.0,1.0,1.0,1.0
Haryana,2024,6,HOMICIDE,1,1.2246467991473532e-16,-1.0,1.0,1.0,1.0
Haryana,2024,6,IDENTITY THEFT,1,1.2246467991473532e-16,-1.0,1.0,1.0,1.0
Haryana,2024,6,ILLEGAL POSSESSION,1,1.2246467991473532e-16,-1.0,1.0,1.0,1.0
Haryana,2024,6,KIDNAPPING,1,1.2246467991473532e-16,-1.0,1.0,1.0,1.0
Haryana,2024,6,PUBLIC INTOXICATION,1,1.2246467991473532e-16,-1.0,1.0,1.0,1.0
Haryana,2024,6,ROBBERY,1,1.2246467991473532e-16,-1.0,1.0,1.0,1.0
Haryana,2024,6,SEXUAL ASSAULT,1,1.2246467991473532e-16,-1.0,1.0,1.0,1.0
Haryana,2024,6,SHOPLIFTING,1,1.2246467991473532e-16,-1.0,1.0,1.0,1.0
Haryana,2024,6,TRAFFIC VIOLATION,1,1.2246467991473532e-16,-1.0,1.0,1.0,1.0
Haryana,2024,6,VANDALISM,1,1.2246467991473532e-16,-1.0,1.0,1.0,1.0
Haryana,2024,6,VEHICLE - STOLEN,1,1.2246467991473532e-16,-1.0,1.0,1.0,1.0
Jammu and Kashmir,2024,6,ARSON,1,1.2246467991473532e-16,-1.0,1.0,1.0,1.0
Jammu and Kashmir,2024,6,ASSAULT,1,1.2246467991473532e-16,-1.0,1.0,1.0,1.0
Jammu and Kashmir,2024,6,BURGLARY,1,1.2246467991473532e-16,-1.0,1.0,1.0,1.0
Jammu and Kashmir,2024,6,COUNTERFEITING,1,1.2246467991473532e-16,-1.0,1.0,1.0,1.0
Jammu and Kashmir,2024,6,CYBERCRIME,1,1.2246467991473532e-16,-1.0,1.0,1.0,1.0
Jammu and Kashmir,2024,6,DOMESTIC VIOLENCE,1,1.2246467991473532e-16,-1.0,1.0,1.0,1.0
Jammu and Kashmir,2024,6,DRUG OFFENSE,1,1.2246467991473532e-16,-1.0,1.0,1.0,1.0
Jammu and Kashmir,2024,6,EXTORTION,1,1.2246467991473532e-16,-1.0,1.0,1.0,1.0
Jammu and Kashmir,2024,6,FIREARM OFFENSE,1,1.2246467991473532e-16,-1.0,1.0,1.0,1.0
Jammu and Kashmir,2024,6,FRAUD,1,1.2246467991473532e-16,-1.0,1.0,1.0,1.0
Jammu and Kashmir,2024,6,HOMICIDE,1,1.2246467991473532e-16,-1.0,1.0,1.0,1.0
Jammu and Kashmir,2024,6,IDENTITY THEFT,1,1.2246467991473532e-16,-1.0,1.0,1.0,1.0
Jammu and Kashmir,2024,6,ILLEGAL POSSESSION,1,1.2246467991473532e-16,-1.0,1.0,1.0,1.0
Jammu and Kashmir,2024,6,KIDNAPPING,1,1.2246467991473532e-16,-1.0,1.0,1.0,1.0
Jammu and Kashmir,2024,6,PUBLIC INTOXICATION,1,1.2246467991473532e-16,-1.0,1.0,1.0,1.0
Jammu and Kashmir,2024,6,ROBBERY,1,1.2246467991473532e-16,-1.0,1.0,1.0,1.0
Jammu and Kashmir,2024,6,SEXUAL ASSAULT,1,1.2246467991473532e-16,-1.0,1.0,1.0,1.0
Jammu and Kashmir,2024,6,SHOPLIFTING,1,1.2246467991473532e-16,-1.0,1.0,1.0,1.0
Jammu and Kashmir,2024,6,TRAFFIC VIOLATION,1,1.2246467991473532e-16,-1.0,1.0,1.0,1.0
Jammu and Kashmir,2024,6,VANDALISM,1,1.2246467991473532e-16,-1.0,1.0,1.0,1.0
Jammu and Kashmir,2024,6,VEHICLE - STOLEN,1,1.2246467991473532e-16,-1.0,1.0,1.0,1.0
Karnataka,2024,6,ARSON,3,1.2246467991473532e-16,-1.0,3.0,3.0,3.0
Karnataka,2024,6,ASSAULT,3,1.2246467991473532e-16,-1.0,3.0,3.0,3.0
Karnataka,2024,6,BURGLARY,3,1.2246467991473532e-16,-1.0,3.0,3.0,3.0
Karnataka,2024,6,COUNTERFEITING,3,1.2246467991473532e-16,-1.0,3.0,3.0,3.0
Karnataka,2024,6,CYBERCRIME,3,1.2246467991473532e-16,-1.0,3.0,3.0,3.0
Karnataka,2024,6,DOMESTIC VIOLENCE,3,1.2246467991473532e-16,-1.0,3.0,3.0,3.0
Karnataka,2024,6,DRUG OFFENSE,3,1.2246467991473532e-16,-1.0,3.0,3.0,3.0
Karnataka,2024,6,EXTORTION,3,1.2246467991473532e-16,-1.0,3.0,3.0,3.0
Karnataka,2024,6,FIREARM OFFENSE,3,1.2246467991473532e-16,-1.0,3.0,3.0,3.0
Karnataka,2024,6,FRAUD,3,1.2246467991473532e-16,-1.0,3.0,3.0,3.0
Karnataka,2024,6,HOMICIDE,3,1.2246467991473532e-16,-1.0,3.0,3.0,3.0
Karnataka,2024,6,IDENTITY THEFT,3,1.2246467991473532e-16,-1.0,3.0,3.0,3.0
Karnataka,2024,6,ILLEGAL POSSESSION,3,1.2246467991473532e-16,-1.0,3.0,3.0,3.0
Karnataka,2024,6,KIDNAPPING,3,1.2246467991473532e-16,-1.0,3.0,3.0,3.0
Karnataka,2024,6,PUBLIC INTOXICATION,3,1.2246467991473532e-16,-1.0,3.0,3.0,3.0
Karnataka,2024,6,ROBBERY,3,1.2246467991473532e-16,-1.0,3.0,3.0,3.0
Karnataka,2024,6,SEXUAL ASSAULT,3,1.2246467991473532e-16,-1.0,3.0,3.0,3.0
Karnataka,2024,6,SHOPLIFTING,3,1.2246467991473532e-16,-1.0,3.0,3.0,3.0
Karnataka,2024,6,TRAFFIC VIOLATION,3,1.2246467991473532e-16,-1.0,3.0,3.0,3.0
Karnataka,2024,6,VANDALISM,3,1.2246467991473532e-16,-1.0,3.0,3.0,3.0
Karnataka,2024,6,VEHICLE - STOLEN,3,1.2246467991473532e-16,-1.0,3.0,3.0,3.0
Madhya Pradesh,2024,6,ARSON,1,1.2246467991473532e-16,-1.0,1.0,2.0,1.6666666666666667
Madhya Pradesh,2024,6,ASSAULT,2,1.2246467991473532e-16,-1.0,2.0,2.0,2.0
Madhya Pradesh,2024,6,BURGLARY,1,1.2246467991473532e-16,-1.0,1.0,1.0,1.0
Madhya Pradesh,2024,6,COUNTERFEITING,1,1.2246467991473532e-16,-1.0,1.0,1.0,1.0
Madhya Pradesh,2024,6,CYBERCRIME,1,1.2246467991473532e-16,-1.0,1.0,1.0,1.0
Madhya Pradesh,2024,6,DOMESTIC VIOLENCE,1,1.2246467991473532e-16,-1.0,1.0,1.0,1.0
Madhya Pradesh,2024,6,DRUG OFFENSE,1,1.2246467991473532e-16,-1.0,1.0,1.0,1.0
Madhya Pradesh,2024,6,EXTORTION,1,1.2246467991473532e-16,-1.0,1.0,1.0,1.0
Madhya Pradesh,2024,6,FIREARM OFFENSE,1,1.2246467991473532e-16,-1.0,1.0,1.0,1.0
Madhya Pradesh,2024,6,FRAUD,1,1.2246467991473532e-16,-1.0,1.0,1.0,1.0
Madhya Pradesh,2024,6,HOMICIDE,1,1.2246467991473532e-16,-1.0,1.0,1.0,1.0
Madhya Pradesh,2024,6,IDENTITY THEFT,1,1.2246467991473532e-16,-1.0,1.0,1.0,1.0
Madhya Pradesh,2024,6,ILLEGAL POSSESSION,1,1.2246467991473532e-16,-1.0,1.0,1.0,1.0
Madhya Pradesh,2024,6,KIDNAPPING,1,1.2246467991473532e-16,-1.0,1.0,1.0,1.0
Madhya Pradesh,2024,6,PUBLIC INTOXICATION,1,1.2246467991473532e-16,-1.0,1.0,1.0,1.0
Madhya Pradesh,2024,6,ROBBERY,1,1.2246467991473532e-16,-1.0,1.0,2.0,1.6666666666666667
Madhya Pradesh,2024,6,SEXUAL ASSAULT,1,1.2246467991473532e-16,-1.0,1.0,1.0,1.0
Madhya Pradesh,2024,6,SHOPLIFTING,1,1.2246467991473532e-16,-1.0,1.0,1.0,1.0
Madhya Pradesh,2024,6,TRAFFIC VIOLATION,1,1.2246467991473532e-16,-1.0,1.0,2.0,1.6666666666666667
Madhya Pradesh,2024,6,VANDALISM,1,1.2246467991473532e-16,-1.0,1.0,1.0,1.0
Madhya Pradesh,2024,6,VEHICLE - STOLEN,1,1.2246467991473532e-16,-1.0,1.0,1.0,1.0
Maharashtra,2024,6,ARSON,9,1.2246467991473532e-16,-1.0,9.0,8.0,8.666666666666666
Maharashtra,2024,6,ASSAULT,8,1.2246467991473532e-16,-1.0,8.0,8.0,8.0
Maharashtra,2024,6,BURGLARY,9,1.2246467991473532e-16,-1.0,9.0,9.0,9.0
Maharashtra,2024,6,COUNTERFEITING,8,1.2246467991473532e-16,-1.0,8.0,8.0,8.0
Maharashtra,2024,6,CYBERCRIME,9,1.2246467991473532e-16,-1.0,9.0,8.0,8.666666666666666
Maharashtra,2024,6,DOMESTIC VIOLENCE,9,1.2246467991473532e-16,-1.0,9.0,8.0,8.333333333333334
Maharashtra,2024,6,DRUG OFFENSE,9,1.2246467991473532e-16,-1.0,9.0,9.0,9.0
Maharashtra,2024,6,EXTORTION,9,1.2246467991473532e-16,-1.0,9.0,9.0,8.666666666666666
Maharashtra,2024,6,FIREARM OFFENSE,8,1.2246467991473532e-16,-1.0,8.0,8.0,8.0
Maharashtra,2024,6,FRAUD,9,1.2246467991473532e-16,-1.0,8.0,9.0,8.333333333333334
Maharashtra,2024,6,HOMICIDE,8,1.2246467991473532e-16,-1.0,8.0,8.0,8.0
Maharashtra,2024,6,IDENTITY THEFT,8,1.2246467991473532e-16,-1.0,8.0,8.0,8.0
Maharashtra,2024,6,ILLEGAL POSSESSION,9,1.2246467991473532e-16,-1.0,9.0,9.0,8.666666666666666
Maharashtra,2024,6,KIDNAPPING,8,1.2246467991473532e-16,-1.0,8.0,8.0,8.0
Maharashtra,2024,6,PUBLIC INTOXICATION,9,1.2246467991473532e-16,-1.0,9.0,9.0,9.0
Maharashtra,2024,6,ROBBERY,8,1.2246467991473532e-16,-1.0,8.0,8.0,8.0
Maharashtra,2024,6,SEXUAL ASSAULT,9,1.2246467991473532e-16,-1.0,9.0,8.0,8.666666666666666
Maharashtra,2024,6,SHOPLIFTING,9,1.2246467991473532e-16,-1.0,9.0,9.0,9.0
Maharashtra,2024,6,TRAFFIC VIOLATION,9,1.2246467991473532e-16,-1.0,8.0,9.0,8.333333333333334
Maharashtra,2024,6,VANDALISM,9,1.2246467991473532e-16,-1.0,8.0,9.0,8.333333333333334
Maharashtra,2024,6,VEHICLE - STOLEN,9,1.2246467991473532e-16,-1.0,9.0,8.0,9.0
Punjab,2024,6,ARSON,1,1.2246467991473532e-16,-1.0,1.0,1.0,1.0
Punjab,2024,6,ASSAULT,1,1.2246467991473532e-16,-1.0,1.0,1.0,1.0
Punjab,2024,6,BURGLARY,1,1.2246467991473532e-16,-1.0,1.0,1.0,1.0
Punjab,2024,6,COUNTERFEITING,1,1.2246467991473532e-16,-1.0,1.0,1.0,1.0
Punjab,2024,6,CYBERCRIME,1,1.2246467991473532e-16,-1.0,1.0,1.0,1.0
Punjab,2024,6,DOMESTIC VIOLENCE,1,1.2246467991473532e-16,-1.0,1.0,1.0,1.0
Punjab,2024,6,DRUG OFFENSE,1,1.2246467991473532e-16,-1.0,1.0,1.0,1.0
Punjab,2024,6,EXTORTION,1,1.2246467991473532e-16,-1.0,1.0,1.0,1.0
Punjab,2024,6,FIREARM OFFENSE,1,1.2246467991473532e-16,-1.0,1.0,1.0,1.0
Punjab,2024,6,FRAUD,1,1.2246467991473532e-16,-1.0,1.0,1.0,1.0
Punjab,2024,6,HOMICIDE,1,1.2246467991473532e-16,-1.0,1.0,1.0,1.0
Punjab,2024,6,IDENTITY THEFT,1,1.2246467991473532e-16,-1.0,1.0,1.0,1.0
Punjab,2024,6,ILLEGAL POSSESSION,1,1.2246467991473532e-16,-1.0,1.0,1.0,1.0
Punjab,2024,6,KIDNAPPING,1,1.2246467991473532e-16,-1.0,1.0,1.0,1.0
Punjab,2024,6,PUBLIC INTOXICATION,1,1.2246467991473532e-16,-1.0,1.0,1.0,1.0
Punjab,2024,6,ROBBERY,1,1.2246467991473532e-16,-1.0,1.0,1.0,1.0
Punjab,2024,6,SEXUAL ASSAULT,1,1.2246467991473532e-16,-1.0,1.0,1.0,1.0
Punjab,2024,6,SHOPLIFTING,1,1.2246467991473532e-16,-1.0,1.0,1.0,1.0
Punjab,2024,6,TRAFFIC VIOLATION,1,1.2246467991473532e-16,-1.0,1.0,1.0,1.0
Punjab,2024,6,VANDALISM,1,1.2246467991473532e-16,-1.0,1.0,1.0,1.0
Punjab,2024,6,VEHICLE - STOLEN,1,1.2246467991473532e-16,-1.0,1.0,1.0,1.0
Rajasthan,2024,6,ARSON,1,1.2246467991473532e-16,-1.0,1.0,1.0,1.0
Rajasthan,2024,6,ASSAULT,1,1.2246467991473532e-16,-1.0,1.0,1.0,1.0
Rajasthan,2024,6,BURGLARY,1,1.2246467991473532e-16,-1.0,1.0,1.0,1.0
Rajasthan,2024,6,COUNTERFEITING,1,1.2246467991473532e-16,-1.0,1.0,1.0,1.0
Rajasthan,2024,6,CYBERCRIME,1,1.2246467991473532e-16,-1.0,1.0,1.0,1.0
Rajasthan,2024,6,DOMESTIC VIOLENCE,1,1.2246467991473532e-16,-1.0,1.0,1.0,1.0
Rajasthan,2024,6,DRUG OFFENSE,1,1.2246467991473532e-16,-1.0,1.0,1.0,1.0
Rajasthan,2024,6,EXTORTION,1,1.2246467991473532e-16,-1.0,1.0,1.0,1.0
Rajasthan,2024,6,FIREARM OFFENSE,1,1.2246467991473532e-16,-1.0,1.0,1.0,1.0
Rajasthan,2024,6,FRAUD,1,1.2246467991473532e-16,-1.0,1.0,1.0,1.0
Rajasthan,2024,6,HOMICIDE,1,1.2246467991473532e-16,-1.0,1.0,1.0,1.0
Rajasthan,2024,6,IDENTITY THEFT,1,1.2246467991473532e-16,-1.0,1.0,1.0,1.0
Rajasthan,2024,6,ILLEGAL POSSESSION,1,1.2246467991473532e-16,-1.0,1.0,1.0,1.0
Rajasthan,2024,6,KIDNAPPING,1,1.2246467991473532e-16,-1.0,1.0,1.0,1.0
Rajasthan,2024,6,PUBLIC INTOXICATION,1,1.2246467991473532e-16,-1.0,1.0,1.0,1.0
Rajasthan,2024,6,ROBBERY,1,1.2246467991473532e-16,-1.0,1.0,1.0,1.0
Rajasthan,2024,6,SEXUAL ASSAULT,1,1.2246467991473532e-16,-1.0,1.0,1.0,1.0
Rajasthan,2024,6,SHOPLIFTING,1,1.2246467991473532e-16,-1.0,1.0,1.0,1.0
Rajasthan,2024,6,TRAFFIC VIOLATION,2,1.2246467991473532e-16,-1.0,2.0,1.0,1.6666666666666667
Rajasthan,2024,6,VANDALISM,1,1.2246467991473532e-16,-1.0,1.0,1.0,1.0
Rajasthan,2024,6,VEHICLE - STOLEN,1,1.2246467991473532e-16,-1.0,1.0,1.0,1.0
Tamil Nadu,2024,6,ARSON,2,1.2246467991473532e-16,-1.0,2.0,2.0,2.0
Tamil Nadu,2024,6,ASSAULT,2,1.2246467991473532e-16,-1.0,2.0,2.0,2.0
Tamil Nadu,2024,6,BURGLARY,2,1.2246467991473532e-16,-1.0,2.0,2.0,2.0
Tamil Nadu,2024,6,COUNTERFEITING,2,1.2246467991473532e-16,-1.0,2.0,2.0,2.0
Tamil Nadu,2024,6,CYBERCRIME,2,1.2246467991473532e-16,-1.0,2.0,2.0,2.0
Tamil Nadu,2024,6,DOMESTIC VIOLENCE,2,1.2246467991473532e-16,-1.0,2.0,2.0,2.0
Tamil Nadu,2024,6,DRUG OFFENSE,2,1.2246467991473532e-16,-1.0,2.0,2.0,2.0
Tamil Nadu,2024,6,EXTORTION,2,1.2246467991473532e-16,-1.0,2.0,2.0,2.0
Tamil Nadu,2024,6,FIREARM OFFENSE,2,1.2246467991473532e-16,-1.0,2.0,2.0,2.0
Tamil Nadu,2024,6,FRAUD,2,1.2246467991473532e-16,-1.0,2.0,2.0,2.0
Tamil Nadu,2024,6,HOMICIDE,2,1.2246467991473532e-16,-1.0,2.0,2.0,2.0
Tamil Nadu,2024,6,IDENTITY THEFT,2,1.2246467991473532e-16,-1.0,2.0,2.0,2.0
Tamil Nadu,2024,6,ILLEGAL POSSESSION,2,1.2246467991473532e-16,-1.0,2.0,2.0,2.0
Tamil Nadu,2024,6,KIDNAPPING,2,1.2246467991473532e-16,-1.0,2.0,2.0,2.0
Tamil Nadu,2024,6,PUBLIC INTOXICATION,2,1.2246467991473532e-16,-1.0,2.0,2.0,2.0
Tamil Nadu,2024,6,ROBBERY,2,1.2246467991473532e-16,-1.0,2.0,2.0,2.0
Tamil Nadu,2024,6,SEXUAL ASSAULT,2,1.2246467991473532e-16,-1.0,2.0,2.0,2.0
Tamil Nadu,2024,6,SHOPLIFTING,2,1.2246467991473532e-16,-1.0,2.0,2.0,2.0
Tamil Nadu,2024,6,TRAFFIC VIOLATION,2,1.2246467991473532e-16,-1.0,2.0,2.0,2.0
Tamil Nadu,2024,6,VANDALISM,2,1.2246467991473532e-16,-1.0,2.0,2.0,2.0
Tamil Nadu,2024,6,VEHICLE - STOLEN,2,1.2246467991473532e-16,-1.0,2.0,2.0,2.0
Telangana,2024,6,ARSON,3,1.2246467991473532e-16,-1.0,3.0,3.0,3.0
Telangana,2024,6,ASSAULT,2,1.2246467991473532e-16,-1.0,2.0,2.0,2.0
Telangana,2024,6,BURGLARY,3,1.2246467991473532e-16,-1.0,3.0,3.0,3.0
Telangana,2024,6,COUNTERFEITING,3,1.2246467991473532e-16,-1.0,3.0,3.0,3.0
Telangana,2024,6,CYBERCRIME,2,1.2246467991473532e-16,-1.0,2.0,2.0,2.0
Telangana,2024,6,DOMESTIC VIOLENCE,3,1.2246467991473532e-16,-1.0,3.0,3.0,3.0
Telangana,2024,6,DRUG OFFENSE,3,1.2246467991473532e-16,-1.0,2.0,3.0,2.3333333333333335
Telangana,2024,6,EXTORTION,3,1.2246467991473532e-16,-1.0,2.0,3.0,2.3333333333333335
Telangana,2024,6,FIREARM OFFENSE,3,1.2246467991473532e-16,-1.0,3.0,2.0,2.6666666666666665
Telangana,2024,6,FRAUD,3,1.2246467991473532e-16,-1.0,3.0,3.0,2.6666666666666665
Telangana,2024,6,HOMICIDE,3,1.2246467991473532e-16,-1.0,3.0,3.0,2.6666666666666665
Telangana,2024,6,IDENTITY THEFT,3,1.2246467991473532e-16,-1.0,3.0,3.0,3.0
Telangana,2024,6,ILLEGAL POSSESSION,3,1.2246467991473532e-16,-1.0,3.0,3.0,3.0
Telangana,2024,6,KIDNAPPING,3,1.2246467991473532e-16,-1.0,2.0,3.0,2.3333333333333335
Telangana,2024,6,PUBLIC INTOXICATION,3,1.2246467991473532e-16,-1.0,3.0,3.0,2.6666666666666665
Telangana,2024,6,ROBBERY,2,1.2246467991473532e-16,-1.0,2.0,2.0,2.0
Telangana,2024,6,SEXUAL ASSAULT,3,1.2246467991473532e-16,-1.0,3.0,3.0,3.0
Telangana,2024,6,SHOPLIFTING,2,1.2246467991473532e-16,-1.0,2.0,2.0,2.0
Telangana,2024,6,TRAFFIC VIOLATION,3,1.2246467991473532e-16,-1.0,3.0,3.0,3.0
Telangana,2024,6,VANDALISM,2,1.2246467991473532e-16,-1.0,2.0,2.0,2.0
Telangana,2024,6,VEHICLE - STOLEN,3,1.2246467991473532e-16,-1.0,3.0,3.0,3.0
Uttar Pradesh,2024,6,ARSON,4,1.2246467991473532e-16,-1.0,4.0,4.0,4.0
Uttar Pradesh,2024,6,ASSAULT,4,1.2246467991473532e-16,-1.0,4.0,4.0,4.0
Uttar Pradesh,2024,6,BURGLARY,4,1.2246467991473532e-16,-1.0,4.0,4.0,4.0
Uttar Pradesh,2024,6,COUNTERFEITING,4,1.2246467991473532e-16,-1.0,4.0,4.0,4.0
Uttar Pradesh,2024,6,CYBERCRIME,4,1.2246467991473532e-16,-1.0,4.0,4.0,4.0
Uttar Pradesh,2024,6,DOMESTIC VIOLENCE,4,1.2246467991473532e-16,-1.0,4.0,4.0,4.0
Uttar Pradesh,2024,6,DRUG OFFENSE,4,1.2246467991473532e-16,-1.0,4.0,4.0,4.0
Uttar Pradesh,2024,6,EXTORTION,4,1.2246467991473532e-16,-1.0,4.0,4.0,4.0
Uttar Pradesh,2024,6,FIREARM OFFENSE,4,1.2246467991473532e-16,-1.0,4.0,4.0,4.0
Uttar Pradesh,2024,6,FRAUD,4,1.2246467991473532e-16,-1.0,4.0,4.0,4.0
Uttar Pradesh,2024,6,HOMICIDE,4,1.2246467991473532e-16,-1.0,4.0,4.0,4.0
Uttar Pradesh,2024,6,IDENTITY THEFT,4,1.2246467991473532e-16,-1.0,4.0,4.0,4.0
Uttar Pradesh,2024,6,ILLEGAL POSSESSION,4,1.2246467991473532e-16,-1.0,4.0,4.0,4.0
Uttar Pradesh,2024,6,KIDNAPPING,4,1.2246467991473532e-16,-1.0,4.0,4.0,4.0
Uttar Pradesh,2024,6,PUBLIC INTOXICATION,4,1.2246467991473532e-16,-1.0,4.0,4.0,4.0
Uttar Pradesh,2024,6,ROBBERY,4,1.2246467991473532e-16,-1.0,4.0,4.0,4.0
Uttar Pradesh,2024,6,SEXUAL ASSAULT,4,1.2246467991473532e-16,-1.0,4.0,4.0,4.0
Uttar Pradesh,2024,6,SHOPLIFTING,4,1.2246467991473532e-16,-1.0,4.0,4.0,4.0
Uttar Pradesh,2024,6,TRAFFIC VIOLATION,4,1.2246467991473532e-16,-1.0,4.0,4.0,4.0
Uttar Pradesh,2024,6,VANDALISM,4,1.2246467991473532e-16,-1.0,4.0,4.0,4.0
Uttar Pradesh,2024,6,VEHICLE - STOLEN,4,1.2246467991473532e-16,-1.0,4.0,4.0,4.0
West Bengal,2024,6,ARSON,3,1.2246467991473532e-16,-1.0,3.0,3.0,3.0
West Bengal,2024,6,ASSAULT,3,1.2246467991473532e-16,-1.0,2.0,2.0,2.0
West Bengal,2024,6,BURGLARY,3,1.2246467991473532e-16,-1.0,3.0,3.0,3.0
West Bengal,2024,6,COUNTERFEITING,2,1.2246467991473532e-16,-1.0,2.0,3.0,2.3333333333333335
West Bengal,2024,6,CYBERCRIME,2,1.2246467991473532e-16,-1.0,3.0,3.0,2.6666666666666665
West Bengal,2024,6,DOMESTIC VIOLENCE,2,1.2246467991473532e-16,-1.0,2.0,2.0,2.3333333333333335
West Bengal,2024,6,DRUG OFFENSE,2,1.2246467991473532e-16,-1.0,2.0,2.0,2.0
West Bengal,2024,6,EXTORTION,2,1.2246467991473532e-16,-1.0,2.0,2.0,2.0
West Bengal,2024,6,FIREARM OFFENSE,2,1.2246467991473532e-16,-1.0,2.0,2.0,2.0
West Bengal,2024,6,FRAUD,2,1.2246467991473532e-16,-1.0,2.0,2.0,2.0
West Bengal,2024,6,HOMICIDE,2,1.2246467991473532e-16,-1.0,2.0,2.0,2.0
West Bengal,2024,6,IDENTITY THEFT,2,1.2246467991473532e-16,-1.0,2.0,2.0,2.0
West Bengal,2024,6,ILLEGAL POSSESSION,3,1.2246467991473532e-16,-1.0,2.0,3.0,2.6666666666666665
West Bengal,2024,6,KIDNAPPING,2,1.2246467991473532e-16,-1.0,2.0,3.0,2.3333333333333335
West Bengal,2024,6,PUBLIC INTOXICATION,2,1.2246467991473532e-16,-1.0,2.0,2.0,2.0
West Bengal,2024,6,ROBBERY,2,1.2246467991473532e-16,-1.0,2.0,2.0,2.0
West Bengal,2024,6,SEXUAL ASSAULT,2,1.2246467991473532e-16,-1.0,2.0,2.0,2.0
West Bengal,2024,6,SHOPLIFTING,2,1.2246467991473532e-16,-1.0,2.0,2.0,2.0
West Bengal,2024,6,TRAFFIC VIOLATION,3,1.2246467991473532e-16,-1.0,3.0,3.0,2.6666666666666665
West Bengal,2024,6,VANDALISM,2,1.2246467991473532e-16,-1.0,2.0,2.0,2.0
West Bengal,2024,6,VEHICLE - STOLEN,2,1.2246467991473532e-16,-1.0,2.0,2.0,2.0
Andhra Pradesh,2024,7,ARSON,1,-0.4999999999999997,-0.8660254037844388,1.0,1.0,1.0
Andhra Pradesh,2024,7,ASSAULT,1,-0.4999999999999997,-0.8660254037844388,1.0,1.0,1.0
Andhra Pradesh,2024,7,BURGLARY,1,-0.4999999999999997,-0.8660254037844388,1.0,1.0,1.0
Andhra Pradesh,2024,7,COUNTERFEITING,1,-0.4999999999999997,-0.8660254037844388,1.0,1.0,1.0
Andhra Pradesh,2024,7,CYBERCRIME,1,-0.4999999999999997,-0.8660254037844388,1.0,1.0,1.0
Andhra Pradesh,2024,7,DOMESTIC VIOLENCE,1,-0.4999999999999997,-0.8660254037844388,1.0,1.0,1.0
Andhra Pradesh,2024,7,DRUG OFFENSE,1,-0.4999999999999997,-0.8660254037844388,1.0,1.0,1.0
Andhra Pradesh,2024,7,EXTORTION,1,-0.4999999999999997,-0.8660254037844388,1.0,1.0,1.0
Andhra Pradesh,2024,7,FIREARM OFFENSE,1,-0.4999999999999997,-0.8660254037844388,1.0,1.0,1.0
Andhra Pradesh,2024,7,FRAUD,1,-0.4999999999999997,-0.8660254037844388,1.0,1.0,1.0
Andhra Pradesh,2024,7,HOMICIDE,1,-0.4999999999999997,-0.8660254037844388,1.0,1.0,1.0
Andhra Pradesh,2024,7,IDENTITY THEFT,1,-0.4999999999999997,-0.8660254037844388,1.0,1.0,1.0
Andhra Pradesh,2024,7,ILLEGAL POSSESSION,1,-0.4999999999999997,-0.8660254037844388,1.0,1.0,1.0
Andhra Pradesh,2024,7,KIDNAPPING,1,-0.4999999999999997,-0.8660254037844388,1.0,1.0,1.0
Andhra Pradesh,2024,7,PUBLIC INTOXICATION,1,-0.4999999999999997,-0.8660254037844388,1.0,1.0,1.0
Andhra Pradesh,2024,7,ROBBERY,1,-0.4999999999999997,-0.8660254037844388,1.0,1.0,1.0
Andhra Pradesh,2024,7,SEXUAL ASSAULT,1,-0.4999999999999997,-0.8660254037844388,1.0,1.0,1.0
Andhra Pradesh,2024,7,SHOPLIFTING,1,-0.4999999999999997,-0.8660254037844388,1.0,1.0,1.0
Andhra Pradesh,2024,7,TRAFFIC VIOLATION,1,-0.4999999999999997,-0.8660254037844388,1.0,1.0,1.0
Andhra Pradesh,2024,7,VANDALISM,1,-0.4999999999999997,-0.8660254037844388,1.0,1.0,1.0
Andhra Pradesh,2024,7,VEHICLE - STOLEN,1,-0.4999999999999997,-0.8660254037844388,1.0,1.0,1.0
Bihar,2024,7,ARSON,1,-0.4999999999999997,-0.8660254037844388,1.0,1.0,1.0
Bihar,2024,7,ASSAULT,1,-0.4999999999999997,-0.8660254037844388,1.0,1.0,1.0
Bihar,2024,7,BURGLARY,1,-0.4999999999999997,-0.8660254037844388,1.0,1.0,1.0
Bihar,2024,7,COUNTERFEITING,1,-0.4999999999999997,-0.8660254037844388,1.0,1.0,1.0
Bihar,2024,7,CYBERCRIME,1,-0.4999999999999997,-0.8660254037844388,1.0,1.0,1.0
Bihar,2024,7,DOMESTIC VIOLENCE,1,-0.4999999999999997,-0.8660254037844388,1.0,1.0,1.0
Bihar,2024,7,DRUG OFFENSE,1,-0.4999999999999997,-0.8660254037844388,1.0,1.0,1.0
Bihar,2024,7,EXTORTION,1,-0.4999999999999997,-0.8660254037844388,1.0,1.0,1.0
Bihar,2024,7,FIREARM OFFENSE,1,-0.4999999999999997,-0.8660254037844388,1.0,1.0,1.0
Bihar,2024,7,FRAUD,1,-0.4999999999999997,-0.8660254037844388,1.0,1.0,1.0
Bihar,2024,7,HOMICIDE,1,-0.4999999999999997,-0.8660254037844388,1.0,1.0,1.0
Bihar,2024,7,IDENTITY THEFT,1,-0.4999999999999997,-0.8660254037844388,1.0,1.0,1.0
Bihar,2024,7,ILLEGAL POSSESSION,1,-0.4999999999999997,-0.8660254037844388,1.0,1.0,1.0
Bihar,2024,7,KIDNAPPING,1,-0.4999999999999997,-0.8660254037844388,1.0,1.0,1.0
Bihar,2024,7,PUBLIC INTOXICATION,1,-0.4999999999999997,-0.8660254037844388,1.0,1.0,1.0
Bihar,2024,7,ROBBERY,1,-0.4999999999999997,-0.8660254037844388,1.0,1.0,1.0
Bihar,2024,7,SEXUAL ASSAULT,1,-0.4999999999999997,-0.8660254037844388,1.0,1.0,1.0
Bihar,2024,7,SHOPLIFTING,1,-0.4999999999999997,-0.8660254037844388,1.0,1.0,1.0
Bihar,2024,7,TRAFFIC VIOLATION,1,-0.4999999999999997,-0.8660254037844388,1.0,1.0,1.0
Bihar,2024,7,VANDALISM,1,-0.4999999999999997,-0.8660254037844388,1.0,1.0,1.0
Bihar,2024,7,VEHICLE - STOLEN,1,-0.4999999999999997,-0.8660254037844388,1.0,1.0,1.0
Delhi,2024,7,ARSON,4,-0.4999999999999997,-0.8660254037844388,4.0,4.0,4.0
Delhi,2024,7,ASSAULT,4,-0.4999999999999997,-0.8660254037844388,4.0,4.0,4.0
Delhi,2024,7,BURGLARY,4,-0.4999999999999997,-0.8660254037844388,4.0,4.0,4.0
Delhi,2024,7,COUNTERFEITING,4,-0.4999999999999997,-0.8660254037844388,4.0,4.0,4.0
Delhi,2024,7,CYBERCRIME,4,-0.4999999999999997,-0.8660254037844388,4.0,4.0,4.0
Delhi,2024,7,DOMESTIC VIOLENCE,4,-0.4999999999999997,-0.8660254037844388,4.0,4.0,4.0
Delhi,2024,7,DRUG OFFENSE,4,-0.4999999999999997,-0.8660254037844388,4.0,4.0,4.0
Delhi,2024,7,EXTORTION,4,-0.4999999999999997,-0.8660254037844388,4.0,4.0,4.0
Delhi,2024,7,FIREARM OFFENSE,5,-0.4999999999999997,-0.8660254037844388,4.0,4.0,4.0
Delhi,2024,7,FRAUD,4,-0.4999999999999997,-0.8660254037844388,4.0,4.0,4.0
Delhi,2024,7,HOMICIDE,4,-0.4999999999999997,-0.8660254037844388,4.0,4.0,4.0
Delhi,2024,7,IDENTITY THEFT,4,-0.4999999999999997,-0.8660254037844388,4.0,4.0,4.0
Delhi,2024,7,ILLEGAL POSSESSION,4,-0.4999999999999997,-0.8660254037844388,4.0,4.0,4.0
Delhi,2024,7,KIDNAPPING,4,-0.4999999999999997,-0.8660254037844388,4.0,4.0,4.0
Delhi,2024,7,PUBLIC INTOXICATION,4,-0.4999999999999997,-0.8660254037844388,4.0,4.0,4.0
Delhi,2024,7,ROBBERY,4,-0.4999999999999997,-0.8660254037844388,4.0,4.0,4.0
Delhi,2024,7,SEXUAL ASSAULT,4,-0.4999999999999997,-0.8660254037844388,4.0,4.0,4.0
Delhi,2024,7,SHOPLIFTING,4,-0.4999999999999997,-0.8660254037844388,4.0,4.0,4.0
Delhi,2024,7,TRAFFIC VIOLATION,4,-0.4999999999999997,-0.8660254037844388,4.0,4.0,4.0
Delhi,2024,7,VANDALISM,4,-0.4999999999999997,-0.8660254037844388,4.0,4.0,4.0
Delhi,2024,7,VEHICLE - STOLEN,4,-0.4999999999999997,-0.8660254037844388,4.0,4.0,4.0
Gujarat,2024,7,ARSON,3,-0.4999999999999997,-0.8660254037844388,3.0,3.0,3.0
Gujarat,2024,7,ASSAULT,3,-0.4999999999999997,-0.8660254037844388,3.0,3.0,3.0
Gujarat,2024,7,BURGLARY,3,-0.4999999999999997,-0.8660254037844388,3.0,3.0,3.0
Gujarat,2024,7,COUNTERFEITING,3,-0.4999999999999997,-0.8660254037844388,3.0,3.0,3.0
Gujarat,2024,7,CYBERCRIME,3,-0.4999999999999997,-0.8660254037844388,3.0,3.0,3.0
Gujarat,2024,7,DOMESTIC VIOLENCE,3,-0.4999999999999997,-0.8660254037844388,3.0,3.0,3.0
Gujarat,2024,7,DRUG OFFENSE,3,-0.4999999999999997,-0.8660254037844388,3.0,3.0,3.0
Gujarat,2024,7,EXTORTION,3,-0.4999999999999997,-0.8660254037844388,3.0,3.0,3.0
Gujarat,2024,7,FIREARM OFFENSE,3,-0.4999999999999997,-0.8660254037844388,3.0,3.0,3.0
Gujarat,2024,7,FRAUD,3,-0.4999999999999997,-0.8660254037844388,3.0,3.0,3.0
Gujarat,2024,7,HOMICIDE,3,-0.4999999999999997,-0.8660254037844388,3.0,3.0,3.0
Gujarat,2024,7,IDENTITY THEFT,3,-0.4999999999999997,-0.8660254037844388,3.0,3.0,3.0
Gujarat,2024,7,ILLEGAL POSSESSION,3,-0.4999999999999997,-0.8660254037844388,3.0,3.0,3.0
Gujarat,2024,7,KIDNAPPING,3,-0.4999999999999997,-0.8660254037844388,3.0,3.0,3.0
Gujarat,2024,7,PUBLIC INTOXICATION,3,-0.4999999999999997,-0.8660254037844388,3.0,3.0,3.0
Gujarat,2024,7,ROBBERY,3,-0.4999999999999997,-0.8660254037844388,3.0,3.0,3.0
Gujarat,2024,7,SEXUAL ASSAULT,3,-0.4999999999999997,-0.8660254037844388,3.0,3.0,3.0
Gujarat,2024,7,SHOPLIFTING,3,-0.4999999999999997,-0.8660254037844388,3.0,3.0,3.0
Gujarat,2024,7,TRAFFIC VIOLATION,3,-0.4999999999999997,-0.8660254037844388,3.0,3.0,3.0
Gujarat,2024,7,VANDALISM,3,-0.4999999999999997,-0.8660254037844388,3.0,3.0,3.0
Gujarat,2024,7,VEHICLE - STOLEN,3,-0.4999999999999997,-0.8660254037844388,3.0,3.0,3.0
Haryana,2024,7,ARSON,1,-0.4999999999999997,-0.8660254037844388,1.0,1.0,1.0
Haryana,2024,7,ASSAULT,1,-0.4999999999999997,-0.8660254037844388,1.0,1.0,1.0
Haryana,2024,7,BURGLARY,1,-0.4999999999999997,-0.8660254037844388,1.0,1.0,1.0
Haryana,2024,7,COUNTERFEITING,1,-0.4999999999999997,-0.8660254037844388,1.0,1.0,1.0
Haryana,2024,7,CYBERCRIME,1,-0.4999999999999997,-0.8660254037844388,1.0,1.0,1.0
Haryana,2024,7,DOMESTIC VIOLENCE,1,-0.4999999999999997,-0.8660254037844388,1.0,1.0,1.0
Haryana,2024,7,DRUG OFFENSE,1,-0.4999999999999997,-0.8660254037844388,1.0,1.0,1.0
Haryana,2024,7,EXTORTION,1,-0.4999999999999997,-0.8660254037844388,1.0,1.0,1.0
Haryana,2024,7,FIREARM OFFENSE,1,-0.4999999999999997,-0.8660254037844388,1.0,1.0,1.0
Haryana,2024,7,FRAUD,1,-0.4999999999999997,-0.8660254037844388,1.0,1.0,1.0
Haryana,2024,7,HOMICIDE,1,-0.4999999999999997,-0.8660254037844388,1.0,1.0,1.0
Haryana,2024,7,IDENTITY THEFT,1,-0.4999999999999997,-0.8660254037844388,1.0,1.0,1.0
Haryana,2024,7,ILLEGAL POSSESSION,1,-0.4999999999999997,-0.8660254037844388,1.0,1.0,1.0
Haryana,2024,7,KIDNAPPING,1,-0.4999999999999997,-0.8660254037844388,1.0,1.0,1.0
Haryana,2024,7,PUBLIC INTOXICATION,1,-0.4999999999999997,-0.8660254037844388,1.0,1.0,1.0
Haryana,2024,7,ROBBERY,1,-0.4999999999999997,-0.8660254037844388,1.0,1.0,1.0
Haryana,2024,7,SEXUAL ASSAULT,1,-0.4999999999999997,-0.8660254037844388,1.0,1.0,1.0
Haryana,2024,7,SHOPLIFTING,1,-0.4999999999999997,-0.8660254037844388,1.0,1.0,1.0
Haryana,2024,7,TRAFFIC VIOLATION,1,-0.4999999999999997,-0.8660254037844388,1.0,1.0,1.0
Haryana,2024,7,VANDALISM,1,-0.4999999999999997,-0.8660254037844388,1.0,1.0,1.0
Haryana,2024,7,VEHICLE - STOLEN,1,-0.4999999999999997,-0.8660254037844388,1.0,1.0,1.0
Jammu and Kashmir,2024,7,ARSON,1,-0.4999999999999997,-0.8660254037844388,1.0,1.0,1.0
Jammu and Kashmir,2024,7,ASSAULT,1,-0.4999999999999997,-0.8660254037844388,1.0,1.0,1.0
Jammu and Kashmir,2024,7,BURGLARY,1,-0.4999999999999997,-0.8660254037844388,1.0,1.0,1.0
Jammu and Kashmir,2024,7,COUNTERFEITING,1,-0.4999999999999997,-0.8660254037844388,1.0,1.0,1.0
Jammu and Kashmir,2024,7,CYBERCRIME,1,-0.4999999999999997,-0.8660254037844388,1.0,1.0,1.0
Jammu and Kashmir,2024,7,DOMESTIC VIOLENCE,1,-0.4999999999999997,-0.8660254037844388,1.0,1.0,1.0
Jammu and Kashmir,2024,7,DRUG OFFENSE,1,-0.4999999999999997,-0.8660254037844388,1.0,1.0,1.0
Jammu and Kashmir,2024,7,EXTORTION,1,-0.4999999999999997,-0.8660254037844388,1.0,1.0,1.0
Jammu and Kashmir,2024,7,FIREARM OFFENSE,1,-0.4999999999999997,-0.8660254037844388,1.0,1.0,1.0
Jammu and Kashmir,2024,7,FRAUD,1,-0.4999999999999997,-0.8660254037844388,1.0,1.0,1.0
Jammu and Kashmir,2024,7,HOMICIDE,1,-0.4999999999999997,-0.8660254037844388,1.0,1.0,1.0
Jammu and Kashmir,2024,7,IDENTITY THEFT,1,-0.4999999999999997,-0.8660254037844388,1.0,1.0,1.0
Jammu and Kashmir,2024,7,ILLEGAL POSSESSION,1,-0.4999999999999997,-0.8660254037844388,1.0,1.0,1.0
Jammu and Kashmir,2024,7,KIDNAPPING,1,-0.4999999999999997,-0.8660254037844388,1.0,1.0,1.0
Jammu and Kashmir,2024,7,PUBLIC INTOXICATION,1,-0.4999999999999997,-0.8660254037844388,1.0,1.0,1.0
Jammu and Kashmir,2024,7,ROBBERY,1,-0.4999999999999997,-0.8660254037844388,1.0,1.0,1.0
Jammu and Kashmir,2024,7,SEXUAL ASSAULT,1,-0.4999999999999997,-0.8660254037844388,1.0,1.0,1.0
Jammu and Kashmir,2024,7,SHOPLIFTING,1,-0.4999999999999997,-0.8660254037844388,1.0,1.0,1.0
Jammu and Kashmir,2024,7,TRAFFIC VIOLATION,1,-0.4999999999999997,-0.8660254037844388,1.0,1.0,1.0
Jammu and Kashmir,2024,7,VANDALISM,1,-0.4999999999999997,-0.8660254037844388,1.0,1.0,1.0
Jammu and Kashmir,2024,7,VEHICLE - STOLEN,1,-0.4999999999999997,-0.8660254037844388,1.0,1.0,1.0
Karnataka,2024,7,ARSON,3,-0.4999999999999997,-0.8660254037844388,3.0,3.0,3.0
Karnataka,2024,7,ASSAULT,3,-0.4999999999999997,-0.8660254037844388,3.0,3.0,3.0
Karnataka,2024,7,BURGLARY,3,-0.4999999999999997,-0.8660254037844388,3.0,3.0,3.0
Karnataka,2024,7,COUNTERFEITING,3,-0.4999999999999997,-0.8660254037844388,3.0,3.0,3.0
Karnataka,2024,7,CYBERCRIME,3,-0.4999999999999997,-0.8660254037844388,3.0,3.0,3.0
Karnataka,2024,7,DOMESTIC VIOLENCE,3,-0.4999999999999997,-0.8660254037844388,3.0,3.0,3.0
Karnataka,2024,7,DRUG OFFENSE,3,-0.4999999999999997,-0.8660254037844388,3.0,3.0,3.0
Karnataka,2024,7,EXTORTION,3,-0.4999999999999997,-0.8660254037844388,3.0,3.0,3.0
Karnataka,2024,7,FIREARM OFFENSE,3,-0.4999999999999997,-0.8660254037844388,3.0,3.0,3.0
Karnataka,2024,7,FRAUD,3,-0.4999999999999997,-0.8660254037844388,3.0,3.0,3.0
Karnataka,2024,7,HOMICIDE,3,-0.4999999999999997,-0.8660254037844388,3.0,3.0,3.0
Karnataka,2024,7,IDENTITY THEFT,3,-0.4999999999999997,-0.8660254037844388,3.0,3.0,3.0
Karnataka,2024,7,ILLEGAL POSSESSION,3,-0.4999999999999997,-0.8660254037844388,3.0,3.0,3.0
Karnataka,2024,7,KIDNAPPING,3,-0.4999999999999997,-0.8660254037844388,3.0,3.0,3.0
Karnataka,2024,7,PUBLIC INTOXICATION,3,-0.4999999999999997,-0.8660254037844388,3.0,3.0,3.0
Karnataka,2024,7,ROBBERY,3,-0.4999999999999997,-0.8660254037844388,3.0,3.0,3.0
Karnataka,2024,7,SEXUAL ASSAULT,3,-0.4999999999999997,-0.8660254037844388,3.0,3.0,3.0
Karnataka,2024,7,SHOPLIFTING,3,-0.4999999999999997,-0.8660254037844388,3.0,3.0,3.0
Karnataka,2024,7,TRAFFIC VIOLATION,3,-0.4999999999999997,-0.8660254037844388,3.0,3.0,3.0
Karnataka,2024,7,VANDALISM,3,-0.4999999999999997,-0.8660254037844388,3.0,3.0,3.0
Karnataka,2024,7,VEHICLE - STOLEN,3,-0.4999999999999997,-0.8660254037844388,3.0,3.0,3.0
Madhya Pradesh,2024,7,ARSON,1,-0.4999999999999997,-0.8660254037844388,1.0,2.0,1.3333333333333333
Madhya Pradesh,2024,7,ASSAULT,2,-0.4999999999999997,-0.8660254037844388,2.0,2.0,2.0
Madhya Pradesh,2024,7,BURGLARY,1,-0.4999999999999997,-0.8660254037844388,1.0,1.0,1.0
Madhya Pradesh,2024,7,COUNTERFEITING,1,-0.4999999999999997,-0.8660254037844388,1.0,1.0,1.0
Madhya Pradesh,2024,7,CYBERCRIME,1,-0.4999999999999997,-0.8660254037844388,1.0,1.0,1.0
Madhya Pradesh,2024,7,DOMESTIC VIOLENCE,1,-0.4999999999999997,-0.8660254037844388,1.0,1.0,1.0
Madhya Pradesh,2024,7,DRUG OFFENSE,1,-0.4999999999999997,-0.8660254037844388,1.0,1.0,1.0
Madhya Pradesh,2024,7,EXTORTION,1,-0.4999999999999997,-0.8660254037844388,1.0,1.0,1.0
Madhya Pradesh,2024,7,FIREARM OFFENSE,1,-0.4999999999999997,-0.8660254037844388,1.0,1.0,1.0
Madhya Pradesh,2024,7,FRAUD,1,-0.4999999999999997,-0.8660254037844388,1.0,1.0,1.0
Madhya Pradesh,2024,7,HOMICIDE,1,-0.4999999999999997,-0.8660254037844388,1.0,1.0,1.0
Madhya Pradesh,2024,7,IDENTITY THEFT,1,-0.4999999999999997,-0.8660254037844388,1.0,1.0,1.0
Madhya Pradesh,2024,7,ILLEGAL POSSESSION,1,-0.4999999999999997,-0.8660254037844388,1.0,1.0,1.0
Madhya Pradesh,2024,7,KIDNAPPING,1,-0.4999999999999997,-0.8660254037844388,1.0,1.0,1.0
Madhya Pradesh,2024,7,PUBLIC INTOXICATION,1,-0.4999999999999997,-0.8660254037844388,1.0,1.0,1.0
Madhya Pradesh,2024,7,ROBBERY,1,-0.4999999999999997,-0.8660254037844388,1.0,2.0,1.3333333333333333
Madhya Pradesh,2024,7,SEXUAL ASSAULT,1,-0.4999999999999997,-0.8660254037844388,1.0,1.0,1.0
Madhya Pradesh,2024,7,SHOPLIFTING,1,-0.4999999999999997,-0.8660254037844388,1.0,1.0,1.0
Madhya Pradesh,2024,7,TRAFFIC VIOLATION,2,-0.4999999999999997,-0.8660254037844388,1.0,2.0,1.3333333333333333
Madhya Pradesh,2024,7,VANDALISM,1,-0.4999999999999997,-0.8660254037844388,1.0,1.0,1.0
Madhya Pradesh,2024,7,VEHICLE - STOLEN,1,-0.4999999999999997,-0.8660254037844388,1.0,1.0,1.0
Maharashtra,2024,7,ARSON,9,-0.4999999999999997,-0.8660254037844388,9.0,9.0,9.0
Maharashtra,2024,7,ASSAULT,8,-0.4999999999999997,-0.8660254037844388,8.0,8.0,8.0
Maharashtra,2024,7,BURGLARY,9,-0.4999999999999997,-0.8660254037844388,9.0,9.0,9.0
Maharashtra,2024,7,COUNTERFEITING,8,-0.4999999999999997,-0.8660254037844388,8.0,8.0,8.0
Maharashtra,2024,7,CYBERCRIME,9,-0.4999999999999997,-0.8660254037844388,9.0,9.0,9.0
Maharashtra,2024,7,DOMESTIC VIOLENCE,9,-0.4999999999999997,-0.8660254037844388,9.0,8.0,8.666666666666666
Maharashtra,2024,7,DRUG OFFENSE,9,-0.4999999999999997,-0.8660254037844388,9.0,9.0,9.0
Maharashtra,2024,7,EXTORTION,8,-0.4999999999999997,-0.8660254037844388,9.0,8.0,8.666666666666666
Maharashtra,2024,7,FIREARM OFFENSE,8,-0.4999999999999997,-0.8660254037844388,8.0,8.0,8.0
Maharashtra,2024,7,FRAUD,8,-0.4999999999999997,-0.8660254037844388,9.0,8.0,8.333333333333334
Maharashtra,2024,7,HOMICIDE,8,-0.4999999999999997,-0.8660254037844388,8.0,8.0,8.0
Maharashtra,2024,7,IDENTITY THEFT,8,-0.4999999999999997,-0.8660254037844388,8.0,8.0,8.0
Maharashtra,2024,7,ILLEGAL POSSESSION,9,-0.4999999999999997,-0.8660254037844388,9.0,8.0,8.666666666666666
Maharashtra,2024,7,KIDNAPPING,8,-0.4999999999999997,-0.8660254037844388,8.0,8.0,8.0
Maharashtra,2024,7,PUBLIC INTOXICATION,9,-0.4999999999999997,-0.8660254037844388,9.0,9.0,9.0
Maharashtra,2024,7,ROBBERY,8,-0.4999999999999997,-0.8660254037844388,8.0,8.0,8.0
Maharashtra,2024,7,SEXUAL ASSAULT,9,-0.4999999999999997,-0.8660254037844388,9.0,9.0,9.0
Maharashtra,2024,7,SHOPLIFTING,9,-0.4999999999999997,-0.8660254037844388,9.0,9.0,9.0
Maharashtra,2024,7,TRAFFIC VIOLATION,8,-0.4999999999999997,-0.8660254037844388,9.0,8.0,8.333333333333334
Maharashtra,2024,7,VANDALISM,8,-0.4999999999999997,-0.8660254037844388,9.0,8.0,8.333333333333334
Maharashtra,2024,7,VEHICLE - STOLEN,9,-0.4999999999999997,-0.8660254037844388,9.0,10.0,9.333333333333334
Punjab,2024,7,ARSON,1,-0.4999999999999997,-0.8660254037844388,1.0,1.0,1.0
Punjab,2024,7,ASSAULT,1,-0.4999999999999997,-0.8660254037844388,1.0,1.0,1.0
Punjab,2024,7,BURGLARY,1,-0.4999999999999997,-0.8660254037844388,1.0,1.0,1.0
Punjab,2024,7,COUNTERFEITING,1,-0.4999999999999997,-0.8660254037844388,1.0,1.0,1.0
Punjab,2024,7,CYBERCRIME,1,-0.4999999999999997,-0.8660254037844388,1.0,1.0,1.0
Punjab,2024,7,DOMESTIC VIOLENCE,1,-0.4999999999999997,-0.8660254037844388,1.0,1.0,1.0
Punjab,2024,7,DRUG OFFENSE,1,-0.4999999999999997,-0.8660254037844388,1.0,1.0,1.0
Punjab,2024,7,EXTORTION,1,-0.4999999999999997,-0.8660254037844388,1.0,1.0,1.0
Punjab,2024,7,FIREARM OFFENSE,1,-0.4999999999999997,-0.8660254037844388,1.0,1.0,1.0
Punjab,2024,7,FRAUD,1,-0.4999999999999997,-0.8660254037844388,1.0,1.0,1.0
Punjab,2024,7,HOMICIDE,1,-0.4999999999999997,-0.8660254037844388,1.0,1.0,1.0
Punjab,2024,7,IDENTITY THEFT,1,-0.4999999999999997,-0.8660254037844388,1.0,1.0,1.0
Punjab,2024,7,ILLEGAL POSSESSION,1,-0.4999999999999997,-0.8660254037844388,1.0,1.0,1.0
Punjab,2024,7,KIDNAPPING,1,-0.4999999999999997,-0.8660254037844388,1.0,1.0,1.0
Punjab,2024,7,PUBLIC INTOXICATION,1,-0.4999999999999997,-0.8660254037844388,1.0,1.0,1.0
Punjab,2024,7,ROBBERY,1,-0.4999999999999997,-0.8660254037844388,1.0,1.0,1.0
Punjab,2024,7,SEXUAL ASSAULT,1,-0.4999999999999997,-0.8660254037844388,1.0,1.0,1.0
Punjab,2024,7,SHOPLIFTING,1,-0.4999999999999997,-0.8660254037844388,1.0,1.0,1.0
Punjab,2024,7,TRAFFIC VIOLATION,1,-0.4999999999999997,-0.8660254037844388,1.0,1.0,1.0
Punjab,2024,7,VANDALISM,1,-0.4999999999999997,-0.8660254037844388,1.0,1.0,1.0
Punjab,2024,7,VEHICLE - STOLEN,1,-0.4999999999999997,-0.8660254037844388,1.0,1.0,1.0
Rajasthan,2024,7,ARSON,1,-0.4999999999999997,-0.8660254037844388,1.0,1.0,1.0
Rajasthan,2024,7,ASSAULT,2,-0.4999999999999997,-0.8660254037844388,1.0,1.0,1.0
Rajasthan,2024,7,BURGLARY,1,-0.4999999999999997,-0.8660254037844388,1.0,1.0,1.0
Rajasthan,2024,7,COUNTERFEITING,1,-0.4999999999999997,-0.8660254037844388,1.0,1.0,1.0
Rajasthan,2024,7,CYBERCRIME,1,-0.4999999999999997,-0.8660254037844388,1.0,1.0,1.0
Rajasthan,2024,7,DOMESTIC VIOLENCE,1,-0.4999999999999997,-0.8660254037844388,1.0,1.0,1.0
Rajasthan,2024,7,DRUG OFFENSE,1,-0.4999999999999997,-0.8660254037844388,1.0,1.0,1.0
Rajasthan,2024,7,EXTORTION,1,-0.4999999999999997,-0.8660254037844388,1.0,1.0,1.0
Rajasthan,2024,7,FIREARM OFFENSE,1,-0.4999999999999997,-0.8660254037844388,1.0,1.0,1.0
Rajasthan,2024,7,FRAUD,1,-0.4999999999999997,-0.8660254037844388,1.0,1.0,1.0
Rajasthan,2024,7,HOMICIDE,1,-0.4999999999999997,-0.8660254037844388,1.0,1.0,1.0
Rajasthan,2024,7,IDENTITY THEFT,1,-0.4999999999999997,-0.8660254037844388,1.0,1.0,1.0
Rajasthan,2024,7,ILLEGAL POSSESSION,1,-0.4999999999999997,-0.8660254037844388,1.0,1.0,1.0
Rajasthan,2024,7,KIDNAPPING,1,-0.4999999999999997,-0.8660254037844388,1.0,1.0,1.0
Rajasthan,2024,7,PUBLIC INTOXICATION,1,-0.4999999999999997,-0.8660254037844388,1.0,1.0,1.0
Rajasthan,2024,7,ROBBERY,1,-0.4999999999999997,-0.8660254037844388,1.0,1.0,1.0
Rajasthan,2024,7,SEXUAL ASSAULT,1,-0.4999999999999997,-0.8660254037844388,1.0,1.0,1.0
Rajasthan,2024,7,SHOPLIFTING,1,-0.4999999999999997,-0.8660254037844388,1.0,1.0,1.0
Rajasthan,2024,7,TRAFFIC VIOLATION,2,-0.4999999999999997,-0.8660254037844388,2.0,2.0,2.0
Rajasthan,2024,7,VANDALISM,1,-0.4999999999999997,-0.8660254037844388,1.0,1.0,1.0
Rajasthan,2024,7,VEHICLE - STOLEN,1,-0.4999999999999997,-0.8660254037844388,1.0,1.0,1.0
Tamil Nadu,2024,7,ARSON,2,-0.4999999999999997,-0.8660254037844388,2.0,2.0,2.0
Tamil Nadu,2024,7,ASSAULT,2,-0.4999999999999997,-0.8660254037844388,2.0,2.0,2.0
Tamil Nadu,2024,7,BURGLARY,3,-0.4999999999999997,-0.8660254037844388,2.0,2.0,2.0
Tamil Nadu,2024,7,COUNTERFEITING,2,-0.4999999999999997,-0.8660254037844388,2.0,2.0,2.0
Tamil Nadu,2024,7,CYBERCRIME,2,-0.4999999999999997,-0.8660254037844388,2.0,2.0,2.0
Tamil Nadu,2024,7,DOMESTIC VIOLENCE,2,-0.4999999999999997,-0.8660254037844388,2.0,2.0,2.0
Tamil Nadu,2024,7,DRUG OFFENSE,2,-0.4999999999999997,-0.8660254037844388,2.0,2.0,2.0
Tamil Nadu,2024,7,EXTORTION,2,-0.4999999999999997,-0.8660254037844388,2.0,2.0,2.0
Tamil Nadu,2024,7,FIREARM OFFENSE,2,-0.4999999999999997,-0.8660254037844388,2.0,2.0,2.0
Tamil Nadu,2024,7,FRAUD,2,-0.4999999999999997,-0.8660254037844388,2.0,2.0,2.0
Tamil Nadu,2024,7,HOMICIDE,2,-0.4999999999999997,-0.8660254037844388,2.0,2.0,2.0
Tamil Nadu,2024,7,IDENTITY THEFT,2,-0.4999999999999997,-0.8660254037844388,2.0,2.0,2.0
Tamil Nadu,2024,7,ILLEGAL POSSESSION,2,-0.4999999999999997,-0.8660254037844388,2.0,2.0,2.0
Tamil Nadu,2024,7,KIDNAPPING,2,-0.4999999999999997,-0.8660254037844388,2.0,2.0,2.0
Tamil Nadu,2024,7,PUBLIC INTOXICATION,2,-0.4999999999999997,-0.8660254037844388,2.0,2.0,2.0
Tamil Nadu,2024,7,ROBBERY,2,-0.4999999999999997,-0.8660254037844388,2.0,2.0,2.0
Tamil Nadu,2024,7,SEXUAL ASSAULT,2,-0.4999999999999997,-0.8660254037844388,2.0,2.0,2.0
Tamil Nadu,2024,7,SHOPLIFTING,2,-0.4999999999999997,-0.8660254037844388,2.0,2.0,2.0
Tamil Nadu,2024,7,TRAFFIC VIOLATION,2,-0.4999999999999997,-0.8660254037844388,2.0,2.0,2.0
Tamil Nadu,2024,7,VANDALISM,2,-0.4999999999999997,-0.8660254037844388,2.0,2.0,2.0
Tamil Nadu,2024,7,VEHICLE - STOLEN,2,-0.4999999999999997,-0.8660254037844388,2.0,2.0,2.0
Telangana,2024,7,ARSON,3,-0.4999999999999997,-0.8660254037844388,3.0,3.0,3.0
Telangana,2024,7,ASSAULT,3,-0.4999999999999997,-0.8660254037844388,2.0,2.0,2.0
Telangana,2024,7,BURGLARY,3,-0.4999999999999997,-0.8660254037844388,3.0,3.0,3.0
Telangana,2024,7,COUNTERFEITING,3,-0.4999999999999997,-0.8660254037844388,3.0,3.0,3.0
Telangana,2024,7,CYBERCRIME,2,-0.4999999999999997,-0.8660254037844388,2.0,2.0,2.0
Telangana,2024,7,DOMESTIC VIOLENCE,3,-0.4999999999999997,-0.8660254037844388,3.0,3.0,3.0
Telangana,2024,7,DRUG OFFENSE,2,-0.4999999999999997,-0.8660254037844388,3.0,2.0,2.3333333333333335
Telangana,2024,7,EXTORTION,2,-0.4999999999999997,-0.8660254037844388,3.0,2.0,2.3333333333333335
Telangana,2024,7,FIREARM OFFENSE,3,-0.4999999999999997,-0.8660254037844388,3.0,3.0,3.0
Telangana,2024,7,FRAUD,3,-0.4999999999999997,-0.8660254037844388,3.0,2.0,2.6666666666666665
Telangana,2024,7,HOMICIDE,3,-0.4999999999999997,-0.8660254037844388,3.0,2.0,2.6666666666666665
Telangana,2024,7,IDENTITY THEFT,3,-0.4999999999999997,-0.8660254037844388,3.0,3.0,3.0
Telangana,2024,7,ILLEGAL POSSESSION,3,-0.4999999999999997,-0.8660254037844388,3.0,3.0,3.0
Telangana,2024,7,KIDNAPPING,2,-0.4999999999999997,-0.8660254037844388,3.0,2.0,2.3333333333333335
Telangana,2024,7,PUBLIC INTOXICATION,3,-0.4999999999999997,-0.8660254037844388,3.0,2.0,2.6666666666666665
Telangana,2024,7,ROBBERY,2,-0.4999999999999997,-0.8660254037844388,2.0,2.0,2.0
Telangana,2024,7,SEXUAL ASSAULT,3,-0.4999999999999997,-0.8660254037844388,3.0,3.0,3.0
Telangana,2024,7,SHOPLIFTING,2,-0.4999999999999997,-0.8660254037844388,2.0,2.0,2.0
Telangana,2024,7,TRAFFIC VIOLATION,3,-0.4999999999999997,-0.8660254037844388,3.0,3.0,3.0
Telangana,2024,7,VANDALISM,2,-0.4999999999999997,-0.8660254037844388,2.0,2.0,2.0
Telangana,2024,7,VEHICLE - STOLEN,3,-0.4999999999999997,-0.8660254037844388,3.0,3.0,3.0
Uttar Pradesh,2024,7,ARSON,4,-0.4999999999999997,-0.8660254037844388,4.0,4.0,4.0
Uttar Pradesh,2024,7,ASSAULT,4,-0.4999999999999997,-0.8660254037844388,4.0,4.0,4.0
Uttar Pradesh,2024,7,BURGLARY,4,-0.4999999999999997,-0.8660254037844388,4.0,4.0,4.0
Uttar Pradesh,2024,7,COUNTERFEITING,4,-0.4999999999999997,-0.8660254037844388,4.0,4.0,4.0
Uttar Pradesh,2024,7,CYBERCRIME,4,-0.4999999999999997,-0.8660254037844388,4.0,4.0,4.0
Uttar Pradesh,2024,7,DOMESTIC VIOLENCE,4,-0.4999999999999997,-0.8660254037844388,4.0,4.0,4.0
Uttar Pradesh,2024,7,DRUG OFFENSE,4,-0.4999999999999997,-0.8660254037844388,4.0,4.0,4.0
Uttar Pradesh,2024,7,EXTORTION,4,-0.4999999999999997,-0.8660254037844388,4.0,4.0,4.0
Uttar Pradesh,2024,7,FIREARM OFFENSE,4,-0.4999999999999997,-0.8660254037844388,4.0,4.0,4.0
Uttar Pradesh,2024,7,FRAUD,4,-0.4999999999999997,-0.8660254037844388,4.0,4.0,4.0
Uttar Pradesh,2024,7,HOMICIDE,4,-0.4999999999999997,-0.8660254037844388,4.0,4.0,4.0
Uttar Pradesh,2024,7,IDENTITY THEFT,4,-0.4999999999999997,-0.8660254037844388,4.0,4.0,4.0
Uttar Pradesh,2024,7,ILLEGAL POSSESSION,4,-0.4999999999999997,-0.8660254037844388,4.0,4.0,4.0
Uttar Pradesh,2024,7,KIDNAPPING,4,-0.4999999999999997,-0.8660254037844388,4.0,4.0,4.0
Uttar Pradesh,2024,7,PUBLIC INTOXICATION,4,-0.4999999999999997,-0.8660254037844388,4.0,4.0,4.0
Uttar Pradesh,2024,7,ROBBERY,4,-0.4999999999999997,-0.8660254037844388,4.0,4.0,4.0
Uttar Pradesh,2024,7,SEXUAL ASSAULT,4,-0.4999999999999997,-0.8660254037844388,4.0,4.0,4.0
Uttar Pradesh,2024,7,SHOPLIFTING,4,-0.4999999999999997,-0.8660254037844388,4.0,4.0,4.0
Uttar Pradesh,2024,7,TRAFFIC VIOLATION,4,-0.4999999999999997,-0.8660254037844388,4.0,4.0,4.0
Uttar Pradesh,2024,7,VANDALISM,4,-0.4999999999999997,-0.8660254037844388,4.0,4.0,4.0
Uttar Pradesh,2024,7,VEHICLE - STOLEN,4,-0.4999999999999997,-0.8660254037844388,4.0,4.0,4.0
West Bengal,2024,7,ARSON,2,-0.4999999999999997,-0.8660254037844388,3.0,3.0,3.0
West Bengal,2024,7,ASSAULT,3,-0.4999999999999997,-0.8660254037844388,3.0,2.0,2.3333333333333335
West Bengal,2024,7,BURGLARY,3,-0.4999999999999997,-0.8660254037844388,3.0,3.0,3.0
West Bengal,2024,7,COUNTERFEITING,3,-0.4999999999999997,-0.8660254037844388,2.0,2.0,2.0
West Bengal,2024,7,CYBERCRIME,3,-0.4999999999999997,-0.8660254037844388,2.0,2.0,2.3333333333333335
West Bengal,2024,7,DOMESTIC VIOLENCE,2,-0.4999999999999997,-0.8660254037844388,2.0,3.0,2.3333333333333335
West Bengal,2024,7,DRUG OFFENSE,2,-0.4999999999999997,-0.8660254037844388,2.0,2.0,2.0
West Bengal,2024,7,EXTORTION,2,-0.4999999999999997,-0.8660254037844388,2.0,2.0,2.0
West Bengal,2024,7,FIREARM OFFENSE,2,-0.4999999999999997,-0.8660254037844388,2.0,2.0,2.0
West Bengal,2024,7,FRAUD,2,-0.4999999999999997,-0.8660254037844388,2.0,2.0,2.0
West Bengal,2024,7,HOMICIDE,2,-0.4999999999999997,-0.8660254037844388,2.0,2.0,2.0
West Bengal,2024,7,IDENTITY THEFT,2,-0.4999999999999997,-0.8660254037844388,2.0,2.0,2.0
West Bengal,2024,7,ILLEGAL POSSESSION,3,-0.4999999999999997,-0.8660254037844388,3.0,3.0,2.6666666666666665
West Bengal,2024,7,KIDNAPPING,3,-0.4999999999999997,-0.8660254037844388,2.0,2.0,2.0
West Bengal,2024,7,PUBLIC INTOXICATION,2,-0.4999999999999997,-0.8660254037844388,2.0,2.0,2.0
West Bengal,2024,7,ROBBERY,2,-0.4999999999999997,-0.8660254037844388,2.0,2.0,2.0
West Bengal,2024,7,SEXUAL ASSAULT,2,-0.4999999999999997,-0.8660254037844388,2.0,2.0,2.0
West Bengal,2024,7,SHOPLIFTING,2,-0.4999999999999997,-0.8660254037844388,2.0,2.0,2.0
West Bengal,2024,7,TRAFFIC VIOLATION,3,-0.4999999999999997,-0.8660254037844388,3.0,2.0,2.6666666666666665
West Bengal,2024,7,VANDALISM,2,-0.4999999999999997,-0.8660254037844388,2.0,2.0,2.0
West Bengal,2024,7,VEHICLE - STOLEN,2,-0.4999999999999997,-0.8660254037844388,2.0,2.0,2.0
Andhra Pradesh,2024,8,ARSON,1,-0.8660254037844385,-0.5000000000000004,1.0,1.0,1.0
Andhra Pradesh,2024,8,ASSAULT,1,-0.8660254037844385,-0.5000000000000004,1.0,1.0,1.0
Andhra Pradesh,2024,8,BURGLARY,1,-0.8660254037844385,-0.5000000000000004,1.0,1.0,1.0
Andhra Pradesh,2024,8,COUNTERFEITING,1,-0.8660254037844385,-0.5000000000000004,1.0,1.0,1.0
Andhra Pradesh,2024,8,CYBERCRIME,1,-0.8660254037844385,-0.5000000000000004,1.0,1.0,1.0
Andhra Pradesh,2024,8,DOMESTIC VIOLENCE,1,-0.8660254037844385,-0.5000000000000004,1.0,1.0,1.0
Andhra Pradesh,2024,8,DRUG OFFENSE,1,-0.8660254037844385,-0.5000000000000004,1.0,1.0,1.0
Andhra Pradesh,2024,8,EXTORTION,1,-0.8660254037844385,-0.5000000000000004,1.0,1.0,1.0
Andhra Pradesh,2024,8,FIREARM OFFENSE,1,-0.8660254037844385,-0.5000000000000004,1.0,1.0,1.0
Andhra Pradesh,2024,8,FRAUD,1,-0.8660254037844385,-0.5000000000000004,1.0,1.0,1.0
Andhra Pradesh,2024,8,HOMICIDE,1,-0.8660254037844385,-0.5000000000000004,1.0,1.0,1.0
Andhra Pradesh,2024,8,IDENTITY THEFT,1,-0.8660254037844385,-0.5000000000000004,1.0,1.0,1.0
Andhra Pradesh,2024,8,ILLEGAL POSSESSION,1,-0.8660254037844385,-0.5000000000000004,1.0,1.0,1.0
Andhra Pradesh,2024,8,KIDNAPPING,1,-0.8660254037844385,-0.5000000000000004,1.0,1.0,1.0
Andhra Pradesh,2024,8,PUBLIC INTOXICATION,1,-0.8660254037844385,-0.5000000000000004,1.0,1.0,1.0
Andhra Pradesh,2024,8,ROBBERY,1,-0.8660254037844385,-0.5000000000000004,1.0,1.0,1.0
Andhra Pradesh,2024,8,SEXUAL ASSAULT,1,-0.8660254037844385,-0.5000000000000004,1.0,1.0,1.0
Andhra Pradesh,2024,8,SHOPLIFTING,1,-0.8660254037844385,-0.5000000000000004,1.0,1.0,1.0
Andhra Pradesh,2024,8,TRAFFIC VIOLATION,1,-0.8660254037844385,-0.5000000000000004,1.0,1.0,1.0
Andhra Pradesh,2024,8,VANDALISM,1,-0.8660254037844385,-0.5000000000000004,1.0,1.0,1.0
Andhra Pradesh,2024,8,VEHICLE - STOLEN,1,-0.8660254037844385,-0.5000000000000004,1.0,1.0,1.0
Bihar,2024,8,ARSON,1,-0.8660254037844385,-0.5000000000000004,1.0,1.0,1.0
Bihar,2024,8,ASSAULT,1,-0.8660254037844385,-0.5000000000000004,1.0,1.0,1.0
Bihar,2024,8,BURGLARY,1,-0.8660254037844385,-0.5000000000000004,1.0,1.0,1.0
Bihar,2024,8,COUNTERFEITING,1,-0.8660254037844385,-0.5000000000000004,1.0,1.0,1.0
Bihar,2024,8,CYBERCRIME,1,-0.8660254037844385,-0.5000000000000004,1.0,1.0,1.0
Bihar,2024,8,DOMESTIC VIOLENCE,1,-0.8660254037844385,-0.5000000000000004,1.0,1.0,1.0
Bihar,2024,8,DRUG OFFENSE,1,-0.8660254037844385,-0.5000000000000004,1.0,1.0,1.0
Bihar,2024,8,EXTORTION,1,-0.8660254037844385,-0.5000000000000004,1.0,1.0,1.0
Bihar,2024,8,FIREARM OFFENSE,1,-0.8660254037844385,-0.5000000000000004,1.0,1.0,1.0
Bihar,2024,8,FRAUD,1,-0.8660254037844385,-0.5000000000000004,1.0,1.0,1.0
Bihar,2024,8,HOMICIDE,1,-0.8660254037844385,-0.5000000000000004,1.0,1.0,1.0
Bihar,2024,8,IDENTITY THEFT,1,-0.8660254037844385,-0.5000000000000004,1.0,1.0,1.0
Bihar,2024,8,ILLEGAL POSSESSION,1,-0.8660254037844385,-0.5000000000000004,1.0,1.0,1.0
Bihar,2024,8,KIDNAPPING,1,-0.8660254037844385,-0.5000000000000004,1.0,1.0,1.0
Bihar,2024,8,PUBLIC INTOXICATION,1,-0.8660254037844385,-0.5000000000000004,1.0,1.0,1.0
Bihar,2024,8,ROBBERY,1,-0.8660254037844385,-0.5000000000000004,1.0,1.0,1.0
Bihar,2024,8,SEXUAL ASSAULT,1,-0.8660254037844385,-0.5000000000000004,1.0,1.0,1.0
Bihar,2024,8,SHOPLIFTING,1,-0.8660254037844385,-0.5000000000000004,1.0,1.0,1.0
Bihar,2024,8,TRAFFIC VIOLATION,1,-0.8660254037844385,-0.5000000000000004,1.0,1.0,1.0
Bihar,2024,8,VANDALISM,1,-0.8660254037844385,-0.5000000000000004,1.0,1.0,1.0
Bihar,2024,8,VEHICLE - STOLEN,1,-0.8660254037844385,-0.5000000000000004,1.0,1.0,1.0
Delhi,2024,8,ARSON,4,-0.8660254037844385,-0.5000000000000004,4.0,4.0,4.0
Delhi,2024,8,ASSAULT,4,-0.8660254037844385,-0.5000000000000004,4.0,4.0,4.0
Delhi,2024,8,BURGLARY,4,-0.8660254037844385,-0.5000000000000004,4.0,4.0,4.0
Delhi,2024,8,COUNTERFEITING,4,-0.8660254037844385,-0.5000000000000004,4.0,4.0,4.0
Delhi,2024,8,CYBERCRIME,4,-0.8660254037844385,-0.5000000000000004,4.0,4.0,4.0
Delhi,2024,8,DOMESTIC VIOLENCE,4,-0.8660254037844385,-0.5000000000000004,4.0,4.0,4.0
Delhi,2024,8,DRUG OFFENSE,4,-0.8660254037844385,-0.5000000000000004,4.0,4.0,4.0
Delhi,2024,8,EXTORTION,4,-0.8660254037844385,-0.5000000000000004,4.0,4.0,4.0
Delhi,2024,8,FIREARM OFFENSE,5,-0.8660254037844385,-0.5000000000000004,5.0,4.0,4.333333333333333
Delhi,2024,8,FRAUD,4,-0.8660254037844385,-0.5000000000000004,4.0,4.0,4.0
Delhi,2024,8,HOMICIDE,4,-0.8660254037844385,-0.5000000000000004,4.0,4.0,4.0
Delhi,2024,8,IDENTITY THEFT,4,-0.8660254037844385,-0.5000000000000004,4.0,4.0,4.0
Delhi,2024,8,ILLEGAL POSSESSION,4,-0.8660254037844385,-0.5000000000000004,4.0,4.0,4.0
Delhi,2024,8,KIDNAPPING,4,-0.8660254037844385,-0.5000000000000004,4.0,4.0,4.0
Delhi,2024,8,PUBLIC INTOXICATION,4,-0.8660254037844385,-0.5000000000000004,4.0,4.0,4.0
Delhi,2024,8,ROBBERY,4,-0.8660254037844385,-0.5000000000000004,4.0,4.0,4.0
Delhi,2024,8,SEXUAL ASSAULT,4,-0.8660254037844385,-0.5000000000000004,4.0,4.0,4.0
Delhi,2024,8,SHOPLIFTING,4,-0.8660254037844385,-0.5000000000000004,4.0,4.0,4.0
Delhi,2024,8,TRAFFIC VIOLATION,4,-0.8660254037844385,-0.5000000000000004,4.0,4.0,4.0
Delhi,2024,8,VANDALISM,4,-0.8660254037844385,-0.5000000000000004,4.0,4.0,4.0
Delhi,2024,8,VEHICLE - STOLEN,4,-0.8660254037844385,-0.5000000000000004,4.0,4.0,4.0
Gujarat,2024,8,ARSON,3,-0.8660254037844385,-0.5000000000000004,3.0,3.0,3.0
Gujarat,2024,8,ASSAULT,3,-0.8660254037844385,-0.5000000000000004,3.0,3.0,3.0
Gujarat,2024,8,BURGLARY,3,-0.8660254037844385,-0.5000000000000004,3.0,3.0,3.0
Gujarat,2024,8,COUNTERFEITING,3,-0.8660254037844385,-0.5000000000000004,3.0,3.0,3.0
Gujarat,2024,8,CYBERCRIME,3,-0.8660254037844385,-0.5000000000000004,3.0,3.0,3.0
Gujarat,2024,8,DOMESTIC VIOLENCE,3,-0.8660254037844385,-0.5000000000000004,3.0,3.0,3.0
Gujarat,2024,8,DRUG OFFENSE,3,-0.8660254037844385,-0.5000000000000004,3.0,3.0,3.0
Gujarat,2024,8,EXTORTION,3,-0.8660254037844385,-0.5000000000000004,3.0,3.0,3.0
Gujarat,2024,8,FIREARM OFFENSE,3,-0.8660254037844385,-0.5000000000000004,3.0,3.0,3.0
Gujarat,2024,8,FRAUD,3,-0.8660254037844385,-0.5000000000000004,3.0,3.0,3.0
Gujarat,2024,8,HOMICIDE,3,-0.8660254037844385,-0.5000000000000004,3.0,3.0,3.0
Gujarat,2024,8,IDENTITY THEFT,3,-0.8660254037844385,-0.5000000000000004,3.0,3.0,3.0
Gujarat,2024,8,ILLEGAL POSSESSION,3,-0.8660254037844385,-0.5000000000000004,3.0,3.0,3.0
Gujarat,2024,8,KIDNAPPING,3,-0.8660254037844385,-0.5000000000000004,3.0,3.0,3.0
Gujarat,2024,8,PUBLIC INTOXICATION,3,-0.8660254037844385,-0.5000000000000004,3.0,3.0,3.0
Gujarat,2024,8,ROBBERY,3,-0.8660254037844385,-0.5000000000000004,3.0,3.0,3.0
Gujarat,2024,8,SEXUAL ASSAULT,3,-0.8660254037844385,-0.5000000000000004,3.0,3.0,3.0
Gujarat,2024,8,SHOPLIFTING,3,-0.8660254037844385,-0.5000000000000004,3.0,3.0,3.0
Gujarat,2024,8,TRAFFIC VIOLATION,3,-0.8660254037844385,-0.5000000000000004,3.0,3.0,3.0
Gujarat,2024,8,VANDALISM,3,-0.8660254037844385,-0.5000000000000004,3.0,3.0,3.0
Gujarat,2024,8,VEHICLE - STOLEN,2,-0.8660254037844385,-0.5000000000000004,3.0,3.0,3.0
Haryana,2024,8,ARSON,1,-0.8660254037844385,-0.5000000000000004,1.0,1.0,1.0
Haryana,2024,8,ASSAULT,1,-0.8660254037844385,-0.5000000000000004,1.0,1.0,1.0
Haryana,2024,8,BURGLARY,1,-0.8660254037844385,-0.5000000000000004,1.0,1.0,1.0
Haryana,2024,8,COUNTERFEITING,1,-0.8660254037844385,-0.5000000000000004,1.0,1.0,1.0
Haryana,2024,8,CYBERCRIME,1,-0.8660254037844385,-0.5000000000000004,1.0,1.0,1.0
Haryana,2024,8,DOMESTIC VIOLENCE,1,-0.8660254037844385,-0.5000000000000004,1.0,1.0,1.0
Haryana,2024,8,DRUG OFFENSE,1,-0.8660254037844385,-0.5000000000000004,1.0,1.0,1.0
Haryana,2024,8,EXTORTION,1,-0.8660254037844385,-0.5000000000000004,1.0,1.0,1.0
Haryana,2024,8,FIREARM OFFENSE,1,-0.8660254037844385,-0.5000000000000004,1.0,1.0,1.0
Haryana,2024,8,FRAUD,1,-0.8660254037844385,-0.5000000000000004,1.0,1.0,1.0
Haryana,2024,8,HOMICIDE,1,-0.8660254037844385,-0.5000000000000004,1.0,1.0,1.0
Haryana,2024,8,IDENTITY THEFT,1,-0.8660254037844385,-0.5000000000000004,1.0,1.0,1.0
Haryana,2024,8,ILLEGAL POSSESSION,1,-0.8660254037844385,-0.5000000000000004,1.0,1.0,1.0
Haryana,2024,8,KIDNAPPING,1,-0.8660254037844385,-0.5000000000000004,1.0,1.0,1.0
Haryana,2024,8,PUBLIC INTOXICATION,1,-0.8660254037844385,-0.5000000000000004,1.0,1.0,1.0
Haryana,2024,8,ROBBERY,1,-0.8660254037844385,-0.5000000000000004,1.0,1.0,1.0
Haryana,2024,8,SEXUAL ASSAULT,1,-0.8660254037844385,-0.5000000000000004,1.0,1.0,1.0
Haryana,2024,8,SHOPLIFTING,1,-0.8660254037844385,-0.5000000000000004,1.0,1.0,1.0
Haryana,2024,8,TRAFFIC VIOLATION,1,-0.8660254037844385,-0.5000000000000004,1.0,1.0,1.0
Haryana,2024,8,VANDALISM,1,-0.8660254037844385,-0.5000000000000004,1.0,1.0,1.0
Haryana,2024,8,VEHICLE - STOLEN,1,-0.8660254037844385,-0.5000000000000004,1.0,1.0,1.0
Jammu and Kashmir,2024,8,ARSON,1,-0.8660254037844385,-0.5000000000000004,1.0,1.0,1.0
Jammu and Kashmir,2024,8,ASSAULT,1,-0.8660254037844385,-0.5000000000000004,1.0,1.0,1.0
Jammu and Kashmir,2024,8,BURGLARY,1,-0.8660254037844385,-0.5000000000000004,1.0,1.0,1.0
Jammu and Kashmir,2024,8,COUNTERFEITING,1,-0.8660254037844385,-0.5000000000000004,1.0,1.0,1.0
Jammu and Kashmir,2024,8,CYBERCRIME,1,-0.8660254037844385,-0.5000000000000004,1.0,1.0,1.0
Jammu and Kashmir,2024,8,DOMESTIC VIOLENCE,1,-0.8660254037844385,-0.5000000000000004,1.0,1.0,1.0
Jammu and Kashmir,2024,8,DRUG OFFENSE,1,-0.8660254037844385,-0.5000000000000004,1.0,1.0,1.0
Jammu and Kashmir,2024,8,EXTORTION,1,-0.8660254037844385,-0.5000000000000004,1.0,1.0,1.0
Jammu and Kashmir,2024,8,FIREARM OFFENSE,1,-0.8660254037844385,-0.5000000000000004,1.0,1.0,1.0
Jammu and Kashmir,2024,8,FRAUD,1,-0.8660254037844385,-0.5000000000000004,1.0,1.0,1.0
Jammu and Kashmir,2024,8,HOMICIDE,1,-0.8660254037844385,-0.5000000000000004,1.0,1.0,1.0
Jammu and Kashmir,2024,8,IDENTITY THEFT,1,-0.8660254037844385,-0.5000000000000004,1.0,1.0,1.0
Jammu and Kashmir,2024,8,ILLEGAL POSSESSION,1,-0.8660254037844385,-0.5000000000000004,1.0,1.0,1.0
Jammu and Kashmir,2024,8,KIDNAPPING,1,-0.8660254037844385,-0.5000000000000004,1.0,1.0,1.0
Jammu and Kashmir,2024,8,PUBLIC INTOXICATION,1,-0.8660254037844385,-0.5000000000000004,1.0,1.0,1.0
Jammu and Kashmir,2024,8,ROBBERY,1,-0.8660254037844385,-0.5000000000000004,1.0,1.0,1.0
Jammu and Kashmir,2024,8,SEXUAL ASSAULT,1,-0.8660254037844385,-0.5000000000000004,1.0,1.0,1.0
Jammu and Kashmir,2024,8,SHOPLIFTING,1,-0.8660254037844385,-0.5000000000000004,1.0,1.0,1.0
Jammu and Kashmir,2024,8,TRAFFIC VIOLATION,1,-0.8660254037844385,-0.5000000000000004,1.0,1.0,1.0
Jammu and Kashmir,2024,8,VANDALISM,1,-0.8660254037844385,-0.5000000000000004,1.0,1.0,1.0
Jammu and Kashmir,2024,8,VEHICLE - STOLEN,1,-0.8660254037844385,-0.5000000000000004,1.0,1.0,1.0
Karnataka,2024,8,ARSON,3,-0.8660254037844385,-0.5000000000000004,3.0,3.0,3.0
Karnataka,2024,8,ASSAULT,3,-0.8660254037844385,-0.5000000000000004,3.0,3.0,3.0
Karnataka,2024,8,BURGLARY,3,-0.8660254037844385,-0.5000000000000004,3.0,3.0,3.0
Karnataka,2024,8,COUNTERFEITING,3,-0.8660254037844385,-0.5000000000000004,3.0,3.0,3.0
Karnataka,2024,8,CYBERCRIME,3,-0.8660254037844385,-0.5000000000000004,3.0,3.0,3.0
Karnataka,2024,8,DOMESTIC VIOLENCE,3,-0.8660254037844385,-0.5000000000000004,3.0,3.0,3.0
Karnataka,2024,8,DRUG OFFENSE,3,-0.8660254037844385,-0.5000000000000004,3.0,3.0,3.0
Karnataka,2024,8,EXTORTION,3,-0.8660254037844385,-0.5000000000000004,3.0,3.0,3.0
Karnataka,2024,8,FIREARM OFFENSE,3,-0.8660254037844385,-0.5000000000000004,3.0,3.0,3.0
Karnataka,2024,8,FRAUD,3,-0.8660254037844385,-0.5000000000000004,3.0,3.0,3.0
Karnataka,2024,8,HOMICIDE,3,-0.8660254037844385,-0.5000000000000004,3.0,3.0,3.0
Karnataka,2024,8,IDENTITY THEFT,3,-0.8660254037844385,-0.5000000000000004,3.0,3.0,3.0
Karnataka,2024,8,ILLEGAL POSSESSION,3,-0.8660254037844385,-0.5000000000000004,3.0,3.0,3.0
Karnataka,2024,8,KIDNAPPING,3,-0.8660254037844385,-0.5000000000000004,3.0,3.0,3.0
Karnataka,2024,8,PUBLIC INTOXICATION,3,-0.8660254037844385,-0.5000000000000004,3.0,3.0,3.0
Karnataka,2024,8,ROBBERY,3,-0.8660254037844385,-0.5000000000000004,3.0,3.0,3.0
Karnataka,2024,8,SEXUAL ASSAULT,3,-0.8660254037844385,-0.5000000000000004,3.0,3.0,3.0
Karnataka,2024,8,SHOPLIFTING,3,-0.8660254037844385,-0.5000000000000004,3.0,3.0,3.0
Karnataka,2024,8,TRAFFIC VIOLATION,3,-0.8660254037844385,-0.5000000000000004,3.0,3.0,3.0
Karnataka,2024,8,VANDALISM,3,-0.8660254037844385,-0.5000000000000004,3.0,3.0,3.0
Karnataka,2024,8,VEHICLE - STOLEN,3,-0.8660254037844385,-0.5000000000000004,3.0,3.0,3.0
Madhya Pradesh,2024,8,ARSON,1,-0.8660254037844385,-0.5000000000000004,1.0,1.0,1.0
Madhya Pradesh,2024,8,ASSAULT,2,-0.8660254037844385,-0.5000000000000004,2.0,2.0,2.0
Madhya Pradesh,2024,8,BURGLARY,1,-0.8660254037844385,-0.5000000000000004,1.0,1.0,1.0
Madhya Pradesh,2024,8,COUNTERFEITING,1,-0.8660254037844385,-0.5000000000000004,1.0,1.0,1.0
Madhya Pradesh,2024,8,CYBERCRIME,1,-0.8660254037844385,-0.5000000000000004,1.0,1.0,1.0
Madhya Pradesh,2024,8,DOMESTIC VIOLENCE,1,-0.8660254037844385,-0.5000000000000004,1.0,1.0,1.0
Madhya Pradesh,2024,8,DRUG OFFENSE,1,-0.8660254037844385,-0.5000000000000004,1.0,1.0,1.0
Madhya Pradesh,2024,8,EXTORTION,1,-0.8660254037844385,-0.5000000000000004,1.0,1.0,1.0
Madhya Pradesh,2024,8,FIREARM OFFENSE,1,-0.8660254037844385,-0.5000000000000004,1.0,1.0,1.0
Madhya Pradesh,2024,8,FRAUD,1,-0.8660254037844385,-0.5000000000000004,1.0,1.0,1.0
Madhya Pradesh,2024,8,HOMICIDE,1,-0.8660254037844385,-0.5000000000000004,1.0,1.0,1.0
Madhya Pradesh,2024,8,IDENTITY THEFT,1,-0.8660254037844385,-0.5000000000000004,1.0,1.0,1.0
Madhya Pradesh,2024,8,ILLEGAL POSSESSION,1,-0.8660254037844385,-0.5000000000000004,1.0,1.0,1.0
Madhya Pradesh,2024,8,KIDNAPPING,1,-0.8660254037844385,-0.5000000000000004,1.0,1.0,1.0
Madhya Pradesh,2024,8,PUBLIC INTOXICATION,1,-0.8660254037844385,-0.5000000000000004,1.0,1.0,1.0
Madhya Pradesh,2024,8,ROBBERY,2,-0.8660254037844385,-0.5000000000000004,1.0,1.0,1.0
Madhya Pradesh,2024,8,SEXUAL ASSAULT,1,-0.8660254037844385,-0.5000000000000004,1.0,1.0,1.0
Madhya Pradesh,2024,8,SHOPLIFTING,1,-0.8660254037844385,-0.5000000000000004,1.0,1.0,1.0
Madhya Pradesh,2024,8,TRAFFIC VIOLATION,2,-0.8660254037844385,-0.5000000000000004,2.0,1.0,1.3333333333333333
Madhya Pradesh,2024,8,VANDALISM,1,-0.8660254037844385,-0.5000000000000004,1.0,1.0,1.0
Madhya Pradesh,2024,8,VEHICLE - STOLEN,1,-0.8660254037844385,-0.5000000000000004,1.0,1.0,1.0
Maharashtra,2024,8,ARSON,8,-0.8660254037844385,-0.5000000000000004,9.0,9.0,9.0
Maharashtra,2024,8,ASSAULT,8,-0.8660254037844385,-0.5000000000000004,8.0,8.0,8.0
Maharashtra,2024,8,BURGLARY,9,-0.8660254037844385,-0.5000000000000004,9.0,9.0,9.0
Maharashtra,2024,8,COUNTERFEITING,8,-0.8660254037844385,-0.5000000000000004,8.0,8.0,8.0
Maharashtra,2024,8,CYBERCRIME,8,-0.8660254037844385,-0.5000000000000004,9.0,9.0,9.0
Maharashtra,2024,8,DOMESTIC VIOLENCE,9,-0.8660254037844385,-0.5000000000000004,9.0,9.0,9.0
Maharashtra,2024,8,DRUG OFFENSE,9,-0.8660254037844385,-0.5000000000000004,9.0,9.0,9.0
Maharashtra,2024,8,EXTORTION,8,-0.8660254037844385,-0.5000000000000004,8.0,9.0,8.666666666666666
Maharashtra,2024,8,FIREARM OFFENSE,8,-0.8660254037844385,-0.5000000000000004,8.0,8.0,8.0
Maharashtra,2024,8,FRAUD,8,-0.8660254037844385,-0.5000000000000004,8.0,8.0,8.333333333333334
Maharashtra,2024,8,HOMICIDE,8,-0.8660254037844385,-0.5000000000000004,8.0,8.0,8.0
Maharashtra,2024,8,IDENTITY THEFT,8,-0.8660254037844385,-0.5000000000000004,8.0,8.0,8.0
Maharashtra,2024,8,ILLEGAL POSSESSION,8,-0.8660254037844385,-0.5000000000000004,9.0,9.0,9.0
Maharashtra,2024,8,KIDNAPPING,8,-0.8660254037844385,-0.5000000000000004,8.0,8.0,8.0
Maharashtra,2024,8,PUBLIC INTOXICATION,8,-0.8660254037844385,-0.5000000000000004,9.0,9.0,9.0
Maharashtra,2024,8,ROBBERY,8,-0.8660254037844385,-0.5000000000000004,8.0,8.0,8.0
Maharashtra,2024,8,SEXUAL ASSAULT,8,-0.8660254037844385,-0.5000000000000004,9.0,9.0,9.0
Maharashtra,2024,8,SHOPLIFTING,9,-0.8660254037844385,-0.5000000000000004,9.0,9.0,9.0
Maharashtra,2024,8,TRAFFIC VIOLATION,8,-0.8660254037844385,-0.5000000000000004,8.0,8.0,8.333333333333334
Maharashtra,2024,8,VANDALISM,8,-0.8660254037844385,-0.5000000000000004,8.0,8.0,8.333333333333334
Maharashtra,2024,8,VEHICLE - STOLEN,8,-0.8660254037844385,-0.5000000000000004,9.0,9.0,9.0
Punjab,2024,8,ARSON,1,-0.8660254037844385,-0.5000000000000004,1.0,1.0,1.0
Punjab,2024,8,ASSAULT,1,-0.8660254037844385,-0.5000000000000004,1.0,1.0,1.0
Punjab,2024,8,BURGLARY,1,-0.8660254037844385,-0.5000000000000004,1.0,1.0,1.0
Punjab,2024,8,COUNTERFEITING,1,-0.8660254037844385,-0.5000000000000004,1.0,1.0,1.0
Punjab,2024,8,CYBERCRIME,1,-0.8660254037844385,-0.5000000000000004,1.0,1.0,1.0
Punjab,2024,8,DOMESTIC VIOLENCE,1,-0.8660254037844385,-0.5000000000000004,1.0,1.0,1.0
Punjab,2024,8,DRUG OFFENSE,1,-0.8660254037844385,-0.5000000000000004,1.0,1.0,1.0
Punjab,2024,8,EXTORTION,1,-0.8660254037844385,-0.5000000000000004,1.0,1.0,1.0
Punjab,2024,8,FIREARM OFFENSE,1,-0.8660254037844385,-0.5000000000000004,1.0,1.0,1.0
Punjab,2024,8,FRAUD,1,-0.8660254037844385,-0.5000000000000004,1.0,1.0,1.0
Punjab,2024,8,HOMICIDE,1,-0.8660254037844385,-0.5000000000000004,1.0,1.0,1.0
Punjab,2024,8,IDENTITY THEFT,1,-0.8660254037844385,-0.5000000000000004,1.0,1.0,1.0
Punjab,2024,8,ILLEGAL POSSESSION,1,-0.8660254037844385,-0.5000000000000004,1.0,1.0,1.0
Punjab,2024,8,KIDNAPPING,1,-0.8660254037844385,-0.5000000000000004,1.0,1.0,1.0
Punjab,2024,8,PUBLIC INTOXICATION,1,-0.8660254037844385,-0.5000000000000004,1.0,1.0,1.0
Punjab,2024,8,ROBBERY,2,-0.8660254037844385,-0.5000000000000004,1.0,1.0,1.0
Punjab,2024,8,SEXUAL ASSAULT,1,-0.8660254037844385,-0.5000000000000004,1.0,1.0,1.0
Punjab,2024,8,SHOPLIFTING,1,-0.8660254037844385,-0.5000000000000004,1.0,1.0,1.0
Punjab,2024,8,TRAFFIC VIOLATION,1,-0.8660254037844385,-0.5000000000000004,1.0,1.0,1.0
Punjab,2024,8,VANDALISM,1,-0.8660254037844385,-0.5000000000000004,1.0,1.0,1.0
Punjab,2024,8,VEHICLE - STOLEN,1,-0.8660254037844385,-0.5000000000000004,1.0,1.0,1.0
Rajasthan,2024,8,ARSON,1,-0.8660254037844385,-0.5000000000000004,1.0,1.0,1.0
Rajasthan,2024,8,ASSAULT,2,-0.8660254037844385,-0.5000000000000004,2.0,1.0,1.3333333333333333
Rajasthan,2024,8,BURGLARY,1,-0.8660254037844385,-0.5000000000000004,1.0,1.0,1.0
Rajasthan,2024,8,COUNTERFEITING,1,-0.8660254037844385,-0.5000000000000004,1.0,1.0,1.0
Rajasthan,2024,8,CYBERCRIME,1,-0.8660254037844385,-0.5000000000000004,1.0,1.0,1.0
Rajasthan,2024,8,DOMESTIC VIOLENCE,1,-0.8660254037844385,-0.5000000000000004,1.0,1.0,1.0
Rajasthan,2024,8,DRUG OFFENSE,1,-0.8660254037844385,-0.5000000000000004,1.0,1.0,1.0
Rajasthan,2024,8,EXTORTION,1,-0.8660254037844385,-0.5000000000000004,1.0,1.0,1.0
Rajasthan,2024,8,FIREARM OFFENSE,1,-0.8660254037844385,-0.5000000000000004,1.0,1.0,1.0
Rajasthan,2024,8,FRAUD,1,-0.8660254037844385,-0.5000000000000004,1.0,1.0,1.0
Rajasthan,2024,8,HOMICIDE,1,-0.8660254037844385,-0.5000000000000004,1.0,1.0,1.0
Rajasthan,2024,8,IDENTITY THEFT,1,-0.8660254037844385,-0.5000000000000004,1.0,1.0,1.0
Rajasthan,2024,8,ILLEGAL POSSESSION,1,-0.8660254037844385,-0.5000000000000004,1.0,1.0,1.0
Rajasthan,2024,8,KIDNAPPING,1,-0.8660254037844385,-0.5000000000000004,1.0,1.0,1.0
Rajasthan,2024,8,PUBLIC INTOXICATION,1,-0.8660254037844385,-0.5000000000000004,1.0,1.0,1.0
Rajasthan,2024,8,ROBBERY,2,-0.8660254037844385,-0.5000000000000004,1.0,1.0,1.0
Rajasthan,2024,8,SEXUAL ASSAULT,1,-0.8660254037844385,-0.5000000000000004,1.0,1.0,1.0
Rajasthan,2024,8,SHOPLIFTING,1,-0.8660254037844385,-0.5000000000000004,1.0,1.0,1.0
Rajasthan,2024,8,TRAFFIC VIOLATION,2,-0.8660254037844385,-0.5000000000000004,2.0,2.0,2.0
Rajasthan,2024,8,VANDALISM,1,-0.8660254037844385,-0.5000000000000004,1.0,1.0,1.0
Rajasthan,2024,8,VEHICLE - STOLEN,1,-0.8660254037844385,-0.5000000000000004,1.0,1.0,1.0
Tamil Nadu,2024,8,ARSON,2,-0.8660254037844385,-0.5000000000000004,2.0,2.0,2.0
Tamil Nadu,2024,8,ASSAULT,2,-0.8660254037844385,-0.5000000000000004,2.0,2.0,2.0
Tamil Nadu,2024,8,BURGLARY,3,-0.8660254037844385,-0.5000000000000004,3.0,2.0,2.3333333333333335
Tamil Nadu,2024,8,COUNTERFEITING,2,-0.8660254037844385,-0.5000000000000004,2.0,2.0,2.0
Tamil Nadu,2024,8,CYBERCRIME,2,-0.8660254037844385,-0.5000000000000004,2.0,2.0,2.0
Tamil Nadu,2024,8,DOMESTIC VIOLENCE,2,-0.8660254037844385,-0.5000000000000004,2.0,2.0,2.0
Tamil Nadu,2024,8,DRUG OFFENSE,2,-0.8660254037844385,-0.5000000000000004,2.0,2.0,2.0
Tamil Nadu,2024,8,EXTORTION,2,-0.8660254037844385,-0.5000000000000004,2.0,2.0,2.0
Tamil Nadu,2024,8,FIREARM OFFENSE,2,-0.8660254037844385,-0.5000000000000004,2.0,2.0,2.0
Tamil Nadu,2024,8,FRAUD,2,-0.8660254037844385,-0.5000000000000004,2.0,2.0,2.0
Tamil Nadu,2024,8,HOMICIDE,2,-0.8660254037844385,-0.5000000000000004,2.0,2.0,2.0
Tamil Nadu,2024,8,IDENTITY THEFT,2,-0.8660254037844385,-0.5000000000000004,2.0,2.0,2.0
Tamil Nadu,2024,8,ILLEGAL POSSESSION,2,-0.8660254037844385,-0.5000000000000004,2.0,2.0,2.0
Tamil Nadu,2024,8,KIDNAPPING,2,-0.8660254037844385,-0.5000000000000004,2.0,2.0,2.0
Tamil Nadu,2024,8,PUBLIC INTOXICATION,2,-0.8660254037844385,-0.5000000000000004,2.0,2.0,2.0
Tamil Nadu,2024,8,ROBBERY,2,-0.8660254037844385,-0.5000000000000004,2.0,2.0,2.0
Tamil Nadu,2024,8,SEXUAL ASSAULT,2,-0.8660254037844385,-0.5000000000000004,2.0,2.0,2.0
Tamil Nadu,2024,8,SHOPLIFTING,2,-0.8660254037844385,-0.5000000000000004,2.0,2.0,2.0
Tamil Nadu,2024,8,TRAFFIC VIOLATION,2,-0.8660254037844385,-0.5000000000000004,2.0,2.0,2.0
Tamil Nadu,2024,8,VANDALISM,2,-0.8660254037844385,-0.5000000000000004,2.0,2.0,2.0
Tamil Nadu,2024,8,VEHICLE - STOLEN,2,-0.8660254037844385,-0.5000000000000004,2.0,2.0,2.0
Telangana,2024,8,ARSON,3,-0.8660254037844385,-0.5000000000000004,3.0,3.0,3.0
Telangana,2024,8,ASSAULT,2,-0.8660254037844385,-0.5000000000000004,3.0,2.0,2.3333333333333335
Telangana,2024,8,BURGLARY,3,-0.8660254037844385,-0.5000000000000004,3.0,3.0,3.0
Telangana,2024,8,COUNTERFEITING,3,-0.8660254037844385,-0.5000000000000004,3.0,3.0,3.0
Telangana,2024,8,CYBERCRIME,2,-0.8660254037844385,-0.5000000000000004,2.0,2.0,2.0
Telangana,2024,8,DOMESTIC VIOLENCE,3,-0.8660254037844385,-0.5000000000000004,3.0,3.0,3.0
Telangana,2024,8,DRUG OFFENSE,3,-0.8660254037844385,-0.5000000000000004,2.0,2.0,2.3333333333333335
Telangana,2024,8,EXTORTION,2,-0.8660254037844385,-0.5000000000000004,2.0,2.0,2.3333333333333335
Telangana,2024,8,FIREARM OFFENSE,3,-0.8660254037844385,-0.5000000000000004,3.0,3.0,3.0
Telangana,2024,8,FRAUD,3,-0.8660254037844385,-0.5000000000000004,3.0,3.0,3.0
Telangana,2024,8,HOMICIDE,3,-0.8660254037844385,-0.5000000000000004,3.0,3.0,3.0
Telangana,2024,8,IDENTITY THEFT,3,-0.8660254037844385,-0.5000000000000004,3.0,3.0,3.0
Telangana,2024,8,ILLEGAL POSSESSION,3,-0.8660254037844385,-0.5000000000000004,3.0,3.0,3.0
Telangana,2024,8,KIDNAPPING,2,-0.8660254037844385,-0.5000000000000004,2.0,2.0,2.3333333333333335
Telangana,2024,8,PUBLIC INTOXICATION,3,-0.8660254037844385,-0.5000000000000004,3.0,3.0,3.0
Telangana,2024,8,ROBBERY,2,-0.8660254037844385,-0.5000000000000004,2.0,2.0,2.0
Telangana,2024,8,SEXUAL ASSAULT,3,-0.8660254037844385,-0.5000000000000004,3.0,3.0,3.0
Telangana,2024,8,SHOPLIFTING,2,-0.8660254037844385,-0.5000000000000004,2.0,2.0,2.0
Telangana,2024,8,TRAFFIC VIOLATION,3,-0.8660254037844385,-0.5000000000000004,3.0,3.0,3.0
Telangana,2024,8,VANDALISM,3,-0.8660254037844385,-0.5000000000000004,2.0,2.0,2.0
Telangana,2024,8,VEHICLE - STOLEN,3,-0.8660254037844385,-0.5000000000000004,3.0,3.0,3.0
Uttar Pradesh,2024,8,ARSON,4,-0.8660254037844385,-0.5000000000000004,4.0,4.0,4.0
Uttar Pradesh,2024,8,ASSAULT,4,-0.8660254037844385,-0.5000000000000004,4.0,4.0,4.0
Uttar Pradesh,2024,8,BURGLARY,4,-0.8660254037844385,-0.5000000000000004,4.0,4.0,4.0
Uttar Pradesh,2024,8,COUNTERFEITING,4,-0.8660254037844385,-0.5000000000000004,4.0,4.0,4.0
Uttar Pradesh,2024,8,CYBERCRIME,4,-0.8660254037844385,-0.5000000000000004,4.0,4.0,4.0
Uttar Pradesh,2024,8,DOMESTIC VIOLENCE,4,-0.8660254037844385,-0.5000000000000004,4.0,4.0,4.0
Uttar Pradesh,2024,8,DRUG OFFENSE,4,-0.8660254037844385,-0.5000000000000004,4.0,4.0,4.0
Uttar Pradesh,2024,8,EXTORTION,4,-0.8660254037844385,-0.5000000000000004,4.0,4.0,4.0
Uttar Pradesh,2024,8,FIREARM OFFENSE,4,-0.8660254037844385,-0.5000000000000004,4.0,4.0,4.0
Uttar Pradesh,2024,8,FRAUD,4,-0.8660254037844385,-0.5000000000000004,4.0,4.0,4.0
Uttar Pradesh,2024,8,HOMICIDE,4,-0.8660254037844385,-0.5000000000000004,4.0,4.0,4.0
Uttar Pradesh,2024,8,IDENTITY THEFT,4,-0.8660254037844385,-0.5000000000000004,4.0,4.0,4.0
Uttar Pradesh,2024,8,ILLEGAL POSSESSION,4,-0.8660254037844385,-0.5000000000000004,4.0,4.0,4.0
Uttar Pradesh,2024,8,KIDNAPPING,4,-0.8660254037844385,-0.5000000000000004,4.0,4.0,4.0
Uttar Pradesh,2024,8,PUBLIC INTOXICATION,4,-0.8660254037844385,-0.5000000000000004,4.0,4.0,4.0
Uttar Pradesh,2024,8,ROBBERY,4,-0.8660254037844385,-0.5000000000000004,4.0,4.0,4.0
Uttar Pradesh,2024,8,SEXUAL ASSAULT,4,-0.8660254037844385,-0.5000000000000004,4.0,4.0,4.0
Uttar Pradesh,2024,8,SHOPLIFTING,4,-0.8660254037844385,-0.5000000000000004,4.0,4.0,4.0
Uttar Pradesh,2024,8,TRAFFIC VIOLATION,4,-0.8660254037844385,-0.5000000000000004,4.0,4.0,4.0
Uttar Pradesh,2024,8,VANDALISM,4,-0.8660254037844385,-0.5000000000000004,4.0,4.0,4.0
Uttar Pradesh,2024,8,VEHICLE - STOLEN,4,-0.8660254037844385,-0.5000000000000004,4.0,4.0,4.0
West Bengal,2024,8,ARSON,2,-0.8660254037844385,-0.5000000000000004,2.0,3.0,2.6666666666666665
West Bengal,2024,8,ASSAULT,3,-0.8660254037844385,-0.5000000000000004,3.0,2.0,2.6666666666666665
West Bengal,2024,8,BURGLARY,3,-0.8660254037844385,-0.5000000000000004,3.0,3.0,3.0
West Bengal,2024,8,COUNTERFEITING,3,-0.8660254037844385,-0.5000000000000004,3.0,2.0,2.3333333333333335
West Bengal,2024,8,CYBERCRIME,2,-0.8660254037844385,-0.5000000000000004,3.0,3.0,2.6666666666666665
West Bengal,2024,8,DOMESTIC VIOLENCE,3,-0.8660254037844385,-0.5000000000000004,2.0,2.0,2.0
West Bengal,2024,8,DRUG OFFENSE,2,-0.8660254037844385,-0.5000000000000004,2.0,2.0,2.0
West Bengal,2024,8,EXTORTION,2,-0.8660254037844385,-0.5000000000000004,2.0,2.0,2.0
West Bengal,2024,8,FIREARM OFFENSE,2,-0.8660254037844385,-0.5000000000000004,2.0,2.0,2.0
West Bengal,2024,8,FRAUD,2,-0.8660254037844385,-0.5000000000000004,2.0,2.0,2.0
West Bengal,2024,8,HOMICIDE,2,-0.8660254037844385,-0.5000000000000004,2.0,2.0,2.0
West Bengal,2024,8,IDENTITY THEFT,2,-0.8660254037844385,-0.5000000000000004,2.0,2.0,2.0
West Bengal,2024,8,ILLEGAL POSSESSION,3,-0.8660254037844385,-0.5000000000000004,3.0,2.0,2.6666666666666665
West Bengal,2024,8,KIDNAPPING,3,-0.8660254037844385,-0.5000000000000004,3.0,2.0,2.3333333333333335
West Bengal,2024,8,PUBLIC INTOXICATION,3,-0.8660254037844385,-0.5000000000000004,2.0,2.0,2.0
West Bengal,2024,8,ROBBERY,2,-0.8660254037844385,-0.5000000000000004,2.0,2.0,2.0
West Bengal,2024,8,SEXUAL ASSAULT,2,-0.8660254037844385,-0.5000000000000004,2.0,2.0,2.0
West Bengal,2024,8,SHOPLIFTING,2,-0.8660254037844385,-0.5000000000000004,2.0,2.0,2.0
West Bengal,2024,8,TRAFFIC VIOLATION,3,-0.8660254037844385,-0.5000000000000004,3.0,3.0,3.0
West Bengal,2024,8,VANDALISM,2,-0.8660254037844385,-0.5000000000000004,2.0,2.0,2.0
West Bengal,2024,8,VEHICLE - STOLEN,2,-0.8660254037844385,-0.5000000000000004,2.0,2.0,2.0
Andhra Pradesh,2024,9,ARSON,1,-1.0,-1.8369701987210297e-16,1.0,1.0,1.0
Andhra Pradesh,2024,9,ASSAULT,1,-1.0,-1.8369701987210297e-16,1.0,1.0,1.0
Andhra Pradesh,2024,9,BURGLARY,1,-1.0,-1.8369701987210297e-16,1.0,1.0,1.0
Andhra Pradesh,2024,9,COUNTERFEITING,1,-1.0,-1.8369701987210297e-16,1.0,1.0,1.0
Andhra Pradesh,2024,9,CYBERCRIME,1,-1.0,-1.8369701987210297e-16,1.0,1.0,1.0
Andhra Pradesh,2024,9,DOMESTIC VIOLENCE,1,-1.0,-1.8369701987210297e-16,1.0,1.0,1.0
Andhra Pradesh,2024,9,DRUG OFFENSE,1,-1.0,-1.8369701987210297e-16,1.0,1.0,1.0
Andhra Pradesh,2024,9,EXTORTION,1,-1.0,-1.8369701987210297e-16,1.0,1.0,1.0
Andhra Pradesh,2024,9,FIREARM OFFENSE,1,-1.0,-1.8369701987210297e-16,1.0,1.0,1.0
Andhra Pradesh,2024,9,FRAUD,1,-1.0,-1.8369701987210297e-16,1.0,1.0,1.0
Andhra Pradesh,2024,9,HOMICIDE,1,-1.0,-1.8369701987210297e-16,1.0,1.0,1.0
Andhra Pradesh,2024,9,IDENTITY THEFT,1,-1.0,-1.8369701987210297e-16,1.0,1.0,1.0
Andhra Pradesh,2024,9,ILLEGAL POSSESSION,1,-1.0,-1.8369701987210297e-16,1.0,1.0,1.0
Andhra Pradesh,2024,9,KIDNAPPING,1,-1.0,-1.8369701987210297e-16,1.0,1.0,1.0
Andhra Pradesh,2024,9,PUBLIC INTOXICATION,1,-1.0,-1.8369701987210297e-16,1.0,1.0,1.0
Andhra Pradesh,2024,9,ROBBERY,1,-1.0,-1.8369701987210297e-16,1.0,1.0,1.0
Andhra Pradesh,2024,9,SEXUAL ASSAULT,1,-1.0,-1.8369701987210297e-16,1.0,1.0,1.0
Andhra Pradesh,2024,9,SHOPLIFTING,1,-1.0,-1.8369701987210297e-16,1.0,1.0,1.0
Andhra Pradesh,2024,9,TRAFFIC VIOLATION,1,-1.0,-1.8369701987210297e-16,1.0,1.0,1.0
Andhra Pradesh,2024,9,VANDALISM,1,-1.0,-1.8369701987210297e-16,1.0,1.0,1.0
Andhra Pradesh,2024,9,VEHICLE - STOLEN,1,-1.0,-1.8369701987210297e-16,1.0,1.0,1.0
Bihar,2024,9,ARSON,1,-1.0,-1.8369701987210297e-16,1.0,1.0,1.0
Bihar,2024,9,ASSAULT,1,-1.0,-1.8369701987210297e-16,1.0,1.0,1.0
Bihar,2024,9,BURGLARY,1,-1.0,-1.8369701987210297e-16,1.0,1.0,1.0
Bihar,2024,9,COUNTERFEITING,1,-1.0,-1.8369701987210297e-16,1.0,1.0,1.0
Bihar,2024,9,CYBERCRIME,1,-1.0,-1.8369701987210297e-16,1.0,1.0,1.0
Bihar,2024,9,DOMESTIC VIOLENCE,1,-1.0,-1.8369701987210297e-16,1.0,1.0,1.0
Bihar,2024,9,DRUG OFFENSE,1,-1.0,-1.8369701987210297e-16,1.0,1.0,1.0
Bihar,2024,9,EXTORTION,1,-1.0,-1.8369701987210297e-16,1.0,1.0,1.0
Bihar,2024,9,FIREARM OFFENSE,1,-1.0,-1.8369701987210297e-16,1.0,1.0,1.0
Bihar,2024,9,FRAUD,1,-1.0,-1.8369701987210297e-16,1.0,1.0,1.0
Bihar,2024,9,HOMICIDE,1,-1.0,-1.8369701987210297e-16,1.0,1.0,1.0
Bihar,2024,9,IDENTITY THEFT,1,-1.0,-1.8369701987210297e-16,1.0,1.0,1.0
Bihar,2024,9,ILLEGAL POSSESSION,1,-1.0,-1.8369701987210297e-16,1.0,1.0,1.0
Bihar,2024,9,KIDNAPPING,1,-1.0,-1.8369701987210297e-16,1.0,1.0,1.0
Bihar,2024,9,PUBLIC INTOXICATION,1,-1.0,-1.8369701987210297e-16,1.0,1.0,1.0
Bihar,2024,9,ROBBERY,1,-1.0,-1.8369701987210297e-16,1.0,1.0,1.0
Bihar,2024,9,SEXUAL ASSAULT,1,-1.0,-1.8369701987210297e-16,1.0,1.0,1.0
Bihar,2024,9,SHOPLIFTING,1,-1.0,-1.8369701987210297e-16,1.0,1.0,1.0
Bihar,2024,9,TRAFFIC VIOLATION,1,-1.0,-1.8369701987210297e-16,1.0,1.0,1.0
Bihar,2024,9,VANDALISM,1,-1.0,-1.8369701987210297e-16,1.0,1.0,1.0
Bihar,2024,9,VEHICLE - STOLEN,1,-1.0,-1.8369701987210297e-16,1.0,1.0,1.0
Delhi,2024,9,ARSON,4,-1.0,-1.8369701987210297e-16,4.0,4.0,4.0
Delhi,2024,9,ASSAULT,4,-1.0,-1.8369701987210297e-16,4.0,4.0,4.0
Delhi,2024,9,BURGLARY,4,-1.0,-1.8369701987210297e-16,4.0,4.0,4.0
Delhi,2024,9,COUNTERFEITING,4,-1.0,-1.8369701987210297e-16,4.0,4.0,4.0
Delhi,2024,9,CYBERCRIME,4,-1.0,-1.8369701987210297e-16,4.0,4.0,4.0
Delhi,2024,9,DOMESTIC VIOLENCE,4,-1.0,-1.8369701987210297e-16,4.0,4.0,4.0
Delhi,2024,9,DRUG OFFENSE,4,-1.0,-1.8369701987210297e-16,4.0,4.0,4.0
Delhi,2024,9,EXTORTION,4,-1.0,-1.8369701987210297e-16,4.0,4.0,4.0
Delhi,2024,9,FIREARM OFFENSE,4,-1.0,-1.8369701987210297e-16,5.0,4.0,4.666666666666667
Delhi,2024,9,FRAUD,4,-1.0,-1.8369701987210297e-16,4.0,4.0,4.0
Delhi,2024,9,HOMICIDE,4,-1.0,-1.8369701987210297e-16,4.0,4.0,4.0
Delhi,2024,9,IDENTITY THEFT,4,-1.0,-1.8369701987210297e-16,4.0,4.0,4.0
Delhi,2024,9,ILLEGAL POSSESSION,4,-1.0,-1.8369701987210297e-16,4.0,4.0,4.0
Delhi,2024,9,KIDNAPPING,4,-1.0,-1.8369701987210297e-16,4.0,4.0,4.0
Delhi,2024,9,PUBLIC INTOXICATION,4,-1.0,-1.8369701987210297e-16,4.0,4.0,4.0
Delhi,2024,9,ROBBERY,4,-1.0,-1.8369701987210297e-16,4.0,4.0,4.0
Delhi,2024,9,SEXUAL ASSAULT,4,-1.0,-1.8369701987210297e-16,4.0,4.0,4.0
Delhi,2024,9,SHOPLIFTING,4,-1.0,-1.8369701987210297e-16,4.0,4.0,4.0
Delhi,2024,9,TRAFFIC VIOLATION,4,-1.0,-1.8369701987210297e-16,4.0,4.0,4.0
Delhi,2024,9,VANDALISM,4,-1.0,-1.8369701987210297e-16,4.0,4.0,4.0
Delhi,2024,9,VEHICLE - STOLEN,4,-1.0,-1.8369701987210297e-16,4.0,4.0,4.0
Gujarat,2024,9,ARSON,3,-1.0,-1.8369701987210297e-16,3.0,3.0,3.0
Gujarat,2024,9,ASSAULT,3,-1.0,-1.8369701987210297e-16,3.0,3.0,3.0
Gujarat,2024,9,BURGLARY,3,-1.0,-1.8369701987210297e-16,3.0,3.0,3.0
Gujarat,2024,9,COUNTERFEITING,3,-1.0,-1.8369701987210297e-16,3.0,3.0,3.0
Gujarat,2024,9,CYBERCRIME,3,-1.0,-1.8369701987210297e-16,3.0,3.0,3.0
Gujarat,2024,9,DOMESTIC VIOLENCE,3,-1.0,-1.8369701987210297e-16,3.0,3.0,3.0
Gujarat,2024,9,DRUG OFFENSE,3,-1.0,-1.8369701987210297e-16,3.0,3.0,3.0
Gujarat,2024,9,EXTORTION,3,-1.0,-1.8369701987210297e-16,3.0,3.0,3.0
Gujarat,2024,9,FIREARM OFFENSE,3,-1.0,-1.8369701987210297e-16,3.0,3.0,3.0
Gujarat,2024,9,FRAUD,3,-1.0,-1.8369701987210297e-16,3.0,3.0,3.0
Gujarat,2024,9,HOMICIDE,3,-1.0,-1.8369701987210297e-16,3.0,3.0,3.0
Gujarat,2024,9,IDENTITY THEFT,3,-1.0,-1.8369701987210297e-16,3.0,3.0,3.0
Gujarat,2024,9,ILLEGAL POSSESSION,3,-1.0,-1.8369701987210297e-16,3.0,3.0,3.0
Gujarat,2024,9,KIDNAPPING,3,-1.0,-1.8369701987210297e-16,3.0,3.0,3.0
Gujarat,2024,9,PUBLIC INTOXICATION,3,-1.0,-1.8369701987210297e-16,3.0,3.0,3.0
Gujarat,2024,9,ROBBERY,3,-1.0,-1.8369701987210297e-16,3.0,3.0,3.0
Gujarat,2024,9,SEXUAL ASSAULT,3,-1.0,-1.8369701987210297e-16,3.0,3.0,3.0
Gujarat,2024,9,SHOPLIFTING,3,-1.0,-1.8369701987210297e-16,3.0,3.0,3.0
Gujarat,2024,9,TRAFFIC VIOLATION,3,-1.0,-1.8369701987210297e-16,3.0,3.0,3.0
Gujarat,2024,9,VANDALISM,3,-1.0,-1.8369701987210297e-16,3.0,3.0,3.0
Gujarat,2024,9,VEHICLE - STOLEN,2,-1.0,-1.8369701987210297e-16,2.0,3.0,2.6666666666666665
Haryana,2024,9,ARSON,1,-1.0,-1.8369701987210297e-16,1.0,1.0,1.0
Haryana,2024,9,ASSAULT,1,-1.0,-1.8369701987210297e-16,1.0,1.0,1.0
Haryana,2024,9,BURGLARY,1,-1.0,-1.8369701987210297e-16,1.0,1.0,1.0
Haryana,2024,9,COUNTERFEITING,1,-1.0,-1.8369701987210297e-16,1.0,1.0,1.0
Haryana,2024,9,CYBERCRIME,1,-1.0,-1.8369701987210297e-16,1.0,1.0,1.0
Haryana,2024,9,DOMESTIC VIOLENCE,1,-1.0,-1.8369701987210297e-16,1.0,1.0,1.0
Haryana,2024,9,DRUG OFFENSE,1,-1.0,-1.8369701987210297e-16,1.0,1.0,1.0
Haryana,2024,9,EXTORTION,1,-1.0,-1.8369701987210297e-16,1.0,1.0,1.0
Haryana,2024,9,FIREARM OFFENSE,1,-1.0,-1.8369701987210297e-16,1.0,1.0,1.0
Haryana,2024,9,FRAUD,1,-1.0,-1.8369701987210297e-16,1.0,1.0,1.0
Haryana,2024,9,HOMICIDE,1,-1.0,-1.8369701987210297e-16,1.0,1.0,1.0
Haryana,2024,9,IDENTITY THEFT,1,-1.0,-1.8369701987210297e-16,1.0,1.0,1.0
Haryana,2024,9,ILLEGAL POSSESSION,1,-1.0,-1.8369701987210297e-16,1.0,1.0,1.0
Haryana,2024,9,KIDNAPPING,1,-1.0,-1.8369701987210297e-16,1.0,1.0,1.0
Haryana,2024,9,PUBLIC INTOXICATION,1,-1.0,-1.8369701987210297e-16,1.0,1.0,1.0
Haryana,2024,9,ROBBERY,1,-1.0,-1.8369701987210297e-16,1.0,1.0,1.0
Haryana,2024,9,SEXUAL ASSAULT,1,-1.0,-1.8369701987210297e-16,1.0,1.0,1.0
Haryana,2024,9,SHOPLIFTING,1,-1.0,-1.8369701987210297e-16,1.0,1.0,1.0
Haryana,2024,9,TRAFFIC VIOLATION,1,-1.0,-1.8369701987210297e-16,1.0,1.0,1.0
Haryana,2024,9,VANDALISM,1,-1.0,-1.8369701987210297e-16,1.0,1.0,1.0
Haryana,2024,9,VEHICLE - STOLEN,1,-1.0,-1.8369701987210297e-16,1.0,1.0,1.0
Jammu and Kashmir,2024,9,ARSON,1,-1.0,-1.8369701987210297e-16,1.0,1.0,1.0
Jammu and Kashmir,2024,9,ASSAULT,1,-1.0,-1.8369701987210297e-16,1.0,1.0,1.0
Jammu and Kashmir,2024,9,BURGLARY,1,-1.0,-1.8369701987210297e-16,1.0,1.0,1.0
Jammu and Kashmir,2024,9,COUNTERFEITING,1,-1.0,-1.8369701987210297e-16,1.0,1.0,1.0
Jammu and Kashmir,2024,9,CYBERCRIME,1,-1.0,-1.8369701987210297e-16,1.0,1.0,1.0
Jammu and Kashmir,2024,9,DOMESTIC VIOLENCE,1,-1.0,-1.8369701987210297e-16,1.0,1.0,1.0
Jammu and Kashmir,2024,9,DRUG OFFENSE,1,-1.0,-1.8369701987210297e-16,1.0,1.0,1.0
Jammu and Kashmir,2024,9,EXTORTION,1,-1.0,-1.8369701987210297e-16,1.0,1.0,1.0
Jammu and Kashmir,2024,9,FIREARM OFFENSE,1,-1.0,-1.8369701987210297e-16,1.0,1.0,1.0
Jammu and Kashmir,2024,9,FRAUD,1,-1.0,-1.8369701987210297e-16,1.0,1.0,1.0
Jammu and Kashmir,2024,9,HOMICIDE,1,-1.0,-1.8369701987210297e-16,1.0,1.0,1.0
Jammu and Kashmir,2024,9,IDENTITY THEFT,1,-1.0,-1.8369701987210297e-16,1.0,1.0,1.0
Jammu and Kashmir,2024,9,ILLEGAL POSSESSION,1,-1.0,-1.8369701987210297e-16,1.0,1.0,1.0
Jammu and Kashmir,2024,9,KIDNAPPING,1,-1.0,-1.8369701987210297e-16,1.0,1.0,1.0
Jammu and Kashmir,2024,9,PUBLIC INTOXICATION,1,-1.0,-1.8369701987210297e-16,1.0,1.0,1.0
Jammu and Kashmir,2024,9,ROBBERY,1,-1.0,-1.8369701987210297e-16,1.0,1.0,1.0
Jammu and Kashmir,2024,9,SEXUAL ASSAULT,1,-1.0,-1.8369701987210297e-16,1.0,1.0,1.0
Jammu and Kashmir,2024,9,SHOPLIFTING,1,-1.0,-1.8369701987210297e-16,1.0,1.0,1.0
Jammu and Kashmir,2024,9,TRAFFIC VIOLATION,1,-1.0,-1.8369701987210297e-16,1.0,1.0,1.0
Jammu and Kashmir,2024,9,VANDALISM,1,-1.0,-1.8369701987210297e-16,1.0,1.0,1.0
Jammu and Kashmir,2024,9,VEHICLE - STOLEN,1,-1.0,-1.8369701987210297e-16,1.0,1.0,1.0
Karnataka,2024,9,ARSON,3,-1.0,-1.8369701987210297e-16,3.0,3.0,3.0
Karnataka,2024,9,ASSAULT,3,-1.0,-1.8369701987210297e-16,3.0,3.0,3.0
Karnataka,2024,9,BURGLARY,3,-1.0,-1.8369701987210297e-16,3.0,3.0,3.0
Karnataka,2024,9,COUNTERFEITING,3,-1.0,-1.8369701987210297e-16,3.0,3.0,3.0
Karnataka,2024,9,CYBERCRIME,3,-1.0,-1.8369701987210297e-16,3.0,3.0,3.0
Karnataka,2024,9,DOMESTIC VIOLENCE,3,-1.0,-1.8369701987210297e-16,3.0,3.0,3.0
Karnataka,2024,9,DRUG OFFENSE,3,-1.0,-1.8369701987210297e-16,3.0,3.0,3.0
Karnataka,2024,9,EXTORTION,3,-1.0,-1.8369701987210297e-16,3.0,3.0,3.0
Karnataka,2024,9,FIREARM OFFENSE,3,-1.0,-1.8369701987210297e-16,3.0,3.0,3.0
Karnataka,2024,9,FRAUD,3,-1.0,-1.8369701987210297e-16,3.0,3.0,3.0
Karnataka,2024,9,HOMICIDE,3,-1.0,-1.8369701987210297e-16,3.0,3.0,3.0
Karnataka,2024,9,IDENTITY THEFT,3,-1.0,-1.8369701987210297e-16,3.0,3.0,3.0
Karnataka,2024,9,ILLEGAL POSSESSION,3,-1.0,-1.8369701987210297e-16,3.0,3.0,3.0
Karnataka,2024,9,KIDNAPPING,3,-1.0,-1.8369701987210297e-16,3.0,3.0,3.0
Karnataka,2024,9,PUBLIC INTOXICATION,3,-1.0,-1.8369701987210297e-16,3.0,3.0,3.0
Karnataka,2024,9,ROBBERY,3,-1.0,-1.8369701987210297e-16,3.0,3.0,3.0
Karnataka,2024,9,SEXUAL ASSAULT,3,-1.0,-1.8369701987210297e-16,3.0,3.0,3.0
Karnataka,2024,9,SHOPLIFTING,3,-1.0,-1.8369701987210297e-16,3.0,3.0,3.0
Karnataka,2024,9,TRAFFIC VIOLATION,3,-1.0,-1.8369701987210297e-16,3.0,3.0,3.0
Karnataka,2024,9,VANDALISM,3,-1.0,-1.8369701987210297e-16,3.0,3.0,3.0
Karnataka,2024,9,VEHICLE - STOLEN,3,-1.0,-1.8369701987210297e-16,3.0,3.0,3.0
Madhya Pradesh,2024,9,ARSON,1,-1.0,-1.8369701987210297e-16,1.0,1.0,1.0
Madhya Pradesh,2024,9,ASSAULT,2,-1.0,-1.8369701987210297e-16,2.0,2.0,2.0
Madhya Pradesh,2024,9,BURGLARY,1,-1.0,-1.8369701987210297e-16,1.0,1.0,1.0
Madhya Pradesh,2024,9,COUNTERFEITING,1,-1.0,-1.8369701987210297e-16,1.0,1.0,1.0
Madhya Pradesh,2024,9,CYBERCRIME,1,-1.0,-1.8369701987210297e-16,1.0,1.0,1.0
Madhya Pradesh,2024,9,DOMESTIC VIOLENCE,1,-1.0,-1.8369701987210297e-16,1.0,1.0,1.0
Madhya Pradesh,2024,9,DRUG OFFENSE,1,-1.0,-1.8369701987210297e-16,1.0,1.0,1.0
Madhya Pradesh,2024,9,EXTORTION,1,-1.0,-1.8369701987210297e-16,1.0,1.0,1.0
Madhya Pradesh,2024,9,FIREARM OFFENSE,1,-1.0,-1.8369701987210297e-16,1.0,1.0,1.0
Madhya Pradesh,2024,9,FRAUD,1,-1.0,-1.8369701987210297e-16,1.0,1.0,1.0
Madhya Pradesh,2024,9,HOMICIDE,1,-1.0,-1.8369701987210297e-16,1.0,1.0,1.0
Madhya Pradesh,2024,9,IDENTITY THEFT,1,-1.0,-1.8369701987210297e-16,1.0,1.0,1.0
Madhya Pradesh,2024,9,ILLEGAL POSSESSION,1,-1.0,-1.8369701987210297e-16,1.0,1.0,1.0
Madhya Pradesh,2024,9,KIDNAPPING,1,-1.0,-1.8369701987210297e-16,1.0,1.0,1.0
Madhya Pradesh,2024,9,PUBLIC INTOXICATION,1,-1.0,-1.8369701987210297e-16,1.0,1.0,1.0
Madhya Pradesh,2024,9,ROBBERY,2,-1.0,-1.8369701987210297e-16,2.0,1.0,1.3333333333333333
Madhya Pradesh,2024,9,SEXUAL ASSAULT,1,-1.0,-1.8369701987210297e-16,1.0,1.0,1.0
Madhya Pradesh,2024,9,SHOPLIFTING,1,-1.0,-1.8369701987210297e-16,1.0,1.0,1.0
Madhya Pradesh,2024,9,TRAFFIC VIOLATION,2,-1.0,-1.8369701987210297e-16,2.0,1.0,1.6666666666666667
Madhya Pradesh,2024,9,VANDALISM,1,-1.0,-1.8369701987210297e-16,1.0,1.0,1.0
Madhya Pradesh,2024,9,VEHICLE - STOLEN,1,-1.0,-1.8369701987210297e-16,1.0,1.0,1.0
Maharashtra,2024,9,ARSON,8,-1.0,-1.8369701987210297e-16,8.0,9.0,8.666666666666666
Maharashtra,2024,9,ASSAULT,8,-1.0,-1.8369701987210297e-16,8.0,8.0,8.0
Maharashtra,2024,9,BURGLARY,9,-1.0,-1.8369701987210297e-16,9.0,9.0,9.0
Maharashtra,2024,9,COUNTERFEITING,8,-1.0,-1.8369701987210297e-16,8.0,8.0,8.0
Maharashtra,2024,9,CYBERCRIME,8,-1.0,-1.8369701987210297e-16,8.0,9.0,8.666666666666666
Maharashtra,2024,9,DOMESTIC VIOLENCE,8,-1.0,-1.8369701987210297e-16,9.0,9.0,9.0
Maharashtra,2024,9,DRUG OFFENSE,9,-1.0,-1.8369701987210297e-16,9.0,9.0,9.0
Maharashtra,2024,9,EXTORTION,8,-1.0,-1.8369701987210297e-16,8.0,9.0,8.333333333333334
Maharashtra,2024,9,FIREARM OFFENSE,7,-1.0,-1.8369701987210297e-16,8.0,8.0,8.0
Maharashtra,2024,9,FRAUD,8,-1.0,-1.8369701987210297e-16,8.0,9.0,8.333333333333334
Maharashtra,2024,9,HOMICIDE,8,-1.0,-1.8369701987210297e-16,8.0,8.0,8.0
Maharashtra,2024,9,IDENTITY THEFT,8,-1.0,-1.8369701987210297e-16,8.0,8.0,8.0
Maharashtra,2024,9,ILLEGAL POSSESSION,8,-1.0,-1.8369701987210297e-16,8.0,9.0,8.666666666666666
Maharashtra,2024,9,KIDNAPPING,8,-1.0,-1.8369701987210297e-16,8.0,8.0,8.0
Maharashtra,2024,9,PUBLIC INTOXICATION,8,-1.0,-1.8369701987210297e-16,8.0,9.0,8.666666666666666
Maharashtra,2024,9,ROBBERY,8,-1.0,-1.8369701987210297e-16,8.0,8.0,8.0
Maharashtra,2024,9,SEXUAL ASSAULT,8,-1.0,-1.8369701987210297e-16,8.0,9.0,8.666666666666666
Maharashtra,2024,9,SHOPLIFTING,9,-1.0,-1.8369701987210297e-16,9.0,9.0,9.0
Maharashtra,2024,9,TRAFFIC VIOLATION,8,-1.0,-1.8369701987210297e-16,8.0,9.0,8.333333333333334
Maharashtra,2024,9,VANDALISM,8,-1.0,-1.8369701987210297e-16,8.0,9.0,8.333333333333334
Maharashtra,2024,9,VEHICLE - STOLEN,8,-1.0,-1.8369701987210297e-16,8.0,9.0,8.666666666666666
Punjab,2024,9,ARSON,1,-1.0,-1.8369701987210297e-16,1.0,1.0,1.0
Punjab,2024,9,ASSAULT,2,-1.0,-1.8369701987210297e-16,1.0,1.0,1.0
Punjab,2024,9,BURGLARY,1,-1.0,-1.8369701987210297e-16,1.0,1.0,1.0
Punjab,2024,9,COUNTERFEITING,1,-1.0,-1.8369701987210297e-16,1.0,1.0,1.0
Punjab,2024,9,CYBERCRIME,1,-1.0,-1.8369701987210297e-16,1.0,1.0,1.0
Punjab,2024,9,DOMESTIC VIOLENCE,1,-1.0,-1.8369701987210297e-16,1.0,1.0,1.0
Punjab,2024,9,DRUG OFFENSE,1,-1.0,-1.8369701987210297e-16,1.0,1.0,1.0
Punjab,2024,9,EXTORTION,1,-1.0,-1.8369701987210297e-16,1.0,1.0,1.0
Punjab,2024,9,FIREARM OFFENSE,1,-1.0,-1.8369701987210297e-16,1.0,1.0,1.0
Punjab,2024,9,FRAUD,1,-1.0,-1.8369701987210297e-16,1.0,1.0,1.0
Punjab,2024,9,HOMICIDE,1,-1.0,-1.8369701987210297e-16,1.0,1.0,1.0
Punjab,2024,9,IDENTITY THEFT,1,-1.0,-1.8369701987210297e-16,1.0,1.0,1.0
Punjab,2024,9,ILLEGAL POSSESSION,1,-1.0,-1.8369701987210297e-16,1.0,1.0,1.0
Punjab,2024,9,KIDNAPPING,1,-1.0,-1.8369701987210297e-16,1.0,1.0,1.0
Punjab,2024,9,PUBLIC INTOXICATION,1,-1.0,-1.8369701987210297e-16,1.0,1.0,1.0
Punjab,2024,9,ROBBERY,2,-1.0,-1.8369701987210297e-16,2.0,1.0,1.3333333333333333
Punjab,2024,9,SEXUAL ASSAULT,1,-1.0,-1.8369701987210297e-16,1.0,1.0,1.0
Punjab,2024,9,SHOPLIFTING,1,-1.0,-1.8369701987210297e-16,1.0,1.0,1.0
Punjab,2024,9,TRAFFIC VIOLATION,1,-1.0,-1.8369701987210297e-16,1.0,1.0,1.0
Punjab,2024,9,VANDALISM,1,-1.0,-1.8369701987210297e-16,1.0,1.0,1.0
Punjab,2024,9,VEHICLE - STOLEN,1,-1.0,-1.8369701987210297e-16,1.0,1.0,1.0
Rajasthan,2024,9,ARSON,1,-1.0,-1.8369701987210297e-16,1.0,1.0,1.0
Rajasthan,2024,9,ASSAULT,2,-1.0,-1.8369701987210297e-16,2.0,1.0,1.6666666666666667
Rajasthan,2024,9,BURGLARY,1,-1.0,-1.8369701987210297e-16,1.0,1.0,1.0
Rajasthan,2024,9,COUNTERFEITING,1,-1.0,-1.8369701987210297e-16,1.0,1.0,1.0
Rajasthan,2024,9,CYBERCRIME,1,-1.0,-1.8369701987210297e-16,1.0,1.0,1.0
Rajasthan,2024,9,DOMESTIC VIOLENCE,1,-1.0,-1.8369701987210297e-16,1.0,1.0,1.0
Rajasthan,2024,9,DRUG OFFENSE,1,-1.0,-1.8369701987210297e-16,1.0,1.0,1.0
Rajasthan,2024,9,EXTORTION,1,-1.0,-1.8369701987210297e-16,1.0,1.0,1.0
Rajasthan,2024,9,FIREARM OFFENSE,1,-1.0,-1.8369701987210297e-16,1.0,1.0,1.0
Rajasthan,2024,9,FRAUD,1,-1.0,-1.8369701987210297e-16,1.0,1.0,1.0
Rajasthan,2024,9,HOMICIDE,1,-1.0,-1.8369701987210297e-16,1.0,1.0,1.0
Rajasthan,2024,9,IDENTITY THEFT,1,-1.0,-1.8369701987210297e-16,1.0,1.0,1.0
Rajasthan,2024,9,ILLEGAL POSSESSION,1,-1.0,-1.8369701987210297e-16,1.0,1.0,1.0
Rajasthan,2024,9,KIDNAPPING,1,-1.0,-1.8369701987210297e-16,1.0,1.0,1.0
Rajasthan,2024,9,PUBLIC INTOXICATION,1,-1.0,-1.8369701987210297e-16,1.0,1.0,1.0
Rajasthan,2024,9,ROBBERY,2,-1.0,-1.8369701987210297e-16,2.0,1.0,1.3333333333333333
Rajasthan,2024,9,SEXUAL ASSAULT,1,-1.0,-1.8369701987210297e-16,1.0,1.0,1.0
Rajasthan,2024,9,SHOPLIFTING,1,-1.0,-1.8369701987210297e-16,1.0,1.0,1.0
Rajasthan,2024,9,TRAFFIC VIOLATION,2,-1.0,-1.8369701987210297e-16,2.0,2.0,2.0
Rajasthan,2024,9,VANDALISM,1,-1.0,-1.8369701987210297e-16,1.0,1.0,1.0
Rajasthan,2024,9,VEHICLE - STOLEN,1,-1.0,-1.8369701987210297e-16,1.0,1.0,1.0
Tamil Nadu,2024,9,ARSON,2,-1.0,-1.8369701987210297e-16,2.0,2.0,2.0
Tamil Nadu,2024,9,ASSAULT,2,-1.0,-1.8369701987210297e-16,2.0,2.0,2.0
Tamil Nadu,2024,9,BURGLARY,3,-1.0,-1.8369701987210297e-16,3.0,2.0,2.6666666666666665
Tamil Nadu,2024,9,COUNTERFEITING,2,-1.0,-1.8369701987210297e-16,2.0,2.0,2.0
Tamil Nadu,2024,9,CYBERCRIME,2,-1.0,-1.8369701987210297e-16,2.0,2.0,2.0
Tamil Nadu,2024,9,DOMESTIC VIOLENCE,2,-1.0,-1.8369701987210297e-16,2.0,2.0,2.0
Tamil Nadu,2024,9,DRUG OFFENSE,2,-1.0,-1.8369701987210297e-16,2.0,2.0,2.0
Tamil Nadu,2024,9,EXTORTION,2,-1.0,-1.8369701987210297e-16,2.0,2.0,2.0
Tamil Nadu,2024,9,FIREARM OFFENSE,2,-1.0,-1.8369701987210297e-16,2.0,2.0,2.0
Tamil Nadu,2024,9,FRAUD,2,-1.0,-1.8369701987210297e-16,2.0,2.0,2.0
Tamil Nadu,2024,9,HOMICIDE,2,-1.0,-1.8369701987210297e-16,2.0,2.0,2.0
Tamil Nadu,2024,9,IDENTITY THEFT,2,-1.0,-1.8369701987210297e-16,2.0,2.0,2.0
Tamil Nadu,2024,9,ILLEGAL POSSESSION,2,-1.0,-1.8369701987210297e-16,2.0,2.0,2.0
Tamil Nadu,2024,9,KIDNAPPING,2,-1.0,-1.8369701987210297e-16,2.0,2.0,2.0
Tamil Nadu,2024,9,PUBLIC INTOXICATION,2,-1.0,-1.8369701987210297e-16,2.0,2.0,2.0
Tamil Nadu,2024,9,ROBBERY,2,-1.0,-1.8369701987210297e-16,2.0,2.0,2.0
Tamil Nadu,2024,9,SEXUAL ASSAULT,2,-1.0,-1.8369701987210297e-16,2.0,2.0,2.0
Tamil Nadu,2024,9,SHOPLIFTING,2,-1.0,-1.8369701987210297e-16,2.0,2.0,2.0
Tamil Nadu,2024,9,TRAFFIC VIOLATION,2,-1.0,-1.8369701987210297e-16,2.0,2.0,2.0
Tamil Nadu,2024,9,VANDALISM,2,-1.0,-1.8369701987210297e-16,2.0,2.0,2.0
Tamil Nadu,2024,9,VEHICLE - STOLEN,2,-1.0,-1.8369701987210297e-16,2.0,2.0,2.0
Telangana,2024,9,ARSON,3,-1.0,-1.8369701987210297e-16,3.0,3.0,3.0
Telangana,2024,9,ASSAULT,2,-1.0,-1.8369701987210297e-16,2.0,2.0,2.3333333333333335
Telangana,2024,9,BURGLARY,3,-1.0,-1.8369701987210297e-16,3.0,3.0,3.0
Telangana,2024,9,COUNTERFEITING,3,-1.0,-1.8369701987210297e-16,3.0,3.0,3.0
Telangana,2024,9,CYBERCRIME,2,-1.0,-1.8369701987210297e-16,2.0,2.0,2.0
Telangana,2024,9,DOMESTIC VIOLENCE,3,-1.0,-1.8369701987210297e-16,3.0,3.0,3.0
Telangana,2024,9,DRUG OFFENSE,2,-1.0,-1.8369701987210297e-16,3.0,3.0,2.6666666666666665
Telangana,2024,9,EXTORTION,2,-1.0,-1.8369701987210297e-16,2.0,3.0,2.3333333333333335
Telangana,2024,9,FIREARM OFFENSE,3,-1.0,-1.8369701987210297e-16,3.0,3.0,3.0
Telangana,2024,9,FRAUD,3,-1.0,-1.8369701987210297e-16,3.0,3.0,3.0
Telangana,2024,9,HOMICIDE,3,-1.0,-1.8369701987210297e-16,3.0,3.0,3.0
Telangana,2024,9,IDENTITY THEFT,3,-1.0,-1.8369701987210297e-16,3.0,3.0,3.0
Telangana,2024,9,ILLEGAL POSSESSION,3,-1.0,-1.8369701987210297e-16,3.0,3.0,3.0
Telangana,2024,9,KIDNAPPING,2,-1.0,-1.8369701987210297e-16,2.0,3.0,2.3333333333333335
Telangana,2024,9,PUBLIC INTOXICATION,3,-1.0,-1.8369701987210297e-16,3.0,3.0,3.0
Telangana,2024,9,ROBBERY,2,-1.0,-1.8369701987210297e-16,2.0,2.0,2.0
Telangana,2024,9,SEXUAL ASSAULT,2,-1.0,-1.8369701987210297e-16,3.0,3.0,3.0
Telangana,2024,9,SHOPLIFTING,2,-1.0,-1.8369701987210297e-16,2.0,2.0,2.0
Telangana,2024,9,TRAFFIC VIOLATION,3,-1.0,-1.8369701987210297e-16,3.0,3.0,3.0
Telangana,2024,9,VANDALISM,2,-1.0,-1.8369701987210297e-16,3.0,2.0,2.3333333333333335
Telangana,2024,9,VEHICLE - STOLEN,3,-1.0,-1.8369701987210297e-16,3.0,3.0,3.0
Uttar Pradesh,2024,9,ARSON,4,-1.0,-1.8369701987210297e-16,4.0,4.0,4.0
Uttar Pradesh,2024,9,ASSAULT,4,-1.0,-1.8369701987210297e-16,4.0,4.0,4.0
Uttar Pradesh,2024,9,BURGLARY,4,-1.0,-1.8369701987210297e-16,4.0,4.0,4.0
Uttar Pradesh,2024,9,COUNTERFEITING,4,-1.0,-1.8369701987210297e-16,4.0,4.0,4.0
Uttar Pradesh,2024,9,CYBERCRIME,4,-1.0,-1.8369701987210297e-16,4.0,4.0,4.0
Uttar Pradesh,2024,9,DOMESTIC VIOLENCE,4,-1.0,-1.8369701987210297e-16,4.0,4.0,4.0
Uttar Pradesh,2024,9,DRUG OFFENSE,4,-1.0,-1.8369701987210297e-16,4.0,4.0,4.0
Uttar Pradesh,2024,9,EXTORTION,4,-1.0,-1.8369701987210297e-16,4.0,4.0,4.0
Uttar Pradesh,2024,9,FIREARM OFFENSE,4,-1.0,-1.8369701987210297e-16,4.0,4.0,4.0
Uttar Pradesh,2024,9,FRAUD,4,-1.0,-1.8369701987210297e-16,4.0,4.0,4.0
Uttar Pradesh,2024,9,HOMICIDE,4,-1.0,-1.8369701987210297e-16,4.0,4.0,4.0
Uttar Pradesh,2024,9,IDENTITY THEFT,4,-1.0,-1.8369701987210297e-16,4.0,4.0,4.0
Uttar Pradesh,2024,9,ILLEGAL POSSESSION,4,-1.0,-1.8369701987210297e-16,4.0,4.0,4.0
Uttar Pradesh,2024,9,KIDNAPPING,4,-1.0,-1.8369701987210297e-16,4.0,4.0,4.0
Uttar Pradesh,2024,9,PUBLIC INTOXICATION,4,-1.0,-1.8369701987210297e-16,4.0,4.0,4.0
Uttar Pradesh,2024,9,ROBBERY,4,-1.0,-1.8369701987210297e-16,4.0,4.0,4.0
Uttar Pradesh,2024,9,SEXUAL ASSAULT,4,-1.0,-1.8369701987210297e-16,4.0,4.0,4.0
Uttar Pradesh,2024,9,SHOPLIFTING,4,-1.0,-1.8369701987210297e-16,4.0,4.0,4.0
Uttar Pradesh,2024,9,TRAFFIC VIOLATION,4,-1.0,-1.8369701987210297e-16,4.0,4.0,4.0
Uttar Pradesh,2024,9,VANDALISM,4,-1.0,-1.8369701987210297e-16,4.0,4.0,4.0
Uttar Pradesh,2024,9,VEHICLE - STOLEN,4,-1.0,-1.8369701987210297e-16,4.0,4.0,4.0
West Bengal,2024,9,ARSON,2,-1.0,-1.8369701987210297e-16,2.0,3.0,2.3333333333333335
West Bengal,2024,9,ASSAULT,2,-1.0,-1.8369701987210297e-16,3.0,3.0,3.0
West Bengal,2024,9,BURGLARY,3,-1.0,-1.8369701987210297e-16,3.0,3.0,3.0
West Bengal,2024,9,COUNTERFEITING,2,-1.0,-1.8369701987210297e-16,3.0,2.0,2.6666666666666665
West Bengal,2024,9,CYBERCRIME,3,-1.0,-1.8369701987210297e-16,2.0,2.0,2.3333333333333335
West Bengal,2024,9,DOMESTIC VIOLENCE,3,-1.0,-1.8369701987210297e-16,3.0,2.0,2.3333333333333335
West Bengal,2024,9,DRUG OFFENSE,2,-1.0,-1.8369701987210297e-16,2.0,2.0,2.0
West Bengal,2024,9,EXTORTION,2,-1.0,-1.8369701987210297e-16,2.0,2.0,2.0
West Bengal,2024,9,FIREARM OFFENSE,2,-1.0,-1.8369701987210297e-16,2.0,2.0,2.0
West Bengal,2024,9,FRAUD,3,-1.0,-1.8369701987210297e-16,2.0,2.0,2.0
West Bengal,2024,9,HOMICIDE,2,-1.0,-1.8369701987210297e-16,2.0,2.0,2.0
West Bengal,2024,9,IDENTITY THEFT,2,-1.0,-1.8369701987210297e-16,2.0,2.0,2.0
West Bengal,2024,9,ILLEGAL POSSESSION,3,-1.0,-1.8369701987210297e-16,3.0,3.0,3.0
West Bengal,2024,9,KIDNAPPING,2,-1.0,-1.8369701987210297e-16,3.0,2.0,2.6666666666666665
West Bengal,2024,9,PUBLIC INTOXICATION,3,-1.0,-1.8369701987210297e-16,3.0,2.0,2.3333333333333335
West Bengal,2024,9,ROBBERY,2,-1.0,-1.8369701987210297e-16,2.0,2.0,2.0
West Bengal,2024,9,SEXUAL ASSAULT,2,-1.0,-1.8369701987210297e-16,2.0,2.0,2.0
West Bengal,2024,9,SHOPLIFTING,2,-1.0,-1.8369701987210297e-16,2.0,2.0,2.0
West Bengal,2024,9,TRAFFIC VIOLATION,3,-1.0,-1.8369701987210297e-16,3.0,3.0,3.0
West Bengal,2024,9,VANDALISM,2,-1.0,-1.8369701987210297e-16,2.0,2.0,2.0
West Bengal,2024,9,VEHICLE - STOLEN,2,-1.0,-1.8369701987210297e-16,2.0,2.0,2.0
Andhra Pradesh,2024,10,ARSON,1,-0.8660254037844386,0.5000000000000001,1.0,1.0,1.0
Andhra Pradesh,2024,10,ASSAULT,1,-0.8660254037844386,0.5000000000000001,1.0,1.0,1.0
Andhra Pradesh,2024,10,BURGLARY,1,-0.8660254037844386,0.5000000000000001,1.0,1.0,1.0
Andhra Pradesh,2024,10,COUNTERFEITING,1,-0.8660254037844386,0.5000000000000001,1.0,1.0,1.0
Andhra Pradesh,2024,10,CYBERCRIME,1,-0.8660254037844386,0.5000000000000001,1.0,1.0,1.0
Andhra Pradesh,2024,10,DOMESTIC VIOLENCE,1,-0.8660254037844386,0.5000000000000001,1.0,1.0,1.0
Andhra Pradesh,2024,10,DRUG OFFENSE,1,-0.8660254037844386,0.5000000000000001,1.0,1.0,1.0
Andhra Pradesh,2024,10,EXTORTION,1,-0.8660254037844386,0.5000000000000001,1.0,1.0,1.0
Andhra Pradesh,2024,10,FIREARM OFFENSE,1,-0.8660254037844386,0.5000000000000001,1.0,1.0,1.0
Andhra Pradesh,2024,10,FRAUD,1,-0.8660254037844386,0.5000000000000001,1.0,1.0,1.0
Andhra Pradesh,2024,10,HOMICIDE,1,-0.8660254037844386,0.5000000000000001,1.0,1.0,1.0
Andhra Pradesh,2024,10,IDENTITY THEFT,1,-0.8660254037844386,0.5000000000000001,1.0,1.0,1.0
Andhra Pradesh,2024,10,ILLEGAL POSSESSION,1,-0.8660254037844386,0.5000000000000001,1.0,1.0,1.0
Andhra Pradesh,2024,10,KIDNAPPING,1,-0.8660254037844386,0.5000000000000001,1.0,1.0,1.0
Andhra Pradesh,2024,10,PUBLIC INTOXICATION,1,-0.8660254037844386,0.5000000000000001,1.0,1.0,1.0
Andhra Pradesh,2024,10,ROBBERY,1,-0.8660254037844386,0.5000000000000001,1.0,1.0,1.0
Andhra Pradesh,2024,10,SEXUAL ASSAULT,1,-0.8660254037844386,0.5000000000000001,1.0,1.0,1.0
Andhra Pradesh,2024,10,SHOPLIFTING,1,-0.8660254037844386,0.5000000000000001,1.0,1.0,1.0
Andhra Pradesh,2024,10,TRAFFIC VIOLATION,1,-0.8660254037844386,0.5000000000000001,1.0,1.0,1.0
Andhra Pradesh,2024,10,VANDALISM,1,-0.8660254037844386,0.5000000000000001,1.0,1.0,1.0
Andhra Pradesh,2024,10,VEHICLE - STOLEN,1,-0.8660254037844386,0.5000000000000001,1.0,1.0,1.0
Bihar,2024,10,ARSON,1,-0.8660254037844386,0.5000000000000001,1.0,1.0,1.0
Bihar,2024,10,ASSAULT,1,-0.8660254037844386,0.5000000000000001,1.0,1.0,1.0
Bihar,2024,10,BURGLARY,1,-0.8660254037844386,0.5000000000000001,1.0,1.0,1.0
Bihar,2024,10,COUNTERFEITING,1,-0.8660254037844386,0.5000000000000001,1.0,1.0,1.0
Bihar,2024,10,CYBERCRIME,1,-0.8660254037844386,0.5000000000000001,1.0,1.0,1.0
Bihar,2024,10,DOMESTIC VIOLENCE,1,-0.8660254037844386,0.5000000000000001,1.0,1.0,1.0
Bihar,2024,10,DRUG OFFENSE,1,-0.8660254037844386,0.5000000000000001,1.0,1.0,1.0
Bihar,2024,10,EXTORTION,1,-0.8660254037844386,0.5000000000000001,1.0,1.0,1.0
Bihar,2024,10,FIREARM OFFENSE,1,-0.8660254037844386,0.5000000000000001,1.0,1.0,1.0
Bihar,2024,10,FRAUD,1,-0.8660254037844386,0.5000000000000001,1.0,1.0,1.0
Bihar,2024,10,HOMICIDE,1,-0.8660254037844386,0.5000000000000001,1.0,1.0,1.0
Bihar,2024,10,IDENTITY THEFT,1,-0.8660254037844386,0.5000000000000001,1.0,1.0,1.0
Bihar,2024,10,ILLEGAL POSSESSION,1,-0.8660254037844386,0.5000000000000001,1.0,1.0,1.0
Bihar,2024,10,KIDNAPPING,1,-0.8660254037844386,0.5000000000000001,1.0,1.0,1.0
Bihar,2024,10,PUBLIC INTOXICATION,1,-0.8660254037844386,0.5000000000000001,1.0,1.0,1.0
Bihar,2024,10,ROBBERY,1,-0.8660254037844386,0.5000000000000001,1.0,1.0,1.0
Bihar,2024,10,SEXUAL ASSAULT,1,-0.8660254037844386,0.5000000000000001,1.0,1.0,1.0
Bihar,2024,10,SHOPLIFTING,1,-0.8660254037844386,0.5000000000000001,1.0,1.0,1.0
Bihar,2024,10,TRAFFIC VIOLATION,1,-0.8660254037844386,0.5000000000000001,1.0,1.0,1.0
Bihar,2024,10,VANDALISM,1,-0.8660254037844386,0.5000000000000001,1.0,1.0,1.0
Bihar,2024,10,VEHICLE - STOLEN,1,-0.8660254037844386,0.5000000000000001,1.0,1.0,1.0
Delhi,2024,10,ARSON,4,-0.8660254037844386,0.5000000000000001,4.0,4.0,4.0
Delhi,2024,10,ASSAULT,4,-0.8660254037844386,0.5000000000000001,4.0,4.0,4.0
Delhi,2024,10,BURGLARY,4,-0.8660254037844386,0.5000000000000001,4.0,4.0,4.0
Delhi,2024,10,COUNTERFEITING,4,-0.8660254037844386,0.5000000000000001,4.0,4.0,4.0
Delhi,2024,10,CYBERCRIME,4,-0.8660254037844386,0.5000000000000001,4.0,4.0,4.0
Delhi,2024,10,DOMESTIC VIOLENCE,4,-0.8660254037844386,0.5000000000000001,4.0,4.0,4.0
Delhi,2024,10,DRUG OFFENSE,4,-0.8660254037844386,0.5000000000000001,4.0,4.0,4.0
Delhi,2024,10,EXTORTION,4,-0.8660254037844386,0.5000000000000001,4.0,4.0,4.0
Delhi,2024,10,FIREARM OFFENSE,4,-0.8660254037844386,0.5000000000000001,4.0,5.0,4.666666666666667
Delhi,2024,10,FRAUD,4,-0.8660254037844386,0.5000000000000001,4.0,4.0,4.0
Delhi,2024,10,HOMICIDE,4,-0.8660254037844386,0.5000000000000001,4.0,4.0,4.0
Delhi,2024,10,IDENTITY THEFT,4,-0.8660254037844386,0.5000000000000001,4.0,4.0,4.0
Delhi,2024,10,ILLEGAL POSSESSION,4,-0.8660254037844386,0.5000000000000001,4.0,4.0,4.0
Delhi,2024,10,KIDNAPPING,4,-0.8660254037844386,0.5000000000000001,4.0,4.0,4.0
Delhi,2024,10,PUBLIC INTOXICATION,4,-0.8660254037844386,0.5000000000000001,4.0,4.0,4.0
Delhi,2024,10,ROBBERY,4,-0.8660254037844386,0.5000000000000001,4.0,4.0,4.0
Delhi,2024,10,SEXUAL ASSAULT,4,-0.8660254037844386,0.5000000000000001,4.0,4.0,4.0
Delhi,2024,10,SHOPLIFTING,4,-0.8660254037844386,0.5000000000000001,4.0,4.0,4.0
Delhi,2024,10,TRAFFIC VIOLATION,4,-0.8660254037844386,0.5000000000000001,4.0,4.0,4.0
Delhi,2024,10,VANDALISM,4,-0.8660254037844386,0.5000000000000001,4.0,4.0,4.0
Delhi,2024,10,VEHICLE - STOLEN,4,-0.8660254037844386,0.5000000000000001,4.0,4.0,4.0
Gujarat,2024,10,ARSON,3,-0.8660254037844386,0.5000000000000001,3.0,3.0,3.0
Gujarat,2024,10,ASSAULT,3,-0.8660254037844386,0.5000000000000001,3.0,3.0,3.0
Gujarat,2024,10,BURGLARY,3,-0.8660254037844386,0.5000000000000001,3.0,3.0,3.0
Gujarat,2024,10,COUNTERFEITING,3,-0.8660254037844386,0.5000000000000001,3.0,3.0,3.0
Gujarat,2024,10,CYBERCRIME,3,-0.8660254037844386,0.5000000000000001,3.0,3.0,3.0
Gujarat,2024,10,DOMESTIC VIOLENCE,3,-0.8660254037844386,0.5000000000000001,3.0,3.0,3.0
Gujarat,2024,10,DRUG OFFENSE,3,-0.8660254037844386,0.5000000000000001,3.0,3.0,3.0
Gujarat,2024,10,EXTORTION,3,-0.8660254037844386,0.5000000000000001,3.0,3.0,3.0
Gujarat,2024,10,FIREARM OFFENSE,3,-0.8660254037844386,0.5000000000000001,3.0,3.0,3.0
Gujarat,2024,10,FRAUD,3,-0.8660254037844386,0.5000000000000001,3.0,3.0,3.0
Gujarat,2024,10,HOMICIDE,3,-0.8660254037844386,0.5000000000000001,3.0,3.0,3.0
Gujarat,2024,10,IDENTITY THEFT,3,-0.8660254037844386,0.5000000000000001,3.0,3.0,3.0
Gujarat,2024,10,ILLEGAL POSSESSION,3,-0.8660254037844386,0.5000000000000001,3.0,3.0,3.0
Gujarat,2024,10,KIDNAPPING,3,-0.8660254037844386,0.5000000000000001,3.0,3.0,3.0
Gujarat,2024,10,PUBLIC INTOXICATION,3,-0.8660254037844386,0.5000000000000001,3.0,3.0,3.0
Gujarat,2024,10,ROBBERY,3,-0.8660254037844386,0.5000000000000001,3.0,3.0,3.0
Gujarat,2024,10,SEXUAL ASSAULT,3,-0.8660254037844386,0.5000000000000001,3.0,3.0,3.0
Gujarat,2024,10,SHOPLIFTING,3,-0.8660254037844386,0.5000000000000001,3.0,3.0,3.0
Gujarat,2024,10,TRAFFIC VIOLATION,3,-0.8660254037844386,0.5000000000000001,3.0,3.0,3.0
Gujarat,2024,10,VANDALISM,3,-0.8660254037844386,0.5000000000000001,3.0,3.0,3.0
Gujarat,2024,10,VEHICLE - STOLEN,3,-0.8660254037844386,0.5000000000000001,2.0,3.0,2.3333333333333335
Haryana,2024,10,ARSON,1,-0.8660254037844386,0.5000000000000001,1.0,1.0,1.0
Haryana,2024,10,ASSAULT,1,-0.8660254037844386,0.5000000000000001,1.0,1.0,1.0
Haryana,2024,10,BURGLARY,1,-0.8660254037844386,0.5000000000000001,1.0,1.0,1.0
Haryana,2024,10,COUNTERFEITING,1,-0.8660254037844386,0.5000000000000001,1.0,1.0,1.0
Haryana,2024,10,CYBERCRIME,1,-0.8660254037844386,0.5000000000000001,1.0,1.0,1.0
Haryana,2024,10,DOMESTIC VIOLENCE,1,-0.8660254037844386,0.5000000000000001,1.0,1.0,1.0
Haryana,2024,10,DRUG OFFENSE,1,-0.8660254037844386,0.5000000000000001,1.0,1.0,1.0
Haryana,2024,10,EXTORTION,1,-0.8660254037844386,0.5000000000000001,1.0,1.0,1.0
Haryana,2024,10,FIREARM OFFENSE,1,-0.8660254037844386,0.5000000000000001,1.0,1.0,1.0
Haryana,2024,10,FRAUD,1,-0.8660254037844386,0.5000000000000001,1.0,1.0,1.0
Haryana,2024,10,HOMICIDE,1,-0.8660254037844386,0.5000000000000001,1.0,1.0,1.0
Haryana,2024,10,IDENTITY THEFT,1,-0.8660254037844386,0.5000000000000001,1.0,1.0,1.0
Haryana,2024,10,ILLEGAL POSSESSION,1,-0.8660254037844386,0.5000000000000001,1.0,1.0,1.0
Haryana,2024,10,KIDNAPPING,1,-0.8660254037844386,0.5000000000000001,1.0,1.0,1.0
Haryana,2024,10,PUBLIC INTOXICATION,1,-0.8660254037844386,0.5000000000000001,1.0,1.0,1.0
Haryana,2024,10,ROBBERY,1,-0.8660254037844386,0.5000000000000001,1.0,1.0,1.0
Haryana,2024,10,SEXUAL ASSAULT,1,-0.8660254037844386,0.5000000000000001,1.0,1.0,1.0
Haryana,2024,10,SHOPLIFTING,1,-0.8660254037844386,0.5000000000000001,1.0,1.0,1.0
Haryana,2024,10,TRAFFIC VIOLATION,1,-0.8660254037844386,0.5000000000000001,1.0,1.0,1.0
Haryana,2024,10,VANDALISM,1,-0.8660254037844386,0.5000000000000001,1.0,1.0,1.0
Haryana,2024,10,VEHICLE - STOLEN,1,-0.8660254037844386,0.5000000000000001,1.0,1.0,1.0
Jammu and Kashmir,2024,10,ARSON,1,-0.8660254037844386,0.5000000000000001,1.0,1.0,1.0
Jammu and Kashmir,2024,10,ASSAULT,1,-0.8660254037844386,0.5000000000000001,1.0,1.0,1.0
Jammu and Kashmir,2024,10,BURGLARY,1,-0.8660254037844386,0.5000000000000001,1.0,1.0,1.0
Jammu and Kashmir,2024,10,COUNTERFEITING,1,-0.8660254037844386,0.5000000000000001,1.0,1.0,1.0
Jammu and Kashmir,2024,10,CYBERCRIME,1,-0.8660254037844386,0.5000000000000001,1.0,1.0,1.0
Jammu and Kashmir,2024,10,DOMESTIC VIOLENCE,1,-0.8660254037844386,0.5000000000000001,1.0,1.0,1.0
Jammu and Kashmir,2024,10,DRUG OFFENSE,1,-0.8660254037844386,0.5000000000000001,1.0,1.0,1.0
Jammu and Kashmir,2024,10,EXTORTION,1,-0.8660254037844386,0.5000000000000001,1.0,1.0,1.0
Jammu and Kashmir,2024,10,FIREARM OFFENSE,1,-0.8660254037844386,0.5000000000000001,1.0,1.0,1.0
Jammu and Kashmir,2024,10,FRAUD,1,-0.8660254037844386,0.5000000000000001,1.0,1.0,1.0
Jammu and Kashmir,2024,10,HOMICIDE,1,-0.8660254037844386,0.5000000000000001,1.0,1.0,1.0
Jammu and Kashmir,2024,10,IDENTITY THEFT,1,-0.8660254037844386,0.5000000000000001,1.0,1.0,1.0
Jammu and Kashmir,2024,10,ILLEGAL POSSESSION,1,-0.8660254037844386,0.5000000000000001,1.0,1.0,1.0
Jammu and Kashmir,2024,10,KIDNAPPING,1,-0.8660254037844386,0.5000000000000001,1.0,1.0,1.0
Jammu and Kashmir,2024,10,PUBLIC INTOXICATION,1,-0.8660254037844386,0.5000000000000001,1.0,1.0,1.0
Jammu and Kashmir,2024,10,ROBBERY,1,-0.8660254037844386,0.5000000000000001,1.0,1.0,1.0
Jammu and Kashmir,2024,10,SEXUAL ASSAULT,1,-0.8660254037844386,0.5000000000000001,1.0,1.0,1.0
Jammu and Kashmir,2024,10,SHOPLIFTING,1,-0.8660254037844386,0.5000000000000001,1.0,1.0,1.0
Jammu and Kashmir,2024,10,TRAFFIC VIOLATION,1,-0.8660254037844386,0.5000000000000001,1.0,1.0,1.0
Jammu and Kashmir,2024,10,VANDALISM,1,-0.8660254037844386,0.5000000000000001,1.0,1.0,1.0
Jammu and Kashmir,2024,10,VEHICLE - STOLEN,1,-0.8660254037844386,0.5000000000000001,1.0,1.0,1.0
Karnataka,2024,10,ARSON,3,-0.8660254037844386,0.5000000000000001,3.0,3.0,3.0
Karnataka,2024,10,ASSAULT,3,-0.8660254037844386,0.5000000000000001,3.0,3.0,3.0
Karnataka,2024,10,BURGLARY,3,-0.8660254037844386,0.5000000000000001,3.0,3.0,3.0
Karnataka,2024,10,COUNTERFEITING,3,-0.8660254037844386,0.5000000000000001,3.0,3.0,3.0
Karnataka,2024,10,CYBERCRIME,3,-0.8660254037844386,0.5000000000000001,3.0,3.0,3.0
Karnataka,2024,10,DOMESTIC VIOLENCE,3,-0.8660254037844386,0.5000000000000001,3.0,3.0,3.0
Karnataka,2024,10,DRUG OFFENSE,3,-0.8660254037844386,0.5000000000000001,3.0,3.0,3.0
Karnataka,2024,10,EXTORTION,3,-0.8660254037844386,0.5000000000000001,3.0,3.0,3.0
Karnataka,2024,10,FIREARM OFFENSE,3,-0.8660254037844386,0.5000000000000001,3.0,3.0,3.0
Karnataka,2024,10,FRAUD,3,-0.8660254037844386,0.5000000000000001,3.0,3.0,3.0
Karnataka,2024,10,HOMICIDE,3,-0.8660254037844386,0.5000000000000001,3.0,3.0,3.0
Karnataka,2024,10,IDENTITY THEFT,3,-0.8660254037844386,0.5000000000000001,3.0,3.0,3.0
Karnataka,2024,10,ILLEGAL POSSESSION,3,-0.8660254037844386,0.5000000000000001,3.0,3.0,3.0
Karnataka,2024,10,KIDNAPPING,3,-0.8660254037844386,0.5000000000000001,3.0,3.0,3.0
Karnataka,2024,10,PUBLIC INTOXICATION,3,-0.8660254037844386,0.5000000000000001,3.0,3.0,3.0
Karnataka,2024,10,ROBBERY,3,-0.8660254037844386,0.5000000000000001,3.0,3.0,3.0
Karnataka,2024,10,SEXUAL ASSAULT,3,-0.8660254037844386,0.5000000000000001,3.0,3.0,3.0
Karnataka,2024,10,SHOPLIFTING,3,-0.8660254037844386,0.5000000000000001,3.0,3.0,3.0
Karnataka,2024,10,TRAFFIC VIOLATION,3,-0.8660254037844386,0.5000000000000001,3.0,3.0,3.0
Karnataka,2024,10,VANDALISM,3,-0.8660254037844386,0.5000000000000001,3.0,3.0,3.0
Karnataka,2024,10,VEHICLE - STOLEN,3,-0.8660254037844386,0.5000000000000001,3.0,3.0,3.0
Madhya Pradesh,2024,10,ARSON,1,-0.8660254037844386,0.5000000000000001,1.0,1.0,1.0
Madhya Pradesh,2024,10,ASSAULT,2,-0.8660254037844386,0.5000000000000001,2.0,2.0,2.0
Madhya Pradesh,2024,10,BURGLARY,1,-0.8660254037844386,0.5000000000000001,1.0,1.0,1.0
Madhya Pradesh,2024,10,COUNTERFEITING,1,-0.8660254037844386,0.5000000000000001,1.0,1.0,1.0
Madhya Pradesh,2024,10,CYBERCRIME,1,-0.8660254037844386,0.5000000000000001,1.0,1.0,1.0
Madhya Pradesh,2024,10,DOMESTIC VIOLENCE,1,-0.8660254037844386,0.5000000000000001,1.0,1.0,1.0
Madhya Pradesh,2024,10,DRUG OFFENSE,1,-0.8660254037844386,0.5000000000000001,1.0,1.0,1.0
Madhya Pradesh,2024,10,EXTORTION,1,-0.8660254037844386,0.5000000000000001,1.0,1.0,1.0
Madhya Pradesh,2024,10,FIREARM OFFENSE,1,-0.8660254037844386,0.5000000000000001,1.0,1.0,1.0
Madhya Pradesh,2024,10,FRAUD,1,-0.8660254037844386,0.5000000000000001,1.0,1.0,1.0
Madhya Pradesh,2024,10,HOMICIDE,1,-0.8660254037844386,0.5000000000000001,1.0,1.0,1.0
Madhya Pradesh,2024,10,IDENTITY THEFT,1,-0.8660254037844386,0.5000000000000001,1.0,1.0,1.0
Madhya Pradesh,2024,10,ILLEGAL POSSESSION,1,-0.8660254037844386,0.5000000000000001,1.0,1.0,1.0
Madhya Pradesh,2024,10,KIDNAPPING,1,-0.8660254037844386,0.5000000000000001,1.0,1.0,1.0
Madhya Pradesh,2024,10,PUBLIC INTOXICATION,1,-0.8660254037844386,0.5000000000000001,1.0,1.0,1.0
Madhya Pradesh,2024,10,ROBBERY,1,-0.8660254037844386,0.5000000000000001,2.0,1.0,1.6666666666666667
Madhya Pradesh,2024,10,SEXUAL ASSAULT,1,-0.8660254037844386,0.5000000000000001,1.0,1.0,1.0
Madhya Pradesh,2024,10,SHOPLIFTING,1,-0.8660254037844386,0.5000000000000001,1.0,1.0,1.0
Madhya Pradesh,2024,10,TRAFFIC VIOLATION,1,-0.8660254037844386,0.5000000000000001,2.0,2.0,2.0
Madhya Pradesh,2024,10,VANDALISM,1,-0.8660254037844386,0.5000000000000001,1.0,1.0,1.0
Madhya Pradesh,2024,10,VEHICLE - STOLEN,1,-0.8660254037844386,0.5000000000000001,1.0,1.0,1.0
Maharashtra,2024,10,ARSON,8,-0.8660254037844386,0.5000000000000001,8.0,9.0,8.333333333333334
Maharashtra,2024,10,ASSAULT,8,-0.8660254037844386,0.5000000000000001,8.0,8.0,8.0
Maharashtra,2024,10,BURGLARY,9,-0.8660254037844386,0.5000000000000001,9.0,9.0,9.0
Maharashtra,2024,10,COUNTERFEITING,8,-0.8660254037844386,0.5000000000000001,8.0,8.0,8.0
Maharashtra,2024,10,CYBERCRIME,8,-0.8660254037844386,0.5000000000000001,8.0,9.0,8.333333333333334
Maharashtra,2024,10,DOMESTIC VIOLENCE,8,-0.8660254037844386,0.5000000000000001,8.0,9.0,8.666666666666666
Maharashtra,2024,10,DRUG OFFENSE,9,-0.8660254037844386,0.5000000000000001,9.0,9.0,9.0
Maharashtra,2024,10,EXTORTION,8,-0.8660254037844386,0.5000000000000001,8.0,8.0,8.0
Maharashtra,2024,10,FIREARM OFFENSE,7,-0.8660254037844386,0.5000000000000001,7.0,8.0,7.666666666666667
Maharashtra,2024,10,FRAUD,8,-0.8660254037844386,0.5000000000000001,8.0,8.0,8.0
Maharashtra,2024,10,HOMICIDE,8,-0.8660254037844386,0.5000000000000001,8.0,8.0,8.0
Maharashtra,2024,10,IDENTITY THEFT,8,-0.8660254037844386,0.5000000000000001,8.0,8.0,8.0
Maharashtra,2024,10,ILLEGAL POSSESSION,8,-0.8660254037844386,0.5000000000000001,8.0,9.0,8.333333333333334
Maharashtra,2024,10,KIDNAPPING,8,-0.8660254037844386,0.5000000000000001,8.0,8.0,8.0
Maharashtra,2024,10,PUBLIC INTOXICATION,8,-0.8660254037844386,0.5000000000000001,8.0,9.0,8.333333333333334
Maharashtra,2024,10,ROBBERY,7,-0.8660254037844386,0.5000000000000001,8.0,8.0,8.0
Maharashtra,2024,10,SEXUAL ASSAULT,8,-0.8660254037844386,0.5000000000000001,8.0,9.0,8.333333333333334
Maharashtra,2024,10,SHOPLIFTING,8,-0.8660254037844386,0.5000000000000001,9.0,9.0,9.0
Maharashtra,2024,10,TRAFFIC VIOLATION,8,-0.8660254037844386,0.5000000000000001,8.0,8.0,8.0
Maharashtra,2024,10,VANDALISM,8,-0.8660254037844386,0.5000000000000001,8.0,8.0,8.0
Maharashtra,2024,10,VEHICLE - STOLEN,8,-0.8660254037844386,0.5000000000000001,8.0,9.0,8.333333333333334
Punjab,2024,10,ARSON,1,-0.8660254037844386,0.5000000000000001,1.0,1.0,1.0
Punjab,2024,10,ASSAULT,2,-0.8660254037844386,0.5000000000000001,2.0,1.0,1.3333333333333333
Punjab,2024,10,BURGLARY,1,-0.8660254037844386,0.5000000000000001,1.0,1.0,1.0
Punjab,2024,10,COUNTERFEITING,1,-0.8660254037844386,0.5000000000000001,1.0,1.0,1.0
Punjab,2024,10,CYBERCRIME,1,-0.8660254037844386,0.5000000000000001,1.0,1.0,1.0
Punjab,2024,10,DOMESTIC VIOLENCE,1,-0.8660254037844386,0.5000000000000001,1.0,1.0,1.0
Punjab,2024,10,DRUG OFFENSE,1,-0.8660254037844386,0.5000000000000001,1.0,1.0,1.0
Punjab,2024,10,EXTORTION,1,-0.8660254037844386,0.5000000000000001,1.0,1.0,1.0
Punjab,2024,10,FIREARM OFFENSE,1,-0.8660254037844386,0.5000000000000001,1.0,1.0,1.0
Punjab,2024,10,FRAUD,1,-0.8660254037844386,0.5000000000000001,1.0,1.0,1.0
Punjab,2024,10,HOMICIDE,1,-0.8660254037844386,0.5000000000000001,1.0,1.0,1.0
Punjab,2024,10,IDENTITY THEFT,1,-0.8660254037844386,0.5000000000000001,1.0,1.0,1.0
Punjab,2024,10,ILLEGAL POSSESSION,1,-0.8660254037844386,0.5000000000000001,1.0,1.0,1.0
Punjab,2024,10,KIDNAPPING,1,-0.8660254037844386,0.5000000000000001,1.0,1.0,1.0
Punjab,2024,10,PUBLIC INTOXICATION,1,-0.8660254037844386,0.5000000000000001,1.0,1.0,1.0
Punjab,2024,10,ROBBERY,1,-0.8660254037844386,0.5000000000000001,2.0,1.0,1.6666666666666667
Punjab,2024,10,SEXUAL ASSAULT,1,-0.8660254037844386,0.5000000000000001,1.0,1.0,1.0
Punjab,2024,10,SHOPLIFTING,1,-0.8660254037844386,0.5000000000000001,1.0,1.0,1.0
Punjab,2024,10,TRAFFIC VIOLATION,1,-0.8660254037844386,0.5000000000000001,1.0,1.0,1.0
Punjab,2024,10,VANDALISM,1,-0.8660254037844386,0.5000000000000001,1.0,1.0,1.0
Punjab,2024,10,VEHICLE - STOLEN,1,-0.8660254037844386,0.5000000000000001,1.0,1.0,1.0
Rajasthan,2024,10,ARSON,1,-0.8660254037844386,0.5000000000000001,1.0,1.0,1.0
Rajasthan,2024,10,ASSAULT,1,-0.8660254037844386,0.5000000000000001,2.0,2.0,2.0
Rajasthan,2024,10,BURGLARY,1,-0.8660254037844386,0.5000000000000001,1.0,1.0,1.0
Rajasthan,2024,10,COUNTERFEITING,1,-0.8660254037844386,0.5000000000000001,1.0,1.0,1.0
Rajasthan,2024,10,CYBERCRIME,1,-0.8660254037844386,0.5000000000000001,1.0,1.0,1.0
Rajasthan,2024,10,DOMESTIC VIOLENCE,1,-0.8660254037844386,0.5000000000000001,1.0,1.0,1.0
Rajasthan,2024,10,DRUG OFFENSE,1,-0.8660254037844386,0.5000000000000001,1.0,1.0,1.0
Rajasthan,2024,10,EXTORTION,1,-0.8660254037844386,0.5000000000000001,1.0,1.0,1.0
Rajasthan,2024,10,FIREARM OFFENSE,1,-0.8660254037844386,0.5000000000000001,1.0,1.0,1.0
Rajasthan,2024,10,FRAUD,1,-0.8660254037844386,0.5000000000000001,1.0,1.0,1.0
Rajasthan,2024,10,HOMICIDE,1,-0.8660254037844386,0.5000000000000001,1.0,1.0,1.0
Rajasthan,2024,10,IDENTITY THEFT,1,-0.8660254037844386,0.5000000000000001,1.0,1.0,1.0
Rajasthan,2024,10,ILLEGAL POSSESSION,1,-0.8660254037844386,0.5000000000000001,1.0,1.0,1.0
Rajasthan,2024,10,KIDNAPPING,1,-0.8660254037844386,0.5000000000000001,1.0,1.0,1.0
Rajasthan,2024,10,PUBLIC INTOXICATION,1,-0.8660254037844386,0.5000000000000001,1.0,1.0,1.0
Rajasthan,2024,10,ROBBERY,1,-0.8660254037844386,0.5000000000000001,2.0,1.0,1.6666666666666667
Rajasthan,2024,10,SEXUAL ASSAULT,1,-0.8660254037844386,0.5000000000000001,1.0,1.0,1.0
Rajasthan,2024,10,SHOPLIFTING,1,-0.8660254037844386,0.5000000000000001,1.0,1.0,1.0
Rajasthan,2024,10,TRAFFIC VIOLATION,2,-0.8660254037844386,0.5000000000000001,2.0,2.0,2.0
Rajasthan,2024,10,VANDALISM,1,-0.8660254037844386,0.5000000000000001,1.0,1.0,1.0
Rajasthan,2024,10,VEHICLE - STOLEN,1,-0.8660254037844386,0.5000000000000001,1.0,1.0,1.0
Tamil Nadu,2024,10,ARSON,2,-0.8660254037844386,0.5000000000000001,2.0,2.0,2.0
Tamil Nadu,2024,10,ASSAULT,2,-0.8660254037844386,0.5000000000000001,2.0,2.0,2.0
Tamil Nadu,2024,10,BURGLARY,2,-0.8660254037844386,0.5000000000000001,3.0,3.0,3.0
Tamil Nadu,2024,10,COUNTERFEITING,2,-0.8660254037844386,0.5000000000000001,2.0,2.0,2.0
Tamil Nadu,2024,10,CYBERCRIME,2,-0.8660254037844386,0.5000000000000001,2.0,2.0,2.0
Tamil Nadu,2024,10,DOMESTIC VIOLENCE,2,-0.8660254037844386,0.5000000000000001,2.0,2.0,2.0
Tamil Nadu,2024,10,DRUG OFFENSE,2,-0.8660254037844386,0.5000000000000001,2.0,2.0,2.0
Tamil Nadu,2024,10,EXTORTION,2,-0.8660254037844386,0.5000000000000001,2.0,2.0,2.0
Tamil Nadu,2024,10,FIREARM OFFENSE,2,-0.8660254037844386,0.5000000000000001,2.0,2.0,2.0
Tamil Nadu,2024,10,FRAUD,2,-0.8660254037844386,0.5000000000000001,2.0,2.0,2.0
Tamil Nadu,2024,10,HOMICIDE,2,-0.8660254037844386,0.5000000000000001,2.0,2.0,2.0
Tamil Nadu,2024,10,IDENTITY THEFT,2,-0.8660254037844386,0.5000000000000001,2.0,2.0,2.0
Tamil Nadu,2024,10,ILLEGAL POSSESSION,2,-0.8660254037844386,0.5000000000000001,2.0,2.0,2.0
Tamil Nadu,2024,10,KIDNAPPING,2,-0.8660254037844386,0.5000000000000001,2.0,2.0,2.0
Tamil Nadu,2024,10,PUBLIC INTOXICATION,2,-0.8660254037844386,0.5000000000000001,2.0,2.0,2.0
Tamil Nadu,2024,10,ROBBERY,2,-0.8660254037844386,0.5000000000000001,2.0,2.0,2.0
Tamil Nadu,2024,10,SEXUAL ASSAULT,2,-0.8660254037844386,0.5000000000000001,2.0,2.0,2.0
Tamil Nadu,2024,10,SHOPLIFTING,2,-0.8660254037844386,0.5000000000000001,2.0,2.0,2.0
Tamil Nadu,2024,10,TRAFFIC VIOLATION,2,-0.8660254037844386,0.5000000000000001,2.0,2.0,2.0
Tamil Nadu,2024,10,VANDALISM,2,-0.8660254037844386,0.5000000000000001,2.0,2.0,2.0
Tamil Nadu,2024,10,VEHICLE - STOLEN,2,-0.8660254037844386,0.5000000000000001,2.0,2.0,2.0
Telangana,2024,10,ARSON,3,-0.8660254037844386,0.5000000000000001,3.0,3.0,3.0
Telangana,2024,10,ASSAULT,2,-0.8660254037844386,0.5000000000000001,2.0,3.0,2.3333333333333335
Telangana,2024,10,BURGLARY,3,-0.8660254037844386,0.5000000000000001,3.0,3.0,3.0
Telangana,2024,10,COUNTERFEITING,3,-0.8660254037844386,0.5000000000000001,3.0,3.0,3.0
Telangana,2024,10,CYBERCRIME,2,-0.8660254037844386,0.5000000000000001,2.0,2.0,2.0
Telangana,2024,10,DOMESTIC VIOLENCE,3,-0.8660254037844386,0.5000000000000001,3.0,3.0,3.0
Telangana,2024,10,DRUG OFFENSE,2,-0.8660254037844386,0.5000000000000001,2.0,2.0,2.3333333333333335
Telangana,2024,10,EXTORTION,2,-0.8660254037844386,0.5000000000000001,2.0,2.0,2.0
Telangana,2024,10,FIREARM OFFENSE,3,-0.8660254037844386,0.5000000000000001,3.0,3.0,3.0
Telangana,2024,10,FRAUD,3,-0.8660254037844386,0.5000000000000001,3.0,3.0,3.0
Telangana,2024,10,HOMICIDE,2,-0.8660254037844386,0.5000000000000001,3.0,3.0,3.0
Telangana,2024,10,IDENTITY THEFT,3,-0.8660254037844386,0.5000000000000001,3.0,3.0,3.0
Telangana,2024,10,ILLEGAL POSSESSION,3,-0.8660254037844386,0.5000000000000001,3.0,3.0,3.0
Telangana,2024,10,KIDNAPPING,2,-0.8660254037844386,0.5000000000000001,2.0,2.0,2.0
Telangana,2024,10,PUBLIC INTOXICATION,2,-0.8660254037844386,0.5000000000000001,3.0,3.0,3.0
Telangana,2024,10,ROBBERY,2,-0.8660254037844386,0.5000000000000001,2.0,2.0,2.0
Telangana,2024,10,SEXUAL ASSAULT,2,-0.8660254037844386,0.5000000000000001,2.0,3.0,2.6666666666666665
Telangana,2024,10,SHOPLIFTING,2,-0.8660254037844386,0.5000000000000001,2.0,2.0,2.0
Telangana,2024,10,TRAFFIC VIOLATION,3,-0.8660254037844386,0.5000000000000001,3.0,3.0,3.0
Telangana,2024,10,VANDALISM,2,-0.8660254037844386,0.5000000000000001,2.0,2.0,2.3333333333333335
Telangana,2024,10,VEHICLE - STOLEN,3,-0.8660254037844386,0.5000000000000001,3.0,3.0,3.0
Uttar Pradesh,2024,10,ARSON,4,-0.8660254037844386,0.5000000000000001,4.0,4.0,4.0
Uttar Pradesh,2024,10,ASSAULT,4,-0.8660254037844386,0.5000000000000001,4.0,4.0,4.0
Uttar Pradesh,2024,10,BURGLARY,4,-0.8660254037844386,0.5000000000000001,4.0,4.0,4.0
Uttar Pradesh,2024,10,COUNTERFEITING,4,-0.8660254037844386,0.5000000000000001,4.0,4.0,4.0
Uttar Pradesh,2024,10,CYBERCRIME,4,-0.8660254037844386,0.5000000000000001,4.0,4.0,4.0
Uttar Pradesh,2024,10,DOMESTIC VIOLENCE,4,-0.8660254037844386,0.5000000000000001,4.0,4.0,4.0
Uttar Pradesh,2024,10,DRUG OFFENSE,4,-0.8660254037844386,0.5000000000000001,4.0,4.0,4.0
Uttar Pradesh,2024,10,EXTORTION,4,-0.8660254037844386,0.5000000000000001,4.0,4.0,4.0
Uttar Pradesh,2024,10,FIREARM OFFENSE,4,-0.8660254037844386,0.5000000000000001,4.0,4.0,4.0
Uttar Pradesh,2024,10,FRAUD,4,-0.8660254037844386,0.5000000000000001,4.0,4.0,4.0
Uttar Pradesh,2024,10,HOMICIDE,4,-0.8660254037844386,0.5000000000000001,4.0,4.0,4.0
Uttar Pradesh,2024,10,IDENTITY THEFT,4,-0.8660254037844386,0.5000000000000001,4.0,4.0,4.0
Uttar Pradesh,2024,10,ILLEGAL POSSESSION,4,-0.8660254037844386,0.5000000000000001,4.0,4.0,4.0
Uttar Pradesh,2024,10,KIDNAPPING,4,-0.8660254037844386,0.5000000000000001,4.0,4.0,4.0
Uttar Pradesh,2024,10,PUBLIC INTOXICATION,4,-0.8660254037844386,0.5000000000000001,4.0,4.0,4.0
Uttar Pradesh,2024,10,ROBBERY,4,-0.8660254037844386,0.5000000000000001,4.0,4.0,4.0
Uttar Pradesh,2024,10,SEXUAL ASSAULT,4,-0.8660254037844386,0.5000000000000001,4.0,4.0,4.0
Uttar Pradesh,2024,10,SHOPLIFTING,4,-0.8660254037844386,0.5000000000000001,4.0,4.0,4.0
Uttar Pradesh,2024,10,TRAFFIC VIOLATION,4,-0.8660254037844386,0.5000000000000001,4.0,4.0,4.0
Uttar Pradesh,2024,10,VANDALISM,4,-0.8660254037844386,0.5000000000000001,4.0,4.0,4.0
Uttar Pradesh,2024,10,VEHICLE - STOLEN,4,-0.8660254037844386,0.5000000000000001,4.0,4.0,4.0
West Bengal,2024,10,ARSON,3,-0.8660254037844386,0.5000000000000001,2.0,2.0,2.0
West Bengal,2024,10,ASSAULT,2,-0.8660254037844386,0.5000000000000001,2.0,3.0,2.6666666666666665
West Bengal,2024,10,BURGLARY,3,-0.8660254037844386,0.5000000000000001,3.0,3.0,3.0
West Bengal,2024,10,COUNTERFEITING,2,-0.8660254037844386,0.5000000000000001,2.0,3.0,2.6666666666666665
West Bengal,2024,10,CYBERCRIME,2,-0.8660254037844386,0.5000000000000001,3.0,3.0,2.6666666666666665
West Bengal,2024,10,DOMESTIC VIOLENCE,3,-0.8660254037844386,0.5000000000000001,3.0,2.0,2.6666666666666665
West Bengal,2024,10,DRUG OFFENSE,2,-0.8660254037844386,0.5000000000000001,2.0,2.0,2.0
West Bengal,2024,10,EXTORTION,2,-0.8660254037844386,0.5000000000000001,2.0,2.0,2.0
West Bengal,2024,10,FIREARM OFFENSE,2,-0.8660254037844386,0.5000000000000001,2.0,2.0,2.0
West Bengal,2024,10,FRAUD,2,-0.8660254037844386,0.5000000000000001,3.0,2.0,2.3333333333333335
West Bengal,2024,10,HOMICIDE,2,-0.8660254037844386,0.5000000000000001,2.0,2.0,2.0
West Bengal,2024,10,IDENTITY THEFT,2,-0.8660254037844386,0.5000000000000001,2.0,2.0,2.0
West Bengal,2024,10,ILLEGAL POSSESSION,3,-0.8660254037844386,0.5000000000000001,3.0,3.0,3.0
West Bengal,2024,10,KIDNAPPING,3,-0.8660254037844386,0.5000000000000001,2.0,3.0,2.6666666666666665
West Bengal,2024,10,PUBLIC INTOXICATION,2,-0.8660254037844386,0.5000000000000001,3.0,2.0,2.6666666666666665
West Bengal,2024,10,ROBBERY,2,-0.8660254037844386,0.5000000000000001,2.0,2.0,2.0
West Bengal,2024,10,SEXUAL ASSAULT,2,-0.8660254037844386,0.5000000000000001,2.0,2.0,2.0
West Bengal,2024,10,SHOPLIFTING,2,-0.8660254037844386,0.5000000000000001,2.0,2.0,2.0
West Bengal,2024,10,TRAFFIC VIOLATION,3,-0.8660254037844386,0.5000000000000001,3.0,3.0,3.0
West Bengal,2024,10,VANDALISM,2,-0.8660254037844386,0.5000000000000001,2.0,2.0,2.0
West Bengal,2024,10,VEHICLE - STOLEN,2,-0.8660254037844386,0.5000000000000001,2.0,2.0,2.0
Andhra Pradesh,2024,11,ARSON,1,-0.5000000000000004,0.8660254037844384,1.0,1.0,1.0
Andhra Pradesh,2024,11,ASSAULT,1,-0.5000000000000004,0.8660254037844384,1.0,1.0,1.0
Andhra Pradesh,2024,11,BURGLARY,1,-0.5000000000000004,0.8660254037844384,1.0,1.0,1.0
Andhra Pradesh,2024,11,COUNTERFEITING,1,-0.5000000000000004,0.8660254037844384,1.0,1.0,1.0
Andhra Pradesh,2024,11,CYBERCRIME,1,-0.5000000000000004,0.8660254037844384,1.0,1.0,1.0
Andhra Pradesh,2024,11,DOMESTIC VIOLENCE,1,-0.5000000000000004,0.8660254037844384,1.0,1.0,1.0
Andhra Pradesh,2024,11,DRUG OFFENSE,1,-0.5000000000000004,0.8660254037844384,1.0,1.0,1.0
Andhra Pradesh,2024,11,EXTORTION,1,-0.5000000000000004,0.8660254037844384,1.0,1.0,1.0
Andhra Pradesh,2024,11,FIREARM OFFENSE,1,-0.5000000000000004,0.8660254037844384,1.0,1.0,1.0
Andhra Pradesh,2024,11,FRAUD,1,-0.5000000000000004,0.8660254037844384,1.0,1.0,1.0
Andhra Pradesh,2024,11,HOMICIDE,1,-0.5000000000000004,0.8660254037844384,1.0,1.0,1.0
Andhra Pradesh,2024,11,IDENTITY THEFT,1,-0.5000000000000004,0.8660254037844384,1.0,1.0,1.0
Andhra Pradesh,2024,11,ILLEGAL POSSESSION,1,-0.5000000000000004,0.8660254037844384,1.0,1.0,1.0
Andhra Pradesh,2024,11,KIDNAPPING,1,-0.5000000000000004,0.8660254037844384,1.0,1.0,1.0
Andhra Pradesh,2024,11,PUBLIC INTOXICATION,1,-0.5000000000000004,0.8660254037844384,1.0,1.0,1.0
Andhra Pradesh,2024,11,ROBBERY,1,-0.5000000000000004,0.8660254037844384,1.0,1.0,1.0
Andhra Pradesh,2024,11,SEXUAL ASSAULT,1,-0.5000000000000004,0.8660254037844384,1.0,1.0,1.0
Andhra Pradesh,2024,11,SHOPLIFTING,1,-0.5000000000000004,0.8660254037844384,1.0,1.0,1.0
Andhra Pradesh,2024,11,TRAFFIC VIOLATION,1,-0.5000000000000004,0.8660254037844384,1.0,1.0,1.0
Andhra Pradesh,2024,11,VANDALISM,1,-0.5000000000000004,0.8660254037844384,1.0,1.0,1.0
Andhra Pradesh,2024,11,VEHICLE - STOLEN,1,-0.5000000000000004,0.8660254037844384,1.0,1.0,1.0
Bihar,2024,11,ARSON,1,-0.5000000000000004,0.8660254037844384,1.0,1.0,1.0
Bihar,2024,11,ASSAULT,1,-0.5000000000000004,0.8660254037844384,1.0,1.0,1.0
Bihar,2024,11,BURGLARY,1,-0.5000000000000004,0.8660254037844384,1.0,1.0,1.0
Bihar,2024,11,COUNTERFEITING,1,-0.5000000000000004,0.8660254037844384,1.0,1.0,1.0
Bihar,2024,11,CYBERCRIME,1,-0.5000000000000004,0.8660254037844384,1.0,1.0,1.0
Bihar,2024,11,DOMESTIC VIOLENCE,1,-0.5000000000000004,0.8660254037844384,1.0,1.0,1.0
Bihar,2024,11,DRUG OFFENSE,1,-0.5000000000000004,0.8660254037844384,1.0,1.0,1.0
Bihar,2024,11,EXTORTION,1,-0.5000000000000004,0.8660254037844384,1.0,1.0,1.0
Bihar,2024,11,FIREARM OFFENSE,1,-0.5000000000000004,0.8660254037844384,1.0,1.0,1.0
Bihar,2024,11,FRAUD,1,-0.5000000000000004,0.8660254037844384,1.0,1.0,1.0
Bihar,2024,11,HOMICIDE,1,-0.5000000000000004,0.8660254037844384,1.0,1.0,1.0
Bihar,2024,11,IDENTITY THEFT,1,-0.5000000000000004,0.8660254037844384,1.0,1.0,1.0
Bihar,2024,11,ILLEGAL POSSESSION,1,-0.5000000000000004,0.8660254037844384,1.0,1.0,1.0
Bihar,2024,11,KIDNAPPING,1,-0.5000000000000004,0.8660254037844384,1.0,1.0,1.0
Bihar,2024,11,PUBLIC INTOXICATION,1,-0.5000000000000004,0.8660254037844384,1.0,1.0,1.0
Bihar,2024,11,ROBBERY,1,-0.5000000000000004,0.8660254037844384,1.0,1.0,1.0
Bihar,2024,11,SEXUAL ASSAULT,1,-0.5000000000000004,0.8660254037844384,1.0,1.0,1.0
Bihar,2024,11,SHOPLIFTING,1,-0.5000000000000004,0.8660254037844384,1.0,1.0,1.0
Bihar,2024,11,TRAFFIC VIOLATION,1,-0.5000000000000004,0.8660254037844384,1.0,1.0,1.0
Bihar,2024,11,VANDALISM,1,-0.5000000000000004,0.8660254037844384,1.0,1.0,1.0
Bihar,2024,11,VEHICLE - STOLEN,1,-0.5000000000000004,0.8660254037844384,1.0,1.0,1.0
Delhi,2024,11,ARSON,4,-0.5000000000000004,0.8660254037844384,4.0,4.0,4.0
Delhi,2024,11,ASSAULT,4,-0.5000000000000004,0.8660254037844384,4.0,4.0,4.0
Delhi,2024,11,BURGLARY,4,-0.5000000000000004,0.8660254037844384,4.0,4.0,4.0
Delhi,2024,11,COUNTERFEITING,4,-0.5000000000000004,0.8660254037844384,4.0,4.0,4.0
Delhi,2024,11,CYBERCRIME,4,-0.5000000000000004,0.8660254037844384,4.0,4.0,4.0
Delhi,2024,11,DOMESTIC VIOLENCE,4,-0.5000000000000004,0.8660254037844384,4.0,4.0,4.0
Delhi,2024,11,DRUG OFFENSE,4,-0.5000000000000004,0.8660254037844384,4.0,4.0,4.0
Delhi,2024,11,EXTORTION,4,-0.5000000000000004,0.8660254037844384,4.0,4.0,4.0
Delhi,2024,11,FIREARM OFFENSE,4,-0.5000000000000004,0.8660254037844384,4.0,5.0,4.333333333333333
Delhi,2024,11,FRAUD,4,-0.5000000000000004,0.8660254037844384,4.0,4.0,4.0
Delhi,2024,11,HOMICIDE,4,-0.5000000000000004,0.8660254037844384,4.0,4.0,4.0
Delhi,2024,11,IDENTITY THEFT,4,-0.5000000000000004,0.8660254037844384,4.0,4.0,4.0
Delhi,2024,11,ILLEGAL POSSESSION,4,-0.5000000000000004,0.8660254037844384,4.0,4.0,4.0
Delhi,2024,11,KIDNAPPING,4,-0.5000000000000004,0.8660254037844384,4.0,4.0,4.0
Delhi,2024,11,PUBLIC INTOXICATION,4,-0.5000000000000004,0.8660254037844384,4.0,4.0,4.0
Delhi,2024,11,ROBBERY,4,-0.5000000000000004,0.8660254037844384,4.0,4.0,4.0
Delhi,2024,11,SEXUAL ASSAULT,4,-0.5000000000000004,0.8660254037844384,4.0,4.0,4.0
Delhi,2024,11,SHOPLIFTING,4,-0.5000000000000004,0.8660254037844384,4.0,4.0,4.0
Delhi,2024,11,TRAFFIC VIOLATION,4,-0.5000000000000004,0.8660254037844384,4.0,4.0,4.0
Delhi,2024,11,VANDALISM,4,-0.5000000000000004,0.8660254037844384,4.0,4.0,4.0
Delhi,2024,11,VEHICLE - STOLEN,4,-0.5000000000000004,0.8660254037844384,4.0,4.0,4.0
Gujarat,2024,11,ARSON,3,-0.5000000000000004,0.8660254037844384,3.0,3.0,3.0
Gujarat,2024,11,ASSAULT,3,-0.5000000000000004,0.8660254037844384,3.0,3.0,3.0
Gujarat,2024,11,BURGLARY,3,-0.5000000000000004,0.8660254037844384,3.0,3.0,3.0
Gujarat,2024,11,COUNTERFEITING,3,-0.5000000000000004,0.8660254037844384,3.0,3.0,3.0
Gujarat,2024,11,CYBERCRIME,3,-0.5000000000000004,0.8660254037844384,3.0,3.0,3.0
Gujarat,2024,11,DOMESTIC VIOLENCE,3,-0.5000000000000004,0.8660254037844384,3.0,3.0,3.0
Gujarat,2024,11,DRUG OFFENSE,3,-0.5000000000000004,0.8660254037844384,3.0,3.0,3.0
Gujarat,2024,11,EXTORTION,3,-0.5000000000000004,0.8660254037844384,3.0,3.0,3.0
Gujarat,2024,11,FIREARM OFFENSE,3,-0.5000000000000004,0.8660254037844384,3.0,3.0,3.0
Gujarat,2024,11,FRAUD,3,-0.5000000000000004,0.8660254037844384,3.0,3.0,3.0
Gujarat,2024,11,HOMICIDE,3,-0.5000000000000004,0.8660254037844384,3.0,3.0,3.0
Gujarat,2024,11,IDENTITY THEFT,3,-0.5000000000000004,0.8660254037844384,3.0,3.0,3.0
Gujarat,2024,11,ILLEGAL POSSESSION,3,-0.5000000000000004,0.8660254037844384,3.0,3.0,3.0
Gujarat,2024,11,KIDNAPPING,3,-0.5000000000000004,0.8660254037844384,3.0,3.0,3.0
Gujarat,2024,11,PUBLIC INTOXICATION,3,-0.5000000000000004,0.8660254037844384,3.0,3.0,3.0
Gujarat,2024,11,ROBBERY,3,-0.5000000000000004,0.8660254037844384,3.0,3.0,3.0
Gujarat,2024,11,SEXUAL ASSAULT,3,-0.5000000000000004,0.8660254037844384,3.0,3.0,3.0
Gujarat,2024,11,SHOPLIFTING,3,-0.5000000000000004,0.8660254037844384,3.0,3.0,3.0
Gujarat,2024,11,TRAFFIC VIOLATION,3,-0.5000000000000004,0.8660254037844384,3.0,3.0,3.0
Gujarat,2024,11,VANDALISM,3,-0.5000000000000004,0.8660254037844384,3.0,3.0,3.0
Gujarat,2024,11,VEHICLE - STOLEN,3,-0.5000000000000004,0.8660254037844384,3.0,2.0,2.3333333333333335
Haryana,2024,11,ARSON,1,-0.5000000000000004,0.8660254037844384,1.0,1.0,1.0
Haryana,2024,11,ASSAULT,1,-0.5000000000000004,0.8660254037844384,1.0,1.0,1.0
Haryana,2024,11,BURGLARY,1,-0.5000000000000004,0.8660254037844384,1.0,1.0,1.0
Haryana,2024,11,COUNTERFEITING,1,-0.5000000000000004,0.8660254037844384,1.0,1.0,1.0
Haryana,2024,11,CYBERCRIME,1,-0.5000000000000004,0.8660254037844384,1.0,1.0,1.0
Haryana,2024,11,DOMESTIC VIOLENCE,1,-0.5000000000000004,0.8660254037844384,1.0,1.0,1.0
Haryana,2024,11,DRUG OFFENSE,1,-0.5000000000000004,0.8660254037844384,1.0,1.0,1.0
Haryana,2024,11,EXTORTION,1,-0.5000000000000004,0.8660254037844384,1.0,1.0,1.0
Haryana,2024,11,FIREARM OFFENSE,1,-0.5000000000000004,0.8660254037844384,1.0,1.0,1.0
Haryana,2024,11,FRAUD,1,-0.5000000000000004,0.8660254037844384,1.0,1.0,1.0
Haryana,2024,11,HOMICIDE,1,-0.5000000000000004,0.8660254037844384,1.0,1.0,1.0
Haryana,2024,11,IDENTITY THEFT,1,-0.5000000000000004,0.8660254037844384,1.0,1.0,1.0
Haryana,2024,11,ILLEGAL POSSESSION,1,-0.5000000000000004,0.8660254037844384,1.0,1.0,1.0
Haryana,2024,11,KIDNAPPING,1,-0.5000000000000004,0.8660254037844384,1.0,1.0,1.0
Haryana,2024,11,PUBLIC INTOXICATION,1,-0.5000000000000004,0.8660254037844384,1.0,1.0,1.0
Haryana,2024,11,ROBBERY,1,-0.5000000000000004,0.8660254037844384,1.0,1.0,1.0
Haryana,2024,11,SEXUAL ASSAULT,1,-0.5000000000000004,0.8660254037844384,1.0,1.0,1.0
Haryana,2024,11,SHOPLIFTING,1,-0.5000000000000004,0.8660254037844384,1.0,1.0,1.0
Haryana,2024,11,TRAFFIC VIOLATION,1,-0.5000000000000004,0.8660254037844384,1.0,1.0,1.0
Haryana,2024,11,VANDALISM,1,-0.5000000000000004,0.8660254037844384,1.0,1.0,1.0
Haryana,2024,11,VEHICLE - STOLEN,1,-0.5000000000000004,0.8660254037844384,1.0,1.0,1.0
Jammu and Kashmir,2024,11,ARSON,1,-0.5000000000000004,0.8660254037844384,1.0,1.0,1.0
Jammu and Kashmir,2024,11,ASSAULT,1,-0.5000000000000004,0.8660254037844384,1.0,1.0,1.0
Jammu and Kashmir,2024,11,BURGLARY,1,-0.5000000000000004,0.8660254037844384,1.0,1.0,1.0
Jammu and Kashmir,2024,11,COUNTERFEITING,1,-0.5000000000000004,0.8660254037844384,1.0,1.0,1.0
Jammu and Kashmir,2024,11,CYBERCRIME,1,-0.5000000000000004,0.8660254037844384,1.0,1.0,1.0
Jammu and Kashmir,2024,11,DOMESTIC VIOLENCE,1,-0.5000000000000004,0.8660254037844384,1.0,1.0,1.0
Jammu and Kashmir,2024,11,DRUG OFFENSE,1,-0.5000000000000004,0.8660254037844384,1.0,1.0,1.0
Jammu and Kashmir,2024,11,EXTORTION,1,-0.5000000000000004,0.8660254037844384,1.0,1.0,1.0
Jammu and Kashmir,2024,11,FIREARM OFFENSE,1,-0.5000000000000004,0.8660254037844384,1.0,1.0,1.0
Jammu and Kashmir,2024,11,FRAUD,1,-0.5000000000000004,0.8660254037844384,1.0,1.0,1.0
Jammu and Kashmir,2024,11,HOMICIDE,1,-0.5000000000000004,0.8660254037844384,1.0,1.0,1.0
Jammu and Kashmir,2024,11,IDENTITY THEFT,1,-0.5000000000000004,0.8660254037844384,1.0,1.0,1.0
Jammu and Kashmir,2024,11,ILLEGAL POSSESSION,1,-0.5000000000000004,0.8660254037844384,1.0,1.0,1.0
Jammu and Kashmir,2024,11,KIDNAPPING,1,-0.5000000000000004,0.8660254037844384,1.0,1.0,1.0
Jammu and Kashmir,2024,11,PUBLIC INTOXICATION,1,-0.5000000000000004,0.8660254037844384,1.0,1.0,1.0
Jammu and Kashmir,2024,11,ROBBERY,1,-0.5000000000000004,0.8660254037844384,1.0,1.0,1.0
Jammu and Kashmir,2024,11,SEXUAL ASSAULT,1,-0.5000000000000004,0.8660254037844384,1.0,1.0,1.0
Jammu and Kashmir,2024,11,SHOPLIFTING,1,-0.5000000000000004,0.8660254037844384,1.0,1.0,1.0
Jammu and Kashmir,2024,11,TRAFFIC VIOLATION,1,-0.5000000000000004,0.8660254037844384,1.0,1.0,1.0
Jammu and Kashmir,2024,11,VANDALISM,1,-0.5000000000000004,0.8660254037844384,1.0,1.0,1.0
Jammu and Kashmir,2024,11,VEHICLE - STOLEN,1,-0.5000000000000004,0.8660254037844384,1.0,1.0,1.0
Karnataka,2024,11,ARSON,3,-0.5000000000000004,0.8660254037844384,3.0,3.0,3.0
Karnataka,2024,11,ASSAULT,3,-0.5000000000000004,0.8660254037844384,3.0,3.0,3.0
Karnataka,2024,11,BURGLARY,3,-0.5000000000000004,0.8660254037844384,3.0,3.0,3.0
Karnataka,2024,11,COUNTERFEITING,3,-0.5000000000000004,0.8660254037844384,3.0,3.0,3.0
Karnataka,2024,11,CYBERCRIME,3,-0.5000000000000004,0.8660254037844384,3.0,3.0,3.0
Karnataka,2024,11,DOMESTIC VIOLENCE,3,-0.5000000000000004,0.8660254037844384,3.0,3.0,3.0
Karnataka,2024,11,DRUG OFFENSE,3,-0.5000000000000004,0.8660254037844384,3.0,3.0,3.0
Karnataka,2024,11,EXTORTION,3,-0.5000000000000004,0.8660254037844384,3.0,3.0,3.0
Karnataka,2024,11,FIREARM OFFENSE,3,-0.5000000000000004,0.8660254037844384,3.0,3.0,3.0
Karnataka,2024,11,FRAUD,3,-0.5000000000000004,0.8660254037844384,3.0,3.0,3.0
Karnataka,2024,11,HOMICIDE,3,-0.5000000000000004,0.8660254037844384,3.0,3.0,3.0
Karnataka,2024,11,IDENTITY THEFT,3,-0.5000000000000004,0.8660254037844384,3.0,3.0,3.0
Karnataka,2024,11,ILLEGAL POSSESSION,3,-0.5000000000000004,0.8660254037844384,3.0,3.0,3.0
Karnataka,2024,11,KIDNAPPING,3,-0.5000000000000004,0.8660254037844384,3.0,3.0,3.0
Karnataka,2024,11,PUBLIC INTOXICATION,3,-0.5000000000000004,0.8660254037844384,3.0,3.0,3.0
Karnataka,2024,11,ROBBERY,3,-0.5000000000000004,0.8660254037844384,3.0,3.0,3.0
Karnataka,2024,11,SEXUAL ASSAULT,3,-0.5000000000000004,0.8660254037844384,3.0,3.0,3.0
Karnataka,2024,11,SHOPLIFTING,3,-0.5000000000000004,0.8660254037844384,3.0,3.0,3.0
Karnataka,2024,11,TRAFFIC VIOLATION,3,-0.5000000000000004,0.8660254037844384,3.0,3.0,3.0
Karnataka,2024,11,VANDALISM,3,-0.5000000000000004,0.8660254037844384,3.0,3.0,3.0
Karnataka,2024,11,VEHICLE - STOLEN,3,-0.5000000000000004,0.8660254037844384,3.0,3.0,3.0
Madhya Pradesh,2024,11,ARSON,1,-0.5000000000000004,0.8660254037844384,1.0,1.0,1.0
Madhya Pradesh,2024,11,ASSAULT,2,-0.5000000000000004,0.8660254037844384,2.0,2.0,2.0
Madhya Pradesh,2024,11,BURGLARY,1,-0.5000000000000004,0.8660254037844384,1.0,1.0,1.0
Madhya Pradesh,2024,11,COUNTERFEITING,1,-0.5000000000000004,0.8660254037844384,1.0,1.0,1.0
Madhya Pradesh,2024,11,CYBERCRIME,1,-0.5000000000000004,0.8660254037844384,1.0,1.0,1.0
Madhya Pradesh,2024,11,DOMESTIC VIOLENCE,1,-0.5000000000000004,0.8660254037844384,1.0,1.0,1.0
Madhya Pradesh,2024,11,DRUG OFFENSE,1,-0.5000000000000004,0.8660254037844384,1.0,1.0,1.0
Madhya Pradesh,2024,11,EXTORTION,1,-0.5000000000000004,0.8660254037844384,1.0,1.0,1.0
Madhya Pradesh,2024,11,FIREARM OFFENSE,1,-0.5000000000000004,0.8660254037844384,1.0,1.0,1.0
Madhya Pradesh,2024,11,FRAUD,1,-0.5000000000000004,0.8660254037844384,1.0,1.0,1.0
Madhya Pradesh,2024,11,HOMICIDE,1,-0.5000000000000004,0.8660254037844384,1.0,1.0,1.0
Madhya Pradesh,2024,11,IDENTITY THEFT,1,-0.5000000000000004,0.8660254037844384,1.0,1.0,1.0
Madhya Pradesh,2024,11,ILLEGAL POSSESSION,1,-0.5000000000000004,0.8660254037844384,1.0,1.0,1.0
Madhya Pradesh,2024,11,KIDNAPPING,1,-0.5000000000000004,0.8660254037844384,1.0,1.0,1.0
Madhya Pradesh,2024,11,PUBLIC INTOXICATION,1,-0.5000000000000004,0.8660254037844384,1.0,1.0,1.0
Madhya Pradesh,2024,11,ROBBERY,1,-0.5000000000000004,0.8660254037844384,1.0,2.0,1.6666666666666667
Madhya Pradesh,2024,11,SEXUAL ASSAULT,1,-0.5000000000000004,0.8660254037844384,1.0,1.0,1.0
Madhya Pradesh,2024,11,SHOPLIFTING,1,-0.5000000000000004,0.8660254037844384,1.0,1.0,1.0
Madhya Pradesh,2024,11,TRAFFIC VIOLATION,1,-0.5000000000000004,0.8660254037844384,1.0,2.0,1.6666666666666667
Madhya Pradesh,2024,11,VANDALISM,1,-0.5000000000000004,0.8660254037844384,1.0,1.0,1.0
Madhya Pradesh,2024,11,VEHICLE - STOLEN,1,-0.5000000000000004,0.8660254037844384,1.0,1.0,1.0
Maharashtra,2024,11,ARSON,8,-0.5000000000000004,0.8660254037844384,8.0,8.0,8.0
Maharashtra,2024,11,ASSAULT,8,-0.5000000000000004,0.8660254037844384,8.0,8.0,8.0
Maharashtra,2024,11,BURGLARY,9,-0.5000000000000004,0.8660254037844384,9.0,9.0,9.0
Maharashtra,2024,11,COUNTERFEITING,8,-0.5000000000000004,0.8660254037844384,8.0,8.0,8.0
Maharashtra,2024,11,CYBERCRIME,8,-0.5000000000000004,0.8660254037844384,8.0,8.0,8.0
Maharashtra,2024,11,DOMESTIC VIOLENCE,8,-0.5000000000000004,0.8660254037844384,8.0,9.0,8.333333333333334
Maharashtra,2024,11,DRUG OFFENSE,9,-0.5000000000000004,0.8660254037844384,9.0,9.0,9.0
Maharashtra,2024,11,EXTORTION,8,-0.5000000000000004,0.8660254037844384,8.0,8.0,8.0
Maharashtra,2024,11,FIREARM OFFENSE,8,-0.5000000000000004,0.8660254037844384,7.0,8.0,7.333333333333333
Maharashtra,2024,11,FRAUD,8,-0.5000000000000004,0.8660254037844384,8.0,8.0,8.0
Maharashtra,2024,11,HOMICIDE,8,-0.5000000000000004,0.8660254037844384,8.0,8.0,8.0
Maharashtra,2024,11,IDENTITY THEFT,8,-0.5000000000000004,0.8660254037844384,8.0,8.0,8.0
Maharashtra,2024,11,ILLEGAL POSSESSION,8,-0.5000000000000004,0.8660254037844384,8.0,8.0,8.0
Maharashtra,2024,11,KIDNAPPING,8,-0.5000000000000004,0.8660254037844384,8.0,8.0,8.0
Maharashtra,2024,11,PUBLIC INTOXICATION,8,-0.5000000000000004,0.8660254037844384,8.0,8.0,8.0
Maharashtra,2024,11,ROBBERY,7,-0.5000000000000004,0.8660254037844384,7.0,8.0,7.666666666666667
Maharashtra,2024,11,SEXUAL ASSAULT,8,-0.5000000000000004,0.8660254037844384,8.0,8.0,8.0
Maharashtra,2024,11,SHOPLIFTING,8,-0.5000000000000004,0.8660254037844384,8.0,9.0,8.666666666666666
Maharashtra,2024,11,TRAFFIC VIOLATION,8,-0.5000000000000004,0.8660254037844384,8.0,8.0,8.0
Maharashtra,2024,11,VANDALISM,8,-0.5000000000000004,0.8660254037844384,8.0,8.0,8.0
Maharashtra,2024,11,VEHICLE - STOLEN,8,-0.5000000000000004,0.8660254037844384,8.0,8.0,8.0
Punjab,2024,11,ARSON,1,-0.5000000000000004,0.8660254037844384,1.0,1.0,1.0
Punjab,2024,11,ASSAULT,1,-0.5000000000000004,0.8660254037844384,2.0,1.0,1.6666666666666667
Punjab,2024,11,BURGLARY,1,-0.5000000000000004,0.8660254037844384,1.0,1.0,1.0
Punjab,2024,11,COUNTERFEITING,1,-0.5000000000000004,0.8660254037844384,1.0,1.0,1.0
Punjab,2024,11,CYBERCRIME,1,-0.5000000000000004,0.8660254037844384,1.0,1.0,1.0
Punjab,2024,11,DOMESTIC VIOLENCE,1,-0.5000000000000004,0.8660254037844384,1.0,1.0,1.0
Punjab,2024,11,DRUG OFFENSE,1,-0.5000000000000004,0.8660254037844384,1.0,1.0,1.0
Punjab,2024,11,EXTORTION,1,-0.5000000000000004,0.8660254037844384,1.0,1.0,1.0
Punjab,2024,11,FIREARM OFFENSE,1,-0.5000000000000004,0.8660254037844384,1.0,1.0,1.0
Punjab,2024,11,FRAUD,1,-0.5000000000000004,0.8660254037844384,1.0,1.0,1.0
Punjab,2024,11,HOMICIDE,1,-0.5000000000000004,0.8660254037844384,1.0,1.0,1.0
Punjab,2024,11,IDENTITY THEFT,1,-0.5000000000000004,0.8660254037844384,1.0,1.0,1.0
Punjab,2024,11,ILLEGAL POSSESSION,1,-0.5000000000000004,0.8660254037844384,1.0,1.0,1.0
Punjab,2024,11,KIDNAPPING,1,-0.5000000000000004,0.8660254037844384,1.0,1.0,1.0
Punjab,2024,11,PUBLIC INTOXICATION,1,-0.5000000000000004,0.8660254037844384,1.0,1.0,1.0
Punjab,2024,11,ROBBERY,1,-0.5000000000000004,0.8660254037844384,1.0,2.0,1.6666666666666667
Punjab,2024,11,SEXUAL ASSAULT,1,-0.5000000000000004,0.8660254037844384,1.0,1.0,1.0
Punjab,2024,11,SHOPLIFTING,1,-0.5000000000000004,0.8660254037844384,1.0,1.0,1.0
Punjab,2024,11,TRAFFIC VIOLATION,1,-0.5000000000000004,0.8660254037844384,1.0,1.0,1.0
Punjab,2024,11,VANDALISM,1,-0.5000000000000004,0.8660254037844384,1.0,1.0,1.0
Punjab,2024,11,VEHICLE - STOLEN,1,-0.5000000000000004,0.8660254037844384,1.0,1.0,1.0
Rajasthan,2024,11,ARSON,1,-0.5000000000000004,0.8660254037844384,1.0,1.0,1.0
Rajasthan,2024,11,ASSAULT,1,-0.5000000000000004,0.8660254037844384,1.0,2.0,1.6666666666666667
Rajasthan,2024,11,BURGLARY,1,-0.5000000000000004,0.8660254037844384,1.0,1.0,1.0
Rajasthan,2024,11,COUNTERFEITING,1,-0.5000000000000004,0.8660254037844384,1.0,1.0,1.0
Rajasthan,2024,11,CYBERCRIME,1,-0.5000000000000004,0.8660254037844384,1.0,1.0,1.0
Rajasthan,2024,11,DOMESTIC VIOLENCE,1,-0.5000000000000004,0.8660254037844384,1.0,1.0,1.0
Rajasthan,2024,11,DRUG OFFENSE,1,-0.5000000000000004,0.8660254037844384,1.0,1.0,1.0
Rajasthan,2024,11,EXTORTION,1,-0.5000000000000004,0.8660254037844384,1.0,1.0,1.0
Rajasthan,2024,11,FIREARM OFFENSE,1,-0.5000000000000004,0.8660254037844384,1.0,1.0,1.0
Rajasthan,2024,11,FRAUD,1,-0.5000000000000004,0.8660254037844384,1.0,1.0,1.0
Rajasthan,2024,11,HOMICIDE,1,-0.5000000000000004,0.8660254037844384,1.0,1.0,1.0
Rajasthan,2024,11,IDENTITY THEFT,1,-0.5000000000000004,0.8660254037844384,1.0,1.0,1.0
Rajasthan,2024,11,ILLEGAL POSSESSION,1,-0.5000000000000004,0.8660254037844384,1.0,1.0,1.0
Rajasthan,2024,11,KIDNAPPING,1,-0.5000000000000004,0.8660254037844384,1.0,1.0,1.0
Rajasthan,2024,11,PUBLIC INTOXICATION,1,-0.5000000000000004,0.8660254037844384,1.0,1.0,1.0
Rajasthan,2024,11,ROBBERY,1,-0.5000000000000004,0.8660254037844384,1.0,2.0,1.6666666666666667
Rajasthan,2024,11,SEXUAL ASSAULT,1,-0.5000000000000004,0.8660254037844384,1.0,1.0,1.0
Rajasthan,2024,11,SHOPLIFTING,1,-0.5000000000000004,0.8660254037844384,1.0,1.0,1.0
Rajasthan,2024,11,TRAFFIC VIOLATION,2,-0.5000000000000004,0.8660254037844384,2.0,2.0,2.0
Rajasthan,2024,11,VANDALISM,1,-0.5000000000000004,0.8660254037844384,1.0,1.0,1.0
Rajasthan,2024,11,VEHICLE - STOLEN,1,-0.5000000000000004,0.8660254037844384,1.0,1.0,1.0
Tamil Nadu,2024,11,ARSON,2,-0.5000000000000004,0.8660254037844384,2.0,2.0,2.0
Tamil Nadu,2024,11,ASSAULT,2,-0.5000000000000004,0.8660254037844384,2.0,2.0,2.0
Tamil Nadu,2024,11,BURGLARY,2,-0.5000000000000004,0.8660254037844384,2.0,3.0,2.6666666666666665
Tamil Nadu,2024,11,COUNTERFEITING,2,-0.5000000000000004,0.8660254037844384,2.0,2.0,2.0
Tamil Nadu,2024,11,CYBERCRIME,2,-0.5000000000000004,0.8660254037844384,2.0,2.0,2.0
Tamil Nadu,2024,11,DOMESTIC VIOLENCE,2,-0.5000000000000004,0.8660254037844384,2.0,2.0,2.0
Tamil Nadu,2024,11,DRUG OFFENSE,2,-0.5000000000000004,0.8660254037844384,2.0,2.0,2.0
Tamil Nadu,2024,11,EXTORTION,2,-0.5000000000000004,0.8660254037844384,2.0,2.0,2.0
Tamil Nadu,2024,11,FIREARM OFFENSE,2,-0.5000000000000004,0.8660254037844384,2.0,2.0,2.0
Tamil Nadu,2024,11,FRAUD,2,-0.5000000000000004,0.8660254037844384,2.0,2.0,2.0
Tamil Nadu,2024,11,HOMICIDE,2,-0.5000000000000004,0.8660254037844384,2.0,2.0,2.0
Tamil Nadu,2024,11,IDENTITY THEFT,2,-0.5000000000000004,0.8660254037844384,2.0,2.0,2.0
Tamil Nadu,2024,11,ILLEGAL POSSESSION,2,-0.5000000000000004,0.8660254037844384,2.0,2.0,2.0
Tamil Nadu,2024,11,KIDNAPPING,2,-0.5000000000000004,0.8660254037844384,2.0,2.0,2.0
Tamil Nadu,2024,11,PUBLIC INTOXICATION,2,-0.5000000000000004,0.8660254037844384,2.0,2.0,2.0
Tamil Nadu,2024,11,ROBBERY,2,-0.5000000000000004,0.8660254037844384,2.0,2.0,2.0
Tamil Nadu,2024,11,SEXUAL ASSAULT,2,-0.5000000000000004,0.8660254037844384,2.0,2.0,2.0
Tamil Nadu,2024,11,SHOPLIFTING,2,-0.5000000000000004,0.8660254037844384,2.0,2.0,2.0
Tamil Nadu,2024,11,TRAFFIC VIOLATION,2,-0.5000000000000004,0.8660254037844384,2.0,2.0,2.0
Tamil Nadu,2024,11,VANDALISM,2,-0.5000000000000004,0.8660254037844384,2.0,2.0,2.0
Tamil Nadu,2024,11,VEHICLE - STOLEN,2,-0.5000000000000004,0.8660254037844384,2.0,2.0,2.0
Telangana,2024,11,ARSON,3,-0.5000000000000004,0.8660254037844384,3.0,3.0,3.0
Telangana,2024,11,ASSAULT,2,-0.5000000000000004,0.8660254037844384,2.0,2.0,2.0
Telangana,2024,11,BURGLARY,3,-0.5000000000000004,0.8660254037844384,3.0,3.0,3.0
Telangana,2024,11,COUNTERFEITING,2,-0.5000000000000004,0.8660254037844384,3.0,3.0,3.0
Telangana,2024,11,CYBERCRIME,2,-0.5000000000000004,0.8660254037844384,2.0,2.0,2.0
Telangana,2024,11,DOMESTIC VIOLENCE,3,-0.5000000000000004,0.8660254037844384,3.0,3.0,3.0
Telangana,2024,11,DRUG OFFENSE,2,-0.5000000000000004,0.8660254037844384,2.0,3.0,2.3333333333333335
Telangana,2024,11,EXTORTION,2,-0.5000000000000004,0.8660254037844384,2.0,2.0,2.0
Telangana,2024,11,FIREARM OFFENSE,2,-0.5000000000000004,0.8660254037844384,3.0,3.0,3.0
Telangana,2024,11,FRAUD,2,-0.5000000000000004,0.8660254037844384,3.0,3.0,3.0
Telangana,2024,11,HOMICIDE,2,-0.5000000000000004,0.8660254037844384,2.0,3.0,2.6666666666666665
Telangana,2024,11,IDENTITY THEFT,3,-0.5000000000000004,0.8660254037844384,3.0,3.0,3.0
Telangana,2024,11,ILLEGAL POSSESSION,3,-0.5000000000000004,0.8660254037844384,3.0,3.0,3.0
Telangana,2024,11,KIDNAPPING,2,-0.5000000000000004,0.8660254037844384,2.0,2.0,2.0
Telangana,2024,11,PUBLIC INTOXICATION,2,-0.5000000000000004,0.8660254037844384,2.0,3.0,2.6666666666666665
Telangana,2024,11,ROBBERY,2,-0.5000000000000004,0.8660254037844384,2.0,2.0,2.0
Telangana,2024,11,SEXUAL ASSAULT,2,-0.5000000000000004,0.8660254037844384,2.0,3.0,2.3333333333333335
Telangana,2024,11,SHOPLIFTING,2,-0.5000000000000004,0.8660254037844384,2.0,2.0,2.0
Telangana,2024,11,TRAFFIC VIOLATION,3,-0.5000000000000004,0.8660254037844384,3.0,3.0,3.0
Telangana,2024,11,VANDALISM,2,-0.5000000000000004,0.8660254037844384,2.0,3.0,2.3333333333333335
Telangana,2024,11,VEHICLE - STOLEN,2,-0.5000000000000004,0.8660254037844384,3.0,3.0,3.0
Uttar Pradesh,2024,11,ARSON,4,-0.5000000000000004,0.8660254037844384,4.0,4.0,4.0
Uttar Pradesh,2024,11,ASSAULT,4,-0.5000000000000004,0.8660254037844384,4.0,4.0,4.0
Uttar Pradesh,2024,11,BURGLARY,4,-0.5000000000000004,0.8660254037844384,4.0,4.0,4.0
Uttar Pradesh,2024,11,COUNTERFEITING,4,-0.5000000000000004,0.8660254037844384,4.0,4.0,4.0
Uttar Pradesh,2024,11,CYBERCRIME,4,-0.5000000000000004,0.8660254037844384,4.0,4.0,4.0
Uttar Pradesh,2024,11,DOMESTIC VIOLENCE,4,-0.5000000000000004,0.8660254037844384,4.0,4.0,4.0
Uttar Pradesh,2024,11,DRUG OFFENSE,4,-0.5000000000000004,0.8660254037844384,4.0,4.0,4.0
Uttar Pradesh,2024,11,EXTORTION,4,-0.5000000000000004,0.8660254037844384,4.0,4.0,4.0
Uttar Pradesh,2024,11,FIREARM OFFENSE,4,-0.5000000000000004,0.8660254037844384,4.0,4.0,4.0
Uttar Pradesh,2024,11,FRAUD,4,-0.5000000000000004,0.8660254037844384,4.0,4.0,4.0
Uttar Pradesh,2024,11,HOMICIDE,4,-0.5000000000000004,0.8660254037844384,4.0,4.0,4.0
Uttar Pradesh,2024,11,IDENTITY THEFT,4,-0.5000000000000004,0.8660254037844384,4.0,4.0,4.0
Uttar Pradesh,2024,11,ILLEGAL POSSESSION,4,-0.5000000000000004,0.8660254037844384,4.0,4.0,4.0
Uttar Pradesh,2024,11,KIDNAPPING,4,-0.5000000000000004,0.8660254037844384,4.0,4.0,4.0
Uttar Pradesh,2024,11,PUBLIC INTOXICATION,4,-0.5000000000000004,0.8660254037844384,4.0,4.0,4.0
Uttar Pradesh,2024,11,ROBBERY,4,-0.5000000000000004,0.8660254037844384,4.0,4.0,4.0
Uttar Pradesh,2024,11,SEXUAL ASSAULT,4,-0.5000000000000004,0.8660254037844384,4.0,4.0,4.0
Uttar Pradesh,2024,11,SHOPLIFTING,4,-0.5000000000000004,0.8660254037844384,4.0,4.0,4.0
Uttar Pradesh,2024,11,TRAFFIC VIOLATION,4,-0.5000000000000004,0.8660254037844384,4.0,4.0,4.0
Uttar Pradesh,2024,11,VANDALISM,4,-0.5000000000000004,0.8660254037844384,4.0,4.0,4.0
Uttar Pradesh,2024,11,VEHICLE - STOLEN,4,-0.5000000000000004,0.8660254037844384,4.0,4.0,4.0
West Bengal,2024,11,ARSON,3,-0.5000000000000004,0.8660254037844384,3.0,2.0,2.3333333333333335
West Bengal,2024,11,ASSAULT,3,-0.5000000000000004,0.8660254037844384,2.0,3.0,2.3333333333333335
West Bengal,2024,11,BURGLARY,3,-0.5000000000000004,0.8660254037844384,3.0,3.0,3.0
West Bengal,2024,11,COUNTERFEITING,3,-0.5000000000000004,0.8660254037844384,2.0,3.0,2.3333333333333335
West Bengal,2024,11,CYBERCRIME,3,-0.5000000000000004,0.8660254037844384,2.0,2.0,2.3333333333333335
West Bengal,2024,11,DOMESTIC VIOLENCE,2,-0.5000000000000004,0.8660254037844384,3.0,3.0,3.0
West Bengal,2024,11,DRUG OFFENSE,2,-0.5000000000000004,0.8660254037844384,2.0,2.0,2.0
West Bengal,2024,11,EXTORTION,2,-0.5000000000000004,0.8660254037844384,2.0,2.0,2.0
West Bengal,2024,11,FIREARM OFFENSE,2,-0.5000000000000004,0.8660254037844384,2.0,2.0,2.0
West Bengal,2024,11,FRAUD,3,-0.5000000000000004,0.8660254037844384,2.0,2.0,2.3333333333333335
West Bengal,2024,11,HOMICIDE,2,-0.5000000000000004,0.8660254037844384,2.0,2.0,2.0
West Bengal,2024,11,IDENTITY THEFT,2,-0.5000000000000004,0.8660254037844384,2.0,2.0,2.0
West Bengal,2024,11,ILLEGAL POSSESSION,2,-0.5000000000000004,0.8660254037844384,3.0,3.0,3.0
West Bengal,2024,11,KIDNAPPING,3,-0.5000000000000004,0.8660254037844384,3.0,3.0,2.6666666666666665
West Bengal,2024,11,PUBLIC INTOXICATION,2,-0.5000000000000004,0.8660254037844384,2.0,3.0,2.6666666666666665
West Bengal,2024,11,ROBBERY,2,-0.5000000000000004,0.8660254037844384,2.0,2.0,2.0
West Bengal,2024,11,SEXUAL ASSAULT,2,-0.5000000000000004,0.8660254037844384,2.0,2.0,2.0
West Bengal,2024,11,SHOPLIFTING,2,-0.5000000000000004,0.8660254037844384,2.0,2.0,2.0
West Bengal,2024,11,TRAFFIC VIOLATION,3,-0.5000000000000004,0.8660254037844384,3.0,3.0,3.0
West Bengal,2024,11,VANDALISM,2,-0.5000000000000004,0.8660254037844384,2.0,2.0,2.0
West Bengal,2024,11,VEHICLE - STOLEN,2,-0.5000000000000004,0.8660254037844384,2.0,2.0,2.0
Andhra Pradesh,2024,12,ARSON,1,-2.4492935982947064e-16,1.0,1.0,1.0,1.0
Andhra Pradesh,2024,12,ASSAULT,1,-2.4492935982947064e-16,1.0,1.0,1.0,1.0
Andhra Pradesh,2024,12,BURGLARY,1,-2.4492935982947064e-16,1.0,1.0,1.0,1.0
Andhra Pradesh,2024,12,COUNTERFEITING,1,-2.4492935982947064e-16,1.0,1.0,1.0,1.0
Andhra Pradesh,2024,12,CYBERCRIME,1,-2.4492935982947064e-16,1.0,1.0,1.0,1.0
Andhra Pradesh,2024,12,DOMESTIC VIOLENCE,1,-2.4492935982947064e-16,1.0,1.0,1.0,1.0
Andhra Pradesh,2024,12,DRUG OFFENSE,1,-2.4492935982947064e-16,1.0,1.0,1.0,1.0
Andhra Pradesh,2024,12,EXTORTION,1,-2.4492935982947064e-16,1.0,1.0,1.0,1.0
Andhra Pradesh,2024,12,FIREARM OFFENSE,1,-2.4492935982947064e-16,1.0,1.0,1.0,1.0
Andhra Pradesh,2024,12,FRAUD,1,-2.4492935982947064e-16,1.0,1.0,1.0,1.0
Andhra Pradesh,2024,12,HOMICIDE,1,-2.4492935982947064e-16,1.0,1.0,1.0,1.0
Andhra Pradesh,2024,12,IDENTITY THEFT,1,-2.4492935982947064e-16,1.0,1.0,1.0,1.0
Andhra Pradesh,2024,12,ILLEGAL POSSESSION,1,-2.4492935982947064e-16,1.0,1.0,1.0,1.0
Andhra Pradesh,2024,12,KIDNAPPING,1,-2.4492935982947064e-16,1.0,1.0,1.0,1.0
Andhra Pradesh,2024,12,PUBLIC INTOXICATION,1,-2.4492935982947064e-16,1.0,1.0,1.0,1.0
Andhra Pradesh,2024,12,ROBBERY,1,-2.4492935982947064e-16,1.0,1.0,1.0,1.0
Andhra Pradesh,2024,12,SEXUAL ASSAULT,1,-2.4492935982947064e-16,1.0,1.0,1.0,1.0
Andhra Pradesh,2024,12,SHOPLIFTING,1,-2.4492935982947064e-16,1.0,1.0,1.0,1.0
Andhra Pradesh,2024,12,TRAFFIC VIOLATION,1,-2.4492935982947064e-16,1.0,1.0,1.0,1.0
Andhra Pradesh,2024,12,VANDALISM,1,-2.4492935982947064e-16,1.0,1.0,1.0,1.0
Andhra Pradesh,2024,12,VEHICLE - STOLEN,1,-2.4492935982947064e-16,1.0,1.0,1.0,1.0
Bihar,2024,12,ARSON,1,-2.4492935982947064e-16,1.0,1.0,1.0,1.0
Bihar,2024,12,ASSAULT,1,-2.4492935982947064e-16,1.0,1.0,1.0,1.0
Bihar,2024,12,BURGLARY,1,-2.4492935982947064e-16,1.0,1.0,1.0,1.0
Bihar,2024,12,COUNTERFEITING,1,-2.4492935982947064e-16,1.0,1.0,1.0,1.0
Bihar,2024,12,CYBERCRIME,1,-2.4492935982947064e-16,1.0,1.0,1.0,1.0
Bihar,2024,12,DOMESTIC VIOLENCE,1,-2.4492935982947064e-16,1.0,1.0,1.0,1.0
Bihar,2024,12,DRUG OFFENSE,1,-2.4492935982947064e-16,1.0,1.0,1.0,1.0
Bihar,2024,12,EXTORTION,1,-2.4492935982947064e-16,1.0,1.0,1.0,1.0
Bihar,2024,12,FIREARM OFFENSE,1,-2.4492935982947064e-16,1.0,1.0,1.0,1.0
Bihar,2024,12,FRAUD,1,-2.4492935982947064e-16,1.0,1.0,1.0,1.0
Bihar,2024,12,HOMICIDE,1,-2.4492935982947064e-16,1.0,1.0,1.0,1.0
Bihar,2024,12,IDENTITY THEFT,1,-2.4492935982947064e-16,1.0,1.0,1.0,1.0
Bihar,2024,12,ILLEGAL POSSESSION,1,-2.4492935982947064e-16,1.0,1.0,1.0,1.0
Bihar,2024,12,KIDNAPPING,1,-2.4492935982947064e-16,1.0,1.0,1.0,1.0
Bihar,2024,12,PUBLIC INTOXICATION,1,-2.4492935982947064e-16,1.0,1.0,1.0,1.0
Bihar,2024,12,ROBBERY,1,-2.4492935982947064e-16,1.0,1.0,1.0,1.0
Bihar,2024,12,SEXUAL ASSAULT,1,-2.4492935982947064e-16,1.0,1.0,1.0,1.0
Bihar,2024,12,SHOPLIFTING,1,-2.4492935982947064e-16,1.0,1.0,1.0,1.0
Bihar,2024,12,TRAFFIC VIOLATION,1,-2.4492935982947064e-16,1.0,1.0,1.0,1.0
Bihar,2024,12,VANDALISM,1,-2.4492935982947064e-16,1.0,1.0,1.0,1.0
Bihar,2024,12,VEHICLE - STOLEN,1,-2.4492935982947064e-16,1.0,1.0,1.0,1.0
Delhi,2024,12,ARSON,4,-2.4492935982947064e-16,1.0,4.0,4.0,4.0
Delhi,2024,12,ASSAULT,4,-2.4492935982947064e-16,1.0,4.0,4.0,4.0
Delhi,2024,12,BURGLARY,4,-2.4492935982947064e-16,1.0,4.0,4.0,4.0
Delhi,2024,12,COUNTERFEITING,4,-2.4492935982947064e-16,1.0,4.0,4.0,4.0
Delhi,2024,12,CYBERCRIME,4,-2.4492935982947064e-16,1.0,4.0,4.0,4.0
Delhi,2024,12,DOMESTIC VIOLENCE,4,-2.4492935982947064e-16,1.0,4.0,4.0,4.0
Delhi,2024,12,DRUG OFFENSE,4,-2.4492935982947064e-16,1.0,4.0,4.0,4.0
Delhi,2024,12,EXTORTION,4,-2.4492935982947064e-16,1.0,4.0,4.0,4.0
Delhi,2024,12,FIREARM OFFENSE,4,-2.4492935982947064e-16,1.0,4.0,4.0,4.0
Delhi,2024,12,FRAUD,4,-2.4492935982947064e-16,1.0,4.0,4.0,4.0
Delhi,2024,12,HOMICIDE,4,-2.4492935982947064e-16,1.0,4.0,4.0,4.0
Delhi,2024,12,IDENTITY THEFT,4,-2.4492935982947064e-16,1.0,4.0,4.0,4.0
Delhi,2024,12,ILLEGAL POSSESSION,4,-2.4492935982947064e-16,1.0,4.0,4.0,4.0
Delhi,2024,12,KIDNAPPING,4,-2.4492935982947064e-16,1.0,4.0,4.0,4.0
Delhi,2024,12,PUBLIC INTOXICATION,4,-2.4492935982947064e-16,1.0,4.0,4.0,4.0
Delhi,2024,12,ROBBERY,4,-2.4492935982947064e-16,1.0,4.0,4.0,4.0
Delhi,2024,12,SEXUAL ASSAULT,4,-2.4492935982947064e-16,1.0,4.0,4.0,4.0
Delhi,2024,12,SHOPLIFTING,4,-2.4492935982947064e-16,1.0,4.0,4.0,4.0
Delhi,2024,12,TRAFFIC VIOLATION,4,-2.4492935982947064e-16,1.0,4.0,4.0,4.0
Delhi,2024,12,VANDALISM,4,-2.4492935982947064e-16,1.0,4.0,4.0,4.0
Delhi,2024,12,VEHICLE - STOLEN,4,-2.4492935982947064e-16,1.0,4.0,4.0,4.0
Gujarat,2024,12,ARSON,3,-2.4492935982947064e-16,1.0,3.0,3.0,3.0
Gujarat,2024,12,ASSAULT,3,-2.4492935982947064e-16,1.0,3.0,3.0,3.0
Gujarat,2024,12,BURGLARY,3,-2.4492935982947064e-16,1.0,3.0,3.0,3.0
Gujarat,2024,12,COUNTERFEITING,3,-2.4492935982947064e-16,1.0,3.0,3.0,3.0
Gujarat,2024,12,CYBERCRIME,3,-2.4492935982947064e-16,1.0,3.0,3.0,3.0
Gujarat,2024,12,DOMESTIC VIOLENCE,3,-2.4492935982947064e-16,1.0,3.0,3.0,3.0
Gujarat,2024,12,DRUG OFFENSE,3,-2.4492935982947064e-16,1.0,3.0,3.0,3.0
Gujarat,2024,12,EXTORTION,3,-2.4492935982947064e-16,1.0,3.0,3.0,3.0
Gujarat,2024,12,FIREARM OFFENSE,3,-2.4492935982947064e-16,1.0,3.0,3.0,3.0
Gujarat,2024,12,FRAUD,3,-2.4492935982947064e-16,1.0,3.0,3.0,3.0
Gujarat,2024,12,HOMICIDE,3,-2.4492935982947064e-16,1.0,3.0,3.0,3.0
Gujarat,2024,12,IDENTITY THEFT,3,-2.4492935982947064e-16,1.0,3.0,3.0,3.0
Gujarat,2024,12,ILLEGAL POSSESSION,3,-2.4492935982947064e-16,1.0,3.0,3.0,3.0
Gujarat,2024,12,KIDNAPPING,3,-2.4492935982947064e-16,1.0,3.0,3.0,3.0
Gujarat,2024,12,PUBLIC INTOXICATION,3,-2.4492935982947064e-16,1.0,3.0,3.0,3.0
Gujarat,2024,12,ROBBERY,3,-2.4492935982947064e-16,1.0,3.0,3.0,3.0
Gujarat,2024,12,SEXUAL ASSAULT,3,-2.4492935982947064e-16,1.0,3.0,3.0,3.0
Gujarat,2024,12,SHOPLIFTING,3,-2.4492935982947064e-16,1.0,3.0,3.0,3.0
Gujarat,2024,12,TRAFFIC VIOLATION,3,-2.4492935982947064e-16,1.0,3.0,3.0,3.0
Gujarat,2024,12,VANDALISM,3,-2.4492935982947064e-16,1.0,3.0,3.0,3.0
Gujarat,2024,12,VEHICLE - STOLEN,3,-2.4492935982947064e-16,1.0,3.0,2.0,2.6666666666666665
Haryana,2024,12,ARSON,1,-2.4492935982947064e-16,1.0,1.0,1.0,1.0
Haryana,2024,12,ASSAULT,1,-2.4492935982947064e-16,1.0,1.0,1.0,1.0
Haryana,2024,12,BURGLARY,1,-2.4492935982947064e-16,1.0,1.0,1.0,1.0
Haryana,2024,12,COUNTERFEITING,1,-2.4492935982947064e-16,1.0,1.0,1.0,1.0
Haryana,2024,12,CYBERCRIME,1,-2.4492935982947064e-16,1.0,1.0,1.0,1.0
Haryana,2024,12,DOMESTIC VIOLENCE,1,-2.4492935982947064e-16,1.0,1.0,1.0,1.0
Haryana,2024,12,DRUG OFFENSE,1,-2.4492935982947064e-16,1.0,1.0,1.0,1.0
Haryana,2024,12,EXTORTION,1,-2.4492935982947064e-16,1.0,1.0,1.0,1.0
Haryana,2024,12,FIREARM OFFENSE,1,-2.4492935982947064e-16,1.0,1.0,1.0,1.0
Haryana,2024,12,FRAUD,1,-2.4492935982947064e-16,1.0,1.0,1.0,1.0
Haryana,2024,12,HOMICIDE,1,-2.4492935982947064e-16,1.0,1.0,1.0,1.0
Haryana,2024,12,IDENTITY THEFT,1,-2.4492935982947064e-16,1.0,1.0,1.0,1.0
Haryana,2024,12,ILLEGAL POSSESSION,1,-2.4492935982947064e-16,1.0,1.0,1.0,1.0
Haryana,2024,12,KIDNAPPING,1,-2.4492935982947064e-16,1.0,1.0,1.0,1.0
Haryana,2024,12,PUBLIC INTOXICATION,1,-2.4492935982947064e-16,1.0,1.0,1.0,1.0
Haryana,2024,12,ROBBERY,1,-2.4492935982947064e-16,1.0,1.0,1.0,1.0
Haryana,2024,12,SEXUAL ASSAULT,1,-2.4492935982947064e-16,1.0,1.0,1.0,1.0
Haryana,2024,12,SHOPLIFTING,1,-2.4492935982947064e-16,1.0,1.0,1.0,1.0
Haryana,2024,12,TRAFFIC VIOLATION,1,-2.4492935982947064e-16,1.0,1.0,1.0,1.0
Haryana,2024,12,VANDALISM,1,-2.4492935982947064e-16,1.0,1.0,1.0,1.0
Haryana,2024,12,VEHICLE - STOLEN,1,-2.4492935982947064e-16,1.0,1.0,1.0,1.0
Jammu and Kashmir,2024,12,ARSON,1,-2.4492935982947064e-16,1.0,1.0,1.0,1.0
Jammu and Kashmir,2024,12,ASSAULT,1,-2.4492935982947064e-16,1.0,1.0,1.0,1.0
Jammu and Kashmir,2024,12,BURGLARY,1,-2.4492935982947064e-16,1.0,1.0,1.0,1.0
Jammu and Kashmir,2024,12,COUNTERFEITING,1,-2.4492935982947064e-16,1.0,1.0,1.0,1.0
Jammu and Kashmir,2024,12,CYBERCRIME,1,-2.4492935982947064e-16,1.0,1.0,1.0,1.0
Jammu and Kashmir,2024,12,DOMESTIC VIOLENCE,1,-2.4492935982947064e-16,1.0,1.0,1.0,1.0
Jammu and Kashmir,2024,12,DRUG OFFENSE,1,-2.4492935982947064e-16,1.0,1.0,1.0,1.0
Jammu and Kashmir,2024,12,EXTORTION,1,-2.4492935982947064e-16,1.0,1.0,1.0,1.0
Jammu and Kashmir,2024,12,FIREARM OFFENSE,1,-2.4492935982947064e-16,1.0,1.0,1.0,1.0
Jammu and Kashmir,2024,12,FRAUD,1,-2.4492935982947064e-16,1.0,1.0,1.0,1.0
Jammu and Kashmir,2024,12,HOMICIDE,1,-2.4492935982947064e-16,1.0,1.0,1.0,1.0
Jammu and Kashmir,2024,12,IDENTITY THEFT,1,-2.4492935982947064e-16,1.0,1.0,1.0,1.0
Jammu and Kashmir,2024,12,ILLEGAL POSSESSION,1,-2.4492935982947064e-16,1.0,1.0,1.0,1.0
Jammu and Kashmir,2024,12,KIDNAPPING,1,-2.4492935982947064e-16,1.0,1.0,1.0,1.0
Jammu and Kashmir,2024,12,PUBLIC INTOXICATION,1,-2.4492935982947064e-16,1.0,1.0,1.0,1.0
Jammu and Kashmir,2024,12,ROBBERY,1,-2.4492935982947064e-16,1.0,1.0,1.0,1.0
Jammu and Kashmir,2024,12,SEXUAL ASSAULT,1,-2.4492935982947064e-16,1.0,1.0,1.0,1.0
Jammu and Kashmir,2024,12,SHOPLIFTING,1,-2.4492935982947064e-16,1.0,1.0,1.0,1.0
Jammu and Kashmir,2024,12,TRAFFIC VIOLATION,1,-2.4492935982947064e-16,1.0,1.0,1.0,1.0
Jammu and Kashmir,2024,12,VANDALISM,1,-2.4492935982947064e-16,1.0,1.0,1.0,1.0
Jammu and Kashmir,2024,12,VEHICLE - STOLEN,1,-2.4492935982947064e-16,1.0,1.0,1.0,1.0
Karnataka,2024,12,ARSON,3,-2.4492935982947064e-16,1.0,3.0,3.0,3.0
Karnataka,2024,12,ASSAULT,3,-2.4492935982947064e-16,1.0,3.0,3.0,3.0
Karnataka,2024,12,BURGLARY,3,-2.4492935982947064e-16,1.0,3.0,3.0,3.0
Karnataka,2024,12,COUNTERFEITING,3,-2.4492935982947064e-16,1.0,3.0,3.0,3.0
Karnataka,2024,12,CYBERCRIME,3,-2.4492935982947064e-16,1.0,3.0,3.0,3.0
Karnataka,2024,12,DOMESTIC VIOLENCE,3,-2.4492935982947064e-16,1.0,3.0,3.0,3.0
Karnataka,2024,12,DRUG OFFENSE,3,-2.4492935982947064e-16,1.0,3.0,3.0,3.0
Karnataka,2024,12,EXTORTION,3,-2.4492935982947064e-16,1.0,3.0,3.0,3.0
Karnataka,2024,12,FIREARM OFFENSE,3,-2.4492935982947064e-16,1.0,3.0,3.0,3.0
Karnataka,2024,12,FRAUD,3,-2.4492935982947064e-16,1.0,3.0,3.0,3.0
Karnataka,2024,12,HOMICIDE,3,-2.4492935982947064e-16,1.0,3.0,3.0,3.0
Karnataka,2024,12,IDENTITY THEFT,3,-2.4492935982947064e-16,1.0,3.0,3.0,3.0
Karnataka,2024,12,ILLEGAL POSSESSION,3,-2.4492935982947064e-16,1.0,3.0,3.0,3.0
Karnataka,2024,12,KIDNAPPING,3,-2.4492935982947064e-16,1.0,3.0,3.0,3.0
Karnataka,2024,12,PUBLIC INTOXICATION,3,-2.4492935982947064e-16,1.0,3.0,3.0,3.0
Karnataka,2024,12,ROBBERY,3,-2.4492935982947064e-16,1.0,3.0,3.0,3.0
Karnataka,2024,12,SEXUAL ASSAULT,3,-2.4492935982947064e-16,1.0,3.0,3.0,3.0
Karnataka,2024,12,SHOPLIFTING,3,-2.4492935982947064e-16,1.0,3.0,3.0,3.0
Karnataka,2024,12,TRAFFIC VIOLATION,3,-2.4492935982947064e-16,1.0,3.0,3.0,3.0
Karnataka,2024,12,VANDALISM,3,-2.4492935982947064e-16,1.0,3.0,3.0,3.0
Karnataka,2024,12,VEHICLE - STOLEN,3,-2.4492935982947064e-16,1.0,3.0,3.0,3.0
Madhya Pradesh,2024,12,ARSON,1,-2.4492935982947064e-16,1.0,1.0,1.0,1.0
Madhya Pradesh,2024,12,ASSAULT,2,-2.4492935982947064e-16,1.0,2.0,2.0,2.0
Madhya Pradesh,2024,12,BURGLARY,1,-2.4492935982947064e-16,1.0,1.0,1.0,1.0
Madhya Pradesh,2024,12,COUNTERFEITING,1,-2.4492935982947064e-16,1.0,1.0,1.0,1.0
Madhya Pradesh,2024,12,CYBERCRIME,1,-2.4492935982947064e-16,1.0,1.0,1.0,1.0
Madhya Pradesh,2024,12,DOMESTIC VIOLENCE,1,-2.4492935982947064e-16,1.0,1.0,1.0,1.0
Madhya Pradesh,2024,12,DRUG OFFENSE,1,-2.4492935982947064e-16,1.0,1.0,1.0,1.0
Madhya Pradesh,2024,12,EXTORTION,1,-2.4492935982947064e-16,1.0,1.0,1.0,1.0
Madhya Pradesh,2024,12,FIREARM OFFENSE,1,-2.4492935982947064e-16,1.0,1.0,1.0,1.0
Madhya Pradesh,2024,12,FRAUD,1,-2.4492935982947064e-16,1.0,1.0,1.0,1.0
Madhya Pradesh,2024,12,HOMICIDE,1,-2.4492935982947064e-16,1.0,1.0,1.0,1.0
Madhya Pradesh,2024,12,IDENTITY THEFT,1,-2.4492935982947064e-16,1.0,1.0,1.0,1.0
Madhya Pradesh,2024,12,ILLEGAL POSSESSION,1,-2.4492935982947064e-16,1.0,1.0,1.0,1.0
Madhya Pradesh,2024,12,KIDNAPPING,1,-2.4492935982947064e-16,1.0,1.0,1.0,1.0
Madhya Pradesh,2024,12,PUBLIC INTOXICATION,1,-2.4492935982947064e-16,1.0,1.0,1.0,1.0
Madhya Pradesh,2024,12,ROBBERY,1,-2.4492935982947064e-16,1.0,1.0,2.0,1.3333333333333333
Madhya Pradesh,2024,12,SEXUAL ASSAULT,1,-2.4492935982947064e-16,1.0,1.0,1.0,1.0
Madhya Pradesh,2024,12,SHOPLIFTING,1,-2.4492935982947064e-16,1.0,1.0,1.0,1.0
Madhya Pradesh,2024,12,TRAFFIC VIOLATION,1,-2.4492935982947064e-16,1.0,1.0,2.0,1.3333333333333333
Madhya Pradesh,2024,12,VANDALISM,1,-2.4492935982947064e-16,1.0,1.0,1.0,1.0
Madhya Pradesh,2024,12,VEHICLE - STOLEN,1,-2.4492935982947064e-16,1.0,1.0,1.0,1.0
Maharashtra,2024,12,ARSON,8,-2.4492935982947064e-16,1.0,8.0,8.0,8.0
Maharashtra,2024,12,ASSAULT,8,-2.4492935982947064e-16,1.0,8.0,8.0,8.0
Maharashtra,2024,12,BURGLARY,8,-2.4492935982947064e-16,1.0,9.0,9.0,9.0
Maharashtra,2024,12,COUNTERFEITING,8,-2.4492935982947064e-16,1.0,8.0,8.0,8.0
Maharashtra,2024,12,CYBERCRIME,8,-2.4492935982947064e-16,1.0,8.0,8.0,8.0
Maharashtra,2024,12,DOMESTIC VIOLENCE,8,-2.4492935982947064e-16,1.0,8.0,8.0,8.0
Maharashtra,2024,12,DRUG OFFENSE,9,-2.4492935982947064e-16,1.0,9.0,9.0,9.0
Maharashtra,2024,12,EXTORTION,8,-2.4492935982947064e-16,1.0,8.0,8.0,8.0
Maharashtra,2024,12,FIREARM OFFENSE,7,-2.4492935982947064e-16,1.0,8.0,7.0,7.333333333333333
Maharashtra,2024,12,FRAUD,8,-2.4492935982947064e-16,1.0,8.0,8.0,8.0
Maharashtra,2024,12,HOMICIDE,8,-2.4492935982947064e-16,1.0,8.0,8.0,8.0
Maharashtra,2024,12,IDENTITY THEFT,8,-2.4492935982947064e-16,1.0,8.0,8.0,8.0
Maharashtra,2024,12,ILLEGAL POSSESSION,8,-2.4492935982947064e-16,1.0,8.0,8.0,8.0
Maharashtra,2024,12,KIDNAPPING,8,-2.4492935982947064e-16,1.0,8.0,8.0,8.0
Maharashtra,2024,12,PUBLIC INTOXICATION,8,-2.4492935982947064e-16,1.0,8.0,8.0,8.0
Maharashtra,2024,12,ROBBERY,8,-2.4492935982947064e-16,1.0,7.0,8.0,7.333333333333333
Maharashtra,2024,12,SEXUAL ASSAULT,8,-2.4492935982947064e-16,1.0,8.0,8.0,8.0
Maharashtra,2024,12,SHOPLIFTING,9,-2.4492935982947064e-16,1.0,8.0,9.0,8.333333333333334
Maharashtra,2024,12,TRAFFIC VIOLATION,8,-2.4492935982947064e-16,1.0,8.0,8.0,8.0
Maharashtra,2024,12,VANDALISM,8,-2.4492935982947064e-16,1.0,8.0,8.0,8.0
Maharashtra,2024,12,VEHICLE - STOLEN,8,-2.4492935982947064e-16,1.0,8.0,8.0,8.0
Punjab,2024,12,ARSON,1,-2.4492935982947064e-16,1.0,1.0,1.0,1.0
Punjab,2024,12,ASSAULT,1,-2.4492935982947064e-16,1.0,1.0,2.0,1.6666666666666667
Punjab,2024,12,BURGLARY,1,-2.4492935982947064e-16,1.0,1.0,1.0,1.0
Punjab,2024,12,COUNTERFEITING,1,-2.4492935982947064e-16,1.0,1.0,1.0,1.0
Punjab,2024,12,CYBERCRIME,1,-2.4492935982947064e-16,1.0,1.0,1.0,1.0
Punjab,2024,12,DOMESTIC VIOLENCE,1,-2.4492935982947064e-16,1.0,1.0,1.0,1.0
Punjab,2024,12,DRUG OFFENSE,1,-2.4492935982947064e-16,1.0,1.0,1.0,1.0
Punjab,2024,12,EXTORTION,1,-2.4492935982947064e-16,1.0,1.0,1.0,1.0
Punjab,2024,12,FIREARM OFFENSE,1,-2.4492935982947064e-16,1.0,1.0,1.0,1.0
Punjab,2024,12,FRAUD,1,-2.4492935982947064e-16,1.0,1.0,1.0,1.0
Punjab,2024,12,HOMICIDE,1,-2.4492935982947064e-16,1.0,1.0,1.0,1.0
Punjab,2024,12,IDENTITY THEFT,1,-2.4492935982947064e-16,1.0,1.0,1.0,1.0
Punjab,2024,12,ILLEGAL POSSESSION,1,-2.4492935982947064e-16,1.0,1.0,1.0,1.0
Punjab,2024,12,KIDNAPPING,1,-2.4492935982947064e-16,1.0,1.0,1.0,1.0
Punjab,2024,12,PUBLIC INTOXICATION,1,-2.4492935982947064e-16,1.0,1.0,1.0,1.0
Punjab,2024,12,ROBBERY,1,-2.4492935982947064e-16,1.0,1.0,2.0,1.3333333333333333
Punjab,2024,12,SEXUAL ASSAULT,1,-2.4492935982947064e-16,1.0,1.0,1.0,1.0
Punjab,2024,12,SHOPLIFTING,1,-2.4492935982947064e-16,1.0,1.0,1.0,1.0
Punjab,2024,12,TRAFFIC VIOLATION,1,-2.4492935982947064e-16,1.0,1.0,1.0,1.0
Punjab,2024,12,VANDALISM,1,-2.4492935982947064e-16,1.0,1.0,1.0,1.0
Punjab,2024,12,VEHICLE - STOLEN,1,-2.4492935982947064e-16,1.0,1.0,1.0,1.0
Rajasthan,2024,12,ARSON,1,-2.4492935982947064e-16,1.0,1.0,1.0,1.0
Rajasthan,2024,12,ASSAULT,1,-2.4492935982947064e-16,1.0,1.0,2.0,1.3333333333333333
Rajasthan,2024,12,BURGLARY,1,-2.4492935982947064e-16,1.0,1.0,1.0,1.0
Rajasthan,2024,12,COUNTERFEITING,1,-2.4492935982947064e-16,1.0,1.0,1.0,1.0
Rajasthan,2024,12,CYBERCRIME,1,-2.4492935982947064e-16,1.0,1.0,1.0,1.0
Rajasthan,2024,12,DOMESTIC VIOLENCE,1,-2.4492935982947064e-16,1.0,1.0,1.0,1.0
Rajasthan,2024,12,DRUG OFFENSE,1,-2.4492935982947064e-16,1.0,1.0,1.0,1.0
Rajasthan,2024,12,EXTORTION,1,-2.4492935982947064e-16,1.0,1.0,1.0,1.0
Rajasthan,2024,12,FIREARM OFFENSE,1,-2.4492935982947064e-16,1.0,1.0,1.0,1.0
Rajasthan,2024,12,FRAUD,1,-2.4492935982947064e-16,1.0,1.0,1.0,1.0
Rajasthan,2024,12,HOMICIDE,1,-2.4492935982947064e-16,1.0,1.0,1.0,1.0
Rajasthan,2024,12,IDENTITY THEFT,1,-2.4492935982947064e-16,1.0,1.0,1.0,1.0
Rajasthan,2024,12,ILLEGAL POSSESSION,1,-2.4492935982947064e-16,1.0,1.0,1.0,1.0
Rajasthan,2024,12,KIDNAPPING,1,-2.4492935982947064e-16,1.0,1.0,1.0,1.0
Rajasthan,2024,12,PUBLIC INTOXICATION,1,-2.4492935982947064e-16,1.0,1.0,1.0,1.0
Rajasthan,2024,12,ROBBERY,1,-2.4492935982947064e-16,1.0,1.0,2.0,1.3333333333333333
Rajasthan,2024,12,SEXUAL ASSAULT,1,-2.4492935982947064e-16,1.0,1.0,1.0,1.0
Rajasthan,2024,12,SHOPLIFTING,1,-2.4492935982947064e-16,1.0,1.0,1.0,1.0
Rajasthan,2024,12,TRAFFIC VIOLATION,1,-2.4492935982947064e-16,1.0,2.0,2.0,2.0
Rajasthan,2024,12,VANDALISM,1,-2.4492935982947064e-16,1.0,1.0,1.0,1.0
Rajasthan,2024,12,VEHICLE - STOLEN,1,-2.4492935982947064e-16,1.0,1.0,1.0,1.0
Tamil Nadu,2024,12,ARSON,2,-2.4492935982947064e-16,1.0,2.0,2.0,2.0
Tamil Nadu,2024,12,ASSAULT,2,-2.4492935982947064e-16,1.0,2.0,2.0,2.0
Tamil Nadu,2024,12,BURGLARY,2,-2.4492935982947064e-16,1.0,2.0,3.0,2.3333333333333335
Tamil Nadu,2024,12,COUNTERFEITING,2,-2.4492935982947064e-16,1.0,2.0,2.0,2.0
Tamil Nadu,2024,12,CYBERCRIME,2,-2.4492935982947064e-16,1.0,2.0,2.0,2.0
Tamil Nadu,2024,12,DOMESTIC VIOLENCE,2,-2.4492935982947064e-16,1.0,2.0,2.0,2.0
Tamil Nadu,2024,12,DRUG OFFENSE,2,-2.4492935982947064e-16,1.0,2.0,2.0,2.0
Tamil Nadu,2024,12,EXTORTION,2,-2.4492935982947064e-16,1.0,2.0,2.0,2.0
Tamil Nadu,2024,12,FIREARM OFFENSE,2,-2.4492935982947064e-16,1.0,2.0,2.0,2.0
Tamil Nadu,2024,12,FRAUD,2,-2.4492935982947064e-16,1.0,2.0,2.0,2.0
Tamil Nadu,2024,12,HOMICIDE,2,-2.4492935982947064e-16,1.0,2.0,2.0,2.0
Tamil Nadu,2024,12,IDENTITY THEFT,2,-2.4492935982947064e-16,1.0,2.0,2.0,2.0
Tamil Nadu,2024,12,ILLEGAL POSSESSION,2,-2.4492935982947064e-16,1.0,2.0,2.0,2.0
Tamil Nadu,2024,12,KIDNAPPING,2,-2.4492935982947064e-16,1.0,2.0,2.0,2.0
Tamil Nadu,2024,12,PUBLIC INTOXICATION,2,-2.4492935982947064e-16,1.0,2.0,2.0,2.0
Tamil Nadu,2024,12,ROBBERY,2,-2.4492935982947064e-16,1.0,2.0,2.0,2.0
Tamil Nadu,2024,12,SEXUAL ASSAULT,2,-2.4492935982947064e-16,1.0,2.0,2.0,2.0
Tamil Nadu,2024,12,SHOPLIFTING,2,-2.4492935982947064e-16,1.0,2.0,2.0,2.0
Tamil Nadu,2024,12,TRAFFIC VIOLATION,2,-2.4492935982947064e-16,1.0,2.0,2.0,2.0
Tamil Nadu,2024,12,VANDALISM,2,-2.4492935982947064e-16,1.0,2.0,2.0,2.0
Tamil Nadu,2024,12,VEHICLE - STOLEN,2,-2.4492935982947064e-16,1.0,2.0,2.0,2.0
Telangana,2024,12,ARSON,3,-2.4492935982947064e-16,1.0,3.0,3.0,3.0
Telangana,2024,12,ASSAULT,2,-2.4492935982947064e-16,1.0,2.0,2.0,2.0
Telangana,2024,12,BURGLARY,2,-2.4492935982947064e-16,1.0,3.0,3.0,3.0
Telangana,2024,12,COUNTERFEITING,3,-2.4492935982947064e-16,1.0,2.0,3.0,2.6666666666666665
Telangana,2024,12,CYBERCRIME,2,-2.4492935982947064e-16,1.0,2.0,2.0,2.0
Telangana,2024,12,DOMESTIC VIOLENCE,3,-2.4492935982947064e-16,1.0,3.0,3.0,3.0
Telangana,2024,12,DRUG OFFENSE,2,-2.4492935982947064e-16,1.0,2.0,2.0,2.0
Telangana,2024,12,EXTORTION,2,-2.4492935982947064e-16,1.0,2.0,2.0,2.0
Telangana,2024,12,FIREARM OFFENSE,3,-2.4492935982947064e-16,1.0,2.0,3.0,2.6666666666666665
Telangana,2024,12,FRAUD,3,-2.4492935982947064e-16,1.0,2.0,3.0,2.6666666666666665
Telangana,2024,12,HOMICIDE,2,-2.4492935982947064e-16,1.0,2.0,3.0,2.3333333333333335
Telangana,2024,12,IDENTITY THEFT,3,-2.4492935982947064e-16,1.0,3.0,3.0,3.0
Telangana,2024,12,ILLEGAL POSSESSION,3,-2.4492935982947064e-16,1.0,3.0,3.0,3.0
Telangana,2024,12,KIDNAPPING,2,-2.4492935982947064e-16,1.0,2.0,2.0,2.0
Telangana,2024,12,PUBLIC INTOXICATION,2,-2.4492935982947064e-16,1.0,2.0,3.0,2.3333333333333335
Telangana,2024,12,ROBBERY,2,-2.4492935982947064e-16,1.0,2.0,2.0,2.0
Telangana,2024,12,SEXUAL ASSAULT,2,-2.4492935982947064e-16,1.0,2.0,2.0,2.0
Telangana,2024,12,SHOPLIFTING,2,-2.4492935982947064e-16,1.0,2.0,2.0,2.0
Telangana,2024,12,TRAFFIC VIOLATION,2,-2.4492935982947064e-16,1.0,3.0,3.0,3.0
Telangana,2024,12,VANDALISM,2,-2.4492935982947064e-16,1.0,2.0,2.0,2.0
Telangana,2024,12,VEHICLE - STOLEN,3,-2.4492935982947064e-16,1.0,2.0,3.0,2.6666666666666665
Uttar Pradesh,2024,12,ARSON,4,-2.4492935982947064e-16,1.0,4.0,4.0,4.0
Uttar Pradesh,2024,12,ASSAULT,4,-2.4492935982947064e-16,1.0,4.0,4.0,4.0
Uttar Pradesh,2024,12,BURGLARY,4,-2.4492935982947064e-16,1.0,4.0,4.0,4.0
Uttar Pradesh,2024,12,COUNTERFEITING,4,-2.4492935982947064e-16,1.0,4.0,4.0,4.0
Uttar Pradesh,2024,12,CYBERCRIME,4,-2.4492935982947064e-16,1.0,4.0,4.0,4.0
Uttar Pradesh,2024,12,DOMESTIC VIOLENCE,4,-2.4492935982947064e-16,1.0,4.0,4.0,4.0
Uttar Pradesh,2024,12,DRUG OFFENSE,4,-2.4492935982947064e-16,1.0,4.0,4.0,4.0
Uttar Pradesh,2024,12,EXTORTION,4,-2.4492935982947064e-16,1.0,4.0,4.0,4.0
Uttar Pradesh,2024,12,FIREARM OFFENSE,4,-2.4492935982947064e-16,1.0,4.0,4.0,4.0
Uttar Pradesh,2024,12,FRAUD,4,-2.4492935982947064e-16,1.0,4.0,4.0,4.0
Uttar Pradesh,2024,12,HOMICIDE,4,-2.4492935982947064e-16,1.0,4.0,4.0,4.0
Uttar Pradesh,2024,12,IDENTITY THEFT,4,-2.4492935982947064e-16,1.0,4.0,4.0,4.0
Uttar Pradesh,2024,12,ILLEGAL POSSESSION,4,-2.4492935982947064e-16,1.0,4.0,4.0,4.0
Uttar Pradesh,2024,12,KIDNAPPING,4,-2.4492935982947064e-16,1.0,4.0,4.0,4.0
Uttar Pradesh,2024,12,PUBLIC INTOXICATION,4,-2.4492935982947064e-16,1.0,4.0,4.0,4.0
Uttar Pradesh,2024,12,ROBBERY,4,-2.4492935982947064e-16,1.0,4.0,4.0,4.0
Uttar Pradesh,2024,12,SEXUAL ASSAULT,4,-2.4492935982947064e-16,1.0,4.0,4.0,4.0
Uttar Pradesh,2024,12,SHOPLIFTING,4,-2.4492935982947064e-16,1.0,4.0,4.0,4.0
Uttar Pradesh,2024,12,TRAFFIC VIOLATION,4,-2.4492935982947064e-16,1.0,4.0,4.0,4.0
Uttar Pradesh,2024,12,VANDALISM,4,-2.4492935982947064e-16,1.0,4.0,4.0,4.0
Uttar Pradesh,2024,12,VEHICLE - STOLEN,4,-2.4492935982947064e-16,1.0,4.0,4.0,4.0
West Bengal,2024,12,ARSON,2,-2.4492935982947064e-16,1.0,3.0,2.0,2.6666666666666665
West Bengal,2024,12,ASSAULT,3,-2.4492935982947064e-16,1.0,3.0,2.0,2.3333333333333335
West Bengal,2024,12,BURGLARY,3,-2.4492935982947064e-16,1.0,3.0,3.0,3.0
West Bengal,2024,12,COUNTERFEITING,3,-2.4492935982947064e-16,1.0,3.0,2.0,2.3333333333333335
West Bengal,2024,12,CYBERCRIME,3,-2.4492935982947064e-16,1.0,3.0,3.0,2.6666666666666665
West Bengal,2024,12,DOMESTIC VIOLENCE,2,-2.4492935982947064e-16,1.0,2.0,3.0,2.6666666666666665
West Bengal,2024,12,DRUG OFFENSE,2,-2.4492935982947064e-16,1.0,2.0,2.0,2.0
West Bengal,2024,12,EXTORTION,2,-2.4492935982947064e-16,1.0,2.0,2.0,2.0
West Bengal,2024,12,FIREARM OFFENSE,2,-2.4492935982947064e-16,1.0,2.0,2.0,2.0
West Bengal,2024,12,FRAUD,2,-2.4492935982947064e-16,1.0,3.0,3.0,2.6666666666666665
West Bengal,2024,12,HOMICIDE,2,-2.4492935982947064e-16,1.0,2.0,2.0,2.0
West Bengal,2024,12,IDENTITY THEFT,2,-2.4492935982947064e-16,1.0,2.0,2.0,2.0
West Bengal,2024,12,ILLEGAL POSSESSION,3,-2.4492935982947064e-16,1.0,2.0,3.0,2.6666666666666665
West Bengal,2024,12,KIDNAPPING,3,-2.4492935982947064e-16,1.0,3.0,2.0,2.6666666666666665
West Bengal,2024,12,PUBLIC INTOXICATION,2,-2.4492935982947064e-16,1.0,2.0,3.0,2.3333333333333335
West Bengal,2024,12,ROBBERY,2,-2.4492935982947064e-16,1.0,2.0,2.0,2.0
West Bengal,2024,12,SEXUAL ASSAULT,2,-2.4492935982947064e-16,1.0,2.0,2.0,2.0
West Bengal,2024,12,SHOPLIFTING,2,-2.4492935982947064e-16,1.0,2.0,2.0,2.0
West Bengal,2024,12,TRAFFIC VIOLATION,3,-2.4492935982947064e-16,1.0,3.0,3.0,3.0
West Bengal,2024,12,VANDALISM,2,-2.4492935982947064e-16,1.0,2.0,2.0,2.0
West Bengal,2024,12,VEHICLE - STOLEN,2,-2.4492935982947064e-16,1.0,2.0,2.0,2.0
